circ_id,list_order,votes,vote_pct,is_elected,source_page,source_y,party,candidate,party_key,candidate_key,is_list,rank_in_circ,row_id,excerpt
001,1,547,4.0,False,1,136.1,INDEPENDANT,KOTO EHOU SOPIE,INDEPENDANT,KOTO EHOU SOPIE,False,4,1,"[p.1] 001 ABOUDE, ATTOBROU, GUESSIGUIE, GRAND-MORIÉ, LOVIGUIE, ORESS-KROBOU, COMMUNES ET SOUS-PRÉFECTURES, AGBOVILLE SOUS-PRÉFECTURE | INDEPENDANT | KOTO EHOU SOPIE | 547 voix | 4.00%"
001,2,9078,66.35,True,1,155.6,RHDP,KOFFI AKA CHARLES,RHDP,KOFFI AKA CHARLES,False,1,2,"[p.1] 001 ABOUDE, ATTOBROU, GUESSIGUIE, GRAND-MORIÉ, LOVIGUIE, ORESS-KROBOU, COMMUNES ET SOUS-PRÉFECTURES, AGBOVILLE SOUS-PRÉFECTURE | RHDP | KOFFI AKA CHARLES | 9078 voix | 66.35% | ELU(E)"
001,3,58,0.42,False,1,174.9,INDEPENDANT,YEPIE KOUASSI THEODORE,INDEPENDANT,YEPIE KOUASSI THEODORE,False,8,3,"[p.1] 001 ABOUDE, ATTOBROU, GUESSIGUIE, GRAND-MORIÉ, LOVIGUIE, ORESS-KROBOU, COMMUNES ET SOUS-PRÉFECTURES, AGBOVILLE SOUS-PRÉFECTURE | INDEPENDANT | YEPIE KOUASSI THEODORE | 58 voix | 0.42%"
001,4,1991,14.55,False,1,194.2,INDEPENDANT,TCHIMOU GNAMON BERTRAND,INDEPENDANT,TCHIMOU GNAMON BERTRAND,False,2,4,"[p.1] 001 ABOUDE, ATTOBROU, GUESSIGUIE, GRAND-MORIÉ, LOVIGUIE, ORESS-KROBOU, COMMUNES ET SOUS-PRÉFECTURES, AGBOVILLE SOUS-PRÉFECTURE | INDEPENDANT | TCHIMOU GNAMON BERTRAND | 1991 voix | 14.55%"
001,5,674,4.93,False,1,213.6,INDEPENDANT,BOKA BOKA MAURICE,INDEPENDANT,BOKA BOKA MAURICE,False,3,5,"[p.1] 001 ABOUDE, ATTOBROU, GUESSIGUIE, GRAND-MORIÉ, LOVIGUIE, ORESS-KROBOU, COMMUNES ET SOUS-PRÉFECTURES, AGBOVILLE SOUS-PRÉFECTURE | INDEPENDANT | BOKA BOKA MAURICE | 674 voix | 4.93%"
001,6,331,2.42,False,1,232.9,ADCI,EDI DOFFOU PAUL,ADCI,EDI DOFFOU PAUL,False,7,6,"[p.1] 001 ABOUDE, ATTOBROU, GUESSIGUIE, GRAND-MORIÉ, LOVIGUIE, ORESS-KROBOU, COMMUNES ET SOUS-PRÉFECTURES, AGBOVILLE SOUS-PRÉFECTURE | ADCI | EDI DOFFOU PAUL | 331 voix | 2.42%"
001,7,474,3.46,False,1,252.2,FPI,N'GUESSAN KOTCHI REMI,FPI,N GUESSAN KOTCHI REMI,False,5,7,"[p.1] 001 ABOUDE, ATTOBROU, GUESSIGUIE, GRAND-MORIÉ, LOVIGUIE, ORESS-KROBOU, COMMUNES ET SOUS-PRÉFECTURES, AGBOVILLE SOUS-PRÉFECTURE | FPI | N'GUESSAN KOTCHI REMI | 474 voix | 3.46%"
001,8,453,3.31,False,1,271.4,MGC,NANDO YAVO SERGE,MGC,NANDO YAVO SERGE,False,6,8,"[p.1] 001 ABOUDE, ATTOBROU, GUESSIGUIE, GRAND-MORIÉ, LOVIGUIE, ORESS-KROBOU, COMMUNES ET SOUS-PRÉFECTURES, AGBOVILLE SOUS-PRÉFECTURE | MGC | NANDO YAVO SERGE | 453 voix | 3.31%"
002,1,296,2.37,False,1,290.7,ADCI,OCHOU WROHOUM MARIE-PASCALE,ADCI,OCHOU WROHOUM MARIE PASCALE,False,3,9,[p.1] 002 AGBOVILLE COMMUNE | ADCI | OCHOU WROHOUM MARIE-PASCALE | 296 voix | 2.37%
002,2,10675,85.37,True,1,310.2,RHDP,DIMBA N'GOU PIERRE,RHDP,DIMBA N GOU PIERRE,False,1,10,[p.1] 002 AGBOVILLE COMMUNE | RHDP | DIMBA N'GOU PIERRE | 10675 voix | 85.37% | ELU(E)
002,3,20,0.16,False,1,329.5,INDEPENDANT,OCHO KOKOU BERTRAND,INDEPENDANT,OCHO KOKOU BERTRAND,False,6,11,[p.1] 002 AGBOVILLE COMMUNE | INDEPENDANT | OCHO KOKOU BERTRAND | 20 voix | 0.16%
002,4,75,0.6,False,1,348.8,INDEPENDANT,TETCHI EHOUE ANTOINE,INDEPENDANT,TETCHI EHOUE ANTOINE,False,4,12,[p.1] 002 AGBOVILLE COMMUNE | INDEPENDANT | TETCHI EHOUE ANTOINE | 75 voix | 0.60%
002,5,30,0.24,False,1,368.1,INDEPENDANT,N'GOU KOKOLA GRACIASSE,INDEPENDANT,N GOU KOKOLA GRACIASSE,False,5,13,[p.1] 002 AGBOVILLE COMMUNE | INDEPENDANT | N'GOU KOKOLA GRACIASSE | 30 voix | 0.24%
002,6,1327,10.61,False,1,387.3,PDCI-RDA,OHOUNA N'TAKPE NICAISE,PDCIRDA,OHOUNA N TAKPE NICAISE,False,2,14,[p.1] 002 AGBOVILLE COMMUNE | PDCI-RDA | OHOUNA N'TAKPE NICAISE | 1327 voix | 10.61%
003,1,439,8.61,False,1,406.6,INDEPENDANT,KOUAME YAO FREDERIC,INDEPENDANT,KOUAME YAO FREDERIC,False,4,15,[p.1] 003 AZAGUIE COMMUNE ET SOUS-PREFECTURE | INDEPENDANT | KOUAME YAO FREDERIC | 439 voix | 8.61%
003,2,1549,30.37,False,1,426.1,INDEPENDANT,DOUMBIA HAMED CHEICK YVANN,INDEPENDANT,DOUMBIA HAMED CHEICK YVANN,False,2,16,[p.1] 003 AZAGUIE COMMUNE ET SOUS-PREFECTURE | INDEPENDANT | DOUMBIA HAMED CHEICK YVANN | 1549 voix | 30.37%
003,3,863,16.92,False,1,445.4,INDEPENDANT,KPATA APPIA EDI JORES,INDEPENDANT,KPATA APPIA EDI JORES,False,3,17,[p.1] 003 AZAGUIE COMMUNE ET SOUS-PREFECTURE | INDEPENDANT | KPATA APPIA EDI JORES | 863 voix | 16.92%
003,4,38,0.74,False,1,464.8,INDEPENDANT,KIPRE LIPIA MIREILLE,INDEPENDANT,KIPRE LIPIA MIREILLE,False,8,18,[p.1] 003 AZAGUIE COMMUNE ET SOUS-PREFECTURE | INDEPENDANT | KIPRE LIPIA MIREILLE | 38 voix | 0.74%
003,5,96,1.88,False,1,484.1,INDEPENDANT,ADJA OWO GILLES ROGER,INDEPENDANT,ADJA OWO GILLES ROGER,False,7,19,[p.1] 003 AZAGUIE COMMUNE ET SOUS-PREFECTURE | INDEPENDANT | ADJA OWO GILLES ROGER | 96 voix | 1.88%
003,6,1673,32.8,True,1,503.4,RHDP,ALAIN EKISSI,RHDP,ALAIN EKISSI,False,1,20,[p.1] 003 AZAGUIE COMMUNE ET SOUS-PREFECTURE | RHDP | ALAIN EKISSI | 1673 voix | 32.80% | ELU(E)
003,7,256,5.02,False,1,522.7,INDEPENDANT,BAMBA IDRISSA,INDEPENDANT,BAMBA IDRISSA,False,5,21,[p.1] 003 AZAGUIE COMMUNE ET SOUS-PREFECTURE | INDEPENDANT | BAMBA IDRISSA | 256 voix | 5.02%
003,8,163,3.2,False,1,541.9,PDCI-RDA,EKISSI HUBERSON EVARISTHO ALVARIS,PDCIRDA,EKISSI HUBERSON EVARISTHO ALVARIS,False,6,22,[p.1] 003 AZAGUIE COMMUNE ET SOUS-PREFECTURE | PDCI-RDA | EKISSI HUBERSON EVARISTHO ALVARIS | 163 voix | 3.20%
004,1,203,2.74,False,1,561.2,INDEPENDANT,AKOUE BEDE ANSELME,INDEPENDANT,AKOUE BEDE ANSELME,False,6,23,"[p.1] 004 ANANGUIE, CECHI ET RUBINO, COMMUNES ET SOUS-PREFECTURES | INDEPENDANT | AKOUE BEDE ANSELME | 203 voix | 2.74%"
004,2,1668,22.51,False,1,580.7,INDEPENDANT,TCHIMOU OKOMAN EMMANUEL,INDEPENDANT,TCHIMOU OKOMAN EMMANUEL,False,2,24,"[p.1] 004 ANANGUIE, CECHI ET RUBINO, COMMUNES ET SOUS-PREFECTURES | INDEPENDANT | TCHIMOU OKOMAN EMMANUEL | 1668 voix | 22.51%"
004,3,827,11.16,False,1,600.0,INDEPENDANT,OFFO ABOLE SYLVAIN,INDEPENDANT,OFFO ABOLE SYLVAIN,False,4,25,"[p.1] 004 ANANGUIE, CECHI ET RUBINO, COMMUNES ET SOUS-PREFECTURES | INDEPENDANT | OFFO ABOLE SYLVAIN | 827 voix | 11.16%"
004,4,110,1.48,False,1,619.4,INDEPENDANT,N'GOU OKAUGNY YANNICK ANICET,INDEPENDANT,N GOU OKAUGNY YANNICK ANICET,False,9,26,"[p.1] 004 ANANGUIE, CECHI ET RUBINO, COMMUNES ET SOUS-PREFECTURES | INDEPENDANT | N'GOU OKAUGNY YANNICK ANICET | 110 voix | 1.48%"
004,5,2607,35.19,True,1,638.7,RHDP,KOUASSI MARIE VIRGINIE,RHDP,KOUASSI MARIE VIRGINIE,False,1,27,"[p.1] 004 ANANGUIE, CECHI ET RUBINO, COMMUNES ET SOUS-PREFECTURES | RHDP | KOUASSI MARIE VIRGINIE | 2607 voix | 35.19% | ELU(E)"
004,6,355,4.79,False,1,658.0,INDEPENDANT,ATIN ERIC ALAIN,INDEPENDANT,ATIN ERIC ALAIN,False,5,28,"[p.1] 004 ANANGUIE, CECHI ET RUBINO, COMMUNES ET SOUS-PREFECTURES | INDEPENDANT | ATIN ERIC ALAIN | 355 voix | 4.79%"
004,7,197,2.66,False,1,677.3,INDEPENDANT,OFFO BEDIA AKE VINCENT,INDEPENDANT,OFFO BEDIA AKE VINCENT,False,7,29,"[p.1] 004 ANANGUIE, CECHI ET RUBINO, COMMUNES ET SOUS-PREFECTURES | INDEPENDANT | OFFO BEDIA AKE VINCENT | 197 voix | 2.66%"
004,8,65,0.88,False,1,696.6,INDEPENDANT,KOFFI ANGBA GUY RICHARD,INDEPENDANT,KOFFI ANGBA GUY RICHARD,False,10,30,"[p.1] 004 ANANGUIE, CECHI ET RUBINO, COMMUNES ET SOUS-PREFECTURES | INDEPENDANT | KOFFI ANGBA GUY RICHARD | 65 voix | 0.88%"
004,9,117,1.58,False,1,716.0,FPI,ASSEKE BERNARD,FPI,ASSEKE BERNARD,False,8,31,"[p.1] 004 ANANGUIE, CECHI ET RUBINO, COMMUNES ET SOUS-PREFECTURES | FPI | ASSEKE BERNARD | 117 voix | 1.58%"
004,10,1211,16.34,False,1,735.1,PDCI-RDA,N'GUESSAN AKA ARNAUD,PDCIRDA,N GUESSAN AKA ARNAUD,False,3,32,"[p.1] 004 ANANGUIE, CECHI ET RUBINO, COMMUNES ET SOUS-PREFECTURES | PDCI-RDA | N'GUESSAN AKA ARNAUD | 1211 voix | 16.34%"
005,1,1127,10.81,False,2,65.2,INDEPENDANT,BOTTI ADJIRI BERNARD,INDEPENDANT,BOTTI ADJIRI BERNARD,False,5,33,"[p.2] 005 GOMON ET SIKENSI, COMMUNES ET SOUS-PREFECTURES | INDEPENDANT | BOTTI ADJIRI BERNARD | 1127 voix | 10.81%"
005,2,1710,16.41,False,2,84.7,INDEPENDANT,YAO YAO ERIC ARMAND,INDEPENDANT,YAO YAO ERIC ARMAND,False,2,34,"[p.2] 005 GOMON ET SIKENSI, COMMUNES ET SOUS-PREFECTURES | INDEPENDANT | YAO YAO ERIC ARMAND | 1710 voix | 16.41%"
005,3,1417,13.6,False,2,104.0,INDEPENDANT,BIPKO DANIELLE ADAHI,INDEPENDANT,BIPKO DANIELLE ADAHI,False,4,35,"[p.2] 005 GOMON ET SIKENSI, COMMUNES ET SOUS-PREFECTURES | INDEPENDANT | BIPKO DANIELLE ADAHI | 1417 voix | 13.60%"
005,4,580,5.57,False,2,123.3,INDEPENDANT,KOPRO AMANI PIERRE VENCESLAS VINCENT,INDEPENDANT,KOPRO AMANI PIERRE VENCESLAS VINCENT,False,6,36,"[p.2] 005 GOMON ET SIKENSI, COMMUNES ET SOUS-PREFECTURES | INDEPENDANT | KOPRO AMANI PIERRE VENCESLAS VINCENT | 580 voix | 5.57%"
005,5,3574,34.3,True,2,142.6,RHDP,N'GATA BRIE JOSEPH,RHDP,N GATA BRIE JOSEPH,False,1,37,"[p.2] 005 GOMON ET SIKENSI, COMMUNES ET SOUS-PREFECTURES | RHDP | N'GATA BRIE JOSEPH | 3574 voix | 34.30% | ELU(E)"
005,6,157,1.51,False,2,162.0,INDEPENDANT,SAHORE N'GUESSAN PASCAL,INDEPENDANT,SAHORE N GUESSAN PASCAL,False,7,38,"[p.2] 005 GOMON ET SIKENSI, COMMUNES ET SOUS-PREFECTURES | INDEPENDANT | SAHORE N'GUESSAN PASCAL | 157 voix | 1.51%"
005,7,64,0.61,False,2,181.3,INDEPENDANT,ADOU JOSE ANTONIO,INDEPENDANT,ADOU JOSE ANTONIO,False,8,39,"[p.2] 005 GOMON ET SIKENSI, COMMUNES ET SOUS-PREFECTURES | INDEPENDANT | ADOU JOSE ANTONIO | 64 voix | 0.61%"
005,8,32,0.31,False,2,200.6,INDEPENDANT,ADANGBA KASSA-KASSA RAPHAEL,INDEPENDANT,ADANGBA KASSA KASSA RAPHAEL,False,9,40,"[p.2] 005 GOMON ET SIKENSI, COMMUNES ET SOUS-PREFECTURES | INDEPENDANT | ADANGBA KASSA-KASSA RAPHAEL | 32 voix | 0.31%"
005,9,1626,15.6,False,2,219.7,PDCI-RDA,ASSOUMOU BAKA CHARLES,PDCIRDA,ASSOUMOU BAKA CHARLES,False,3,41,"[p.2] 005 GOMON ET SIKENSI, COMMUNES ET SOUS-PREFECTURES | PDCI-RDA | ASSOUMOU BAKA CHARLES | 1626 voix | 15.60%"
006,1,3169,35.46,True,2,239.1,RHDP,KANGBE YAYORO CHARLES LOPEZ,RHDP,KANGBE YAYORO CHARLES LOPEZ,False,1,42,"[p.2] 006 GBOLOUVILLE ET N'DOUCI, COMMUNES ET SOUS-PREFECTURES | RHDP | KANGBE YAYORO CHARLES LOPEZ | 3169 voix | 35.46% | ELU(E)"
006,2,1848,20.68,False,2,258.6,ADCI,CAMARA ISSOUF,ADCI,CAMARA ISSOUF,False,3,43,"[p.2] 006 GBOLOUVILLE ET N'DOUCI, COMMUNES ET SOUS-PREFECTURES | ADCI | CAMARA ISSOUF | 1848 voix | 20.68%"
006,3,88,0.98,False,2,277.9,INDEPENDANT,TANOH AMOI CHRISTIAN,INDEPENDANT,TANOH AMOI CHRISTIAN,False,8,44,"[p.2] 006 GBOLOUVILLE ET N'DOUCI, COMMUNES ET SOUS-PREFECTURES | INDEPENDANT | TANOH AMOI CHRISTIAN | 88 voix | 0.98%"
006,4,282,3.16,False,2,297.2,INDEPENDANT,GOUHAN EKANZA JULES ROLAND MONSIHO,INDEPENDANT,GOUHAN EKANZA JULES ROLAND MONSIHO,False,5,45,"[p.2] 006 GBOLOUVILLE ET N'DOUCI, COMMUNES ET SOUS-PREFECTURES | INDEPENDANT | GOUHAN EKANZA JULES ROLAND MONSIHO | 282 voix | 3.16%"
006,5,868,9.71,False,2,316.5,INDEPENDANT,N'GUESSAN AUGUSTIN KOUAKOU KASSI,INDEPENDANT,N GUESSAN AUGUSTIN KOUAKOU KASSI,False,4,46,"[p.2] 006 GBOLOUVILLE ET N'DOUCI, COMMUNES ET SOUS-PREFECTURES | INDEPENDANT | N'GUESSAN AUGUSTIN KOUAKOU KASSI | 868 voix | 9.71%"
006,6,126,1.41,False,2,335.9,INDEPENDANT,KOUAKOU NGORAN JEROME,INDEPENDANT,KOUAKOU NGORAN JEROME,False,6,47,"[p.2] 006 GBOLOUVILLE ET N'DOUCI, COMMUNES ET SOUS-PREFECTURES | INDEPENDANT | KOUAKOU NGORAN JEROME | 126 voix | 1.41%"
006,7,110,1.23,False,2,355.2,CNPCIN,YAO CHRIST FRANCIS ALAIN GILLES,CNPCIN,YAO CHRIST FRANCIS ALAIN GILLES,False,7,48,"[p.2] 006 GBOLOUVILLE ET N'DOUCI, COMMUNES ET SOUS-PREFECTURES | CNPCIN | YAO CHRIST FRANCIS ALAIN GILLES | 110 voix | 1.23%"
006,8,2375,26.57,False,2,374.3,PDCI-RDA,OBOUMOU GOLE MARCELIN,PDCIRDA,OBOUMOU GOLE MARCELIN,False,2,49,"[p.2] 006 GBOLOUVILLE ET N'DOUCI, COMMUNES ET SOUS-PREFECTURES | PDCI-RDA | OBOUMOU GOLE MARCELIN | 2375 voix | 26.57%"
007,1,7489,45.88,False,2,393.6,ADCI - GP-PAIX - VALEUR,ASSALE TIEMOKO ANTOINE,ADCIGPPAIXVALEUR,ASSALE TIEMOKO ANTOINE,False,2,50,"[p.2] 007 MOROKRO ET TIASSALE, COMMUNES ET SOUS-PREFECTURES | ADCI - GP-PAIX - VALEUR | ASSALE TIEMOKO ANTOINE | 7489 voix | 45.88%"
007,2,8557,52.42,True,2,413.2,RHDP,SANOGO DRAMANE ALPHA,RHDP,SANOGO DRAMANE ALPHA,False,1,51,"[p.2] 007 MOROKRO ET TIASSALE, COMMUNES ET SOUS-PREFECTURES | RHDP | SANOGO DRAMANE ALPHA | 8557 voix | 52.42% | ELU(E)"
007,3,159,0.97,False,2,432.3,PDCI-RDA,MIAN OCTAVI PEROU,PDCIRDA,MIAN OCTAVI PEROU,False,3,52,"[p.2] 007 MOROKRO ET TIASSALE, COMMUNES ET SOUS-PREFECTURES | PDCI-RDA | MIAN OCTAVI PEROU | 159 voix | 0.97%"
008,1,35,0.49,False,2,451.6,GJPA-CI,KOFFI NDRI FERDINAND,GJPACI,KOFFI NDRI FERDINAND,False,8,53,"[p.2] 008 PACOBO ET TAABO, COMMUNES ET SOUS-PREFECTURES | GJPA-CI | KOFFI NDRI FERDINAND | 35 voix | 0.49%"
008,2,881,12.28,False,2,471.1,INDEPENDANT,KOUASSI KOFFI KAN ANICET DIDIER,INDEPENDANT,KOUASSI KOFFI KAN ANICET DIDIER,False,4,54,"[p.2] 008 PACOBO ET TAABO, COMMUNES ET SOUS-PREFECTURES | INDEPENDANT | KOUASSI KOFFI KAN ANICET DIDIER | 881 voix | 12.28%"
008,3,911,12.69,False,2,490.4,INDEPENDANT,BOKA YAO DANIEL,INDEPENDANT,BOKA YAO DANIEL,False,3,55,"[p.2] 008 PACOBO ET TAABO, COMMUNES ET SOUS-PREFECTURES | INDEPENDANT | BOKA YAO DANIEL | 911 voix | 12.69%"
008,4,3912,54.51,True,2,509.8,RHDP,KOUADIO BEUGRE BERNARD,RHDP,KOUADIO BEUGRE BERNARD,False,1,56,"[p.2] 008 PACOBO ET TAABO, COMMUNES ET SOUS-PREFECTURES | RHDP | KOUADIO BEUGRE BERNARD | 3912 voix | 54.51% | ELU(E)"
008,5,81,1.13,False,2,529.1,INDEPENDANT,NAHOUNOU FELICITE VERONIQUE N'GUESSAN,INDEPENDANT,NAHOUNOU FELICITE VERONIQUE N GUESSAN,False,6,57,"[p.2] 008 PACOBO ET TAABO, COMMUNES ET SOUS-PREFECTURES | INDEPENDANT | NAHOUNOU FELICITE VERONIQUE N'GUESSAN | 81 voix | 1.13%"
008,6,59,0.82,False,2,548.4,INDEPENDANT,MBASSIDJE EDDOH CHRISTIAN RICHARD,INDEPENDANT,MBASSIDJE EDDOH CHRISTIAN RICHARD,False,7,58,"[p.2] 008 PACOBO ET TAABO, COMMUNES ET SOUS-PREFECTURES | INDEPENDANT | MBASSIDJE EDDOH CHRISTIAN RICHARD | 59 voix | 0.82%"
008,7,84,1.17,False,2,567.7,INDEPENDANT,EBOU ADJOUA ANGELE,INDEPENDANT,EBOU ADJOUA ANGELE,False,5,59,"[p.2] 008 PACOBO ET TAABO, COMMUNES ET SOUS-PREFECTURES | INDEPENDANT | EBOU ADJOUA ANGELE | 84 voix | 1.17%"
008,8,1150,16.02,False,2,586.9,PDCI-RDA,KOUAME KOFFI RUFIN,PDCIRDA,KOUAME KOFFI RUFIN,False,2,60,"[p.2] 008 PACOBO ET TAABO, COMMUNES ET SOUS-PREFECTURES | PDCI-RDA | KOUAME KOFFI RUFIN | 1150 voix | 16.02%"
009,1,75,0.63,False,3,65.2,INDEPENDANT,DIABATE MAMADOU,INDEPENDANT,DIABATE MAMADOU,False,3,61,"[p.3] 009 BOOKO, BOROTOU, MAHANDOUGOU ET NIOKOSSO, COMMUNES ET SOUS-PREFECTURES | INDEPENDANT | DIABATE MAMADOU | 75 voix | 0.63%"
009,2,408,3.44,False,3,84.7,PDCI-RDA,SOUMAHORO SOULEYMANE,PDCIRDA,SOUMAHORO SOULEYMANE,False,2,62,"[p.3] 009 BOOKO, BOROTOU, MAHANDOUGOU ET NIOKOSSO, COMMUNES ET SOUS-PREFECTURES | PDCI-RDA | SOUMAHORO SOULEYMANE | 408 voix | 3.44%"
009,3,11219,94.6,True,3,103.8,RHDP,DIOMANDE LASSINA,RHDP,DIOMANDE LASSINA,False,1,63,"[p.3] 009 BOOKO, BOROTOU, MAHANDOUGOU ET NIOKOSSO, COMMUNES ET SOUS-PREFECTURES | RHDP | DIOMANDE LASSINA | 11219 voix | 94.60% | ELU(E)"
010,1,2894,44.76,False,3,123.1,INDEPENDANT,BAKAYOKO KARAMOKO,INDEPENDANT,BAKAYOKO KARAMOKO,False,2,64,"[p.3] 010 KORO, COMMUNE ET SOUS-PREFECTURE | INDEPENDANT | BAKAYOKO KARAMOKO | 2894 voix | 44.76%"
010,2,3498,54.1,True,3,142.5,RHDP,SOUMAHORO YOUSSOUF,RHDP,SOUMAHORO YOUSSOUF,False,1,65,"[p.3] 010 KORO, COMMUNE ET SOUS-PREFECTURE | RHDP | SOUMAHORO YOUSSOUF | 3498 voix | 54.10% | ELU(E)"
011,1,68,0.45,False,3,161.8,CNJB-ADO,DIOMANDE AMARA,CNJBADO,DIOMANDE AMARA,False,5,66,"[p.3] 011 GBELO, GOUEKAN, KOONAN, OUANINOU, SABOUDOUGOU ET SANTA, COMMUNES ET SOUS-PREFECTURES | CNJB-ADO | DIOMANDE AMARA | 68 voix | 0.45%"
011,2,2724,17.99,False,3,181.3,INDEPENDANT,BAMBA MORY,INDEPENDANT,BAMBA MORY,False,3,67,"[p.3] 011 GBELO, GOUEKAN, KOONAN, OUANINOU, SABOUDOUGOU ET SANTA, COMMUNES ET SOUS-PREFECTURES | INDEPENDANT | BAMBA MORY | 2724 voix | 17.99%"
011,3,6026,39.81,True,3,200.6,RHDP,MAMADOU SANOGO,RHDP,MAMADOU SANOGO,False,1,68,"[p.3] 011 GBELO, GOUEKAN, KOONAN, OUANINOU, SABOUDOUGOU ET SANTA, COMMUNES ET SOUS-PREFECTURES | RHDP | MAMADOU SANOGO | 6026 voix | 39.81% | ELU(E)"
011,4,123,0.81,False,3,219.9,INDEPENDANT,BAMBA MAMADOU,INDEPENDANT,BAMBA MAMADOU,False,4,69,"[p.3] 011 GBELO, GOUEKAN, KOONAN, OUANINOU, SABOUDOUGOU ET SANTA, COMMUNES ET SOUS-PREFECTURES | INDEPENDANT | BAMBA MAMADOU | 123 voix | 0.81%"
011,5,5989,39.56,False,3,239.1,INDEPENDANT,DIOMANDE ABDOUL AHMARA,INDEPENDANT,DIOMANDE ABDOUL AHMARA,False,2,70,"[p.3] 011 GBELO, GOUEKAN, KOONAN, OUANINOU, SABOUDOUGOU ET SANTA, COMMUNES ET SOUS-PREFECTURES | INDEPENDANT | DIOMANDE ABDOUL AHMARA | 5989 voix | 39.56%"
012,1,1524,11.59,False,3,258.4,INDEPENDANT,MEMAN BAMBA,INDEPENDANT,MEMAN BAMBA,False,4,71,"[p.3] 012 DIOMAN, FOUNGBESSO ET GUINTEGUELA, COMMUNES ET SOUS-PREFECTURES, TOUBA, SOUS PREFECTURE | INDEPENDANT | MEMAN BAMBA | 1524 voix | 11.59%"
012,2,3256,24.77,False,3,277.9,INDEPENDANT,ALIDJOU TOURE,INDEPENDANT,ALIDJOU TOURE,False,2,72,"[p.3] 012 DIOMAN, FOUNGBESSO ET GUINTEGUELA, COMMUNES ET SOUS-PREFECTURES, TOUBA, SOUS PREFECTURE | INDEPENDANT | ALIDJOU TOURE | 3256 voix | 24.77%"
012,3,2287,17.4,False,3,297.2,INDEPENDANT,KONE MAMADOU,INDEPENDANT,KONE MAMADOU,False,3,73,"[p.3] 012 DIOMAN, FOUNGBESSO ET GUINTEGUELA, COMMUNES ET SOUS-PREFECTURES, TOUBA, SOUS PREFECTURE | INDEPENDANT | KONE MAMADOU | 2287 voix | 17.40%"
012,4,1098,8.35,False,3,316.5,INDEPENDANT,MIAMAN KONE,INDEPENDANT,MIAMAN KONE,False,6,74,"[p.3] 012 DIOMAN, FOUNGBESSO ET GUINTEGUELA, COMMUNES ET SOUS-PREFECTURES, TOUBA, SOUS PREFECTURE | INDEPENDANT | MIAMAN KONE | 1098 voix | 8.35%"
012,5,3613,27.48,True,3,335.9,RHDP,DIOMANDE VASSADIA,RHDP,DIOMANDE VASSADIA,False,1,75,"[p.3] 012 DIOMAN, FOUNGBESSO ET GUINTEGUELA, COMMUNES ET SOUS-PREFECTURES, TOUBA, SOUS PREFECTURE | RHDP | DIOMANDE VASSADIA | 3613 voix | 27.48% | ELU(E)"
012,6,1227,9.33,False,3,355.0,INDEPENDANT,MOUSSA BAMBA,INDEPENDANT,MOUSSA BAMBA,False,5,76,"[p.3] 012 DIOMAN, FOUNGBESSO ET GUINTEGUELA, COMMUNES ET SOUS-PREFECTURES, TOUBA, SOUS PREFECTURE | INDEPENDANT | MOUSSA BAMBA | 1227 voix | 9.33%"
013,1,4962,69.92,True,3,374.3,RHDP,SANOGO MOUSSA,RHDP,SANOGO MOUSSA,False,1,77,"[p.3] 013 TOUBA, COMMUNE | RHDP | SANOGO MOUSSA | 4962 voix | 69.92% | ELU(E)"
013,2,2060,29.03,False,3,393.6,INDEPENDANT,BAMBA ANZOUMANA,INDEPENDANT,BAMBA ANZOUMANA,False,2,78,"[p.3] 013 TOUBA, COMMUNE | INDEPENDANT | BAMBA ANZOUMANA | 2060 voix | 29.03%"
014,1,5606,44.95,True,3,413.0,RHDP,COULIBALY FONONNA CHEICK AHMED,RHDP,COULIBALY FONONNA CHEICK AHMED,False,1,79,"[p.3] 014 BAYA, KASSERE ET SIEMPURGO, COMMUNES ET SOUS-PREFECTURES | RHDP | COULIBALY FONONNA CHEICK AHMED | 5606 voix | 44.95% | ELU(E)"
014,2,4488,35.98,False,3,432.5,INDEPENDANT,OUATTARA GUIBESSONGUI ISSA,INDEPENDANT,OUATTARA GUIBESSONGUI ISSA,False,2,80,"[p.3] 014 BAYA, KASSERE ET SIEMPURGO, COMMUNES ET SOUS-PREFECTURES | INDEPENDANT | OUATTARA GUIBESSONGUI ISSA | 4488 voix | 35.98%"
014,3,1576,12.64,False,3,451.8,INDEPENDANT,COULIBALY LASSINAN,INDEPENDANT,COULIBALY LASSINAN,False,3,81,"[p.3] 014 BAYA, KASSERE ET SIEMPURGO, COMMUNES ET SOUS-PREFECTURES | INDEPENDANT | COULIBALY LASSINAN | 1576 voix | 12.64%"
014,4,598,4.79,False,3,470.9,INDEPENDANT,COULIBALY ZIE SOUMAILA,INDEPENDANT,COULIBALY ZIE SOUMAILA,False,4,82,"[p.3] 014 BAYA, KASSERE ET SIEMPURGO, COMMUNES ET SOUS-PREFECTURES | INDEPENDANT | COULIBALY ZIE SOUMAILA | 598 voix | 4.79%"
015,1,36846,100.0,True,3,490.1,RHDP,KONE MARIATOU,RHDP,KONE MARIATOU,False,1,83,"[p.3] 015 BOUNDIALI ET GANAONI, COMMUNES ET SOUS-PREFECTURES | RHDP | KONE MARIATOU | 36846 voix | 100.00% | ELU(E)"
016,1,3692,31.45,False,3,509.6,INDEPENDANT,TRAORE DON SAMUEL,INDEPENDANT,TRAORE DON SAMUEL,False,2,84,"[p.3] 016 BLESSEGUE ET KOUTO, COMMUNES ET SOUS-PREFECTURES | INDEPENDANT | TRAORE DON SAMUEL | 3692 voix | 31.45%"
016,2,7831,66.71,True,3,528.9,RHDP,KONE NABAGNE BRUNO,RHDP,KONE NABAGNE BRUNO,False,1,85,"[p.3] 016 BLESSEGUE ET KOUTO, COMMUNES ET SOUS-PREFECTURES | RHDP | KONE NABAGNE BRUNO | 7831 voix | 66.71% | ELU(E)"
017,1,1242,6.15,False,3,548.2,INDEPENDANT,KONE KARIMOU,INDEPENDANT,KONE KARIMOU,False,3,86,"[p.3] 017 GBON, KOLIA ET SIANHALA, COMMUNES ET SOUS-PREFECTURES | INDEPENDANT | KONE KARIMOU | 1242 voix | 6.15%"
017,2,10331,51.17,True,3,567.7,INDEPENDANT,BALLO NOUHO,INDEPENDANT,BALLO NOUHO,False,1,87,"[p.3] 017 GBON, KOLIA ET SIANHALA, COMMUNES ET SOUS-PREFECTURES | INDEPENDANT | BALLO NOUHO | 10331 voix | 51.17% | ELU(E)"
017,3,8239,40.81,False,3,586.9,RHDP,TOURE ALPHA YAYA,RHDP,TOURE ALPHA YAYA,False,2,88,"[p.3] 017 GBON, KOLIA ET SIANHALA, COMMUNES ET SOUS-PREFECTURES | RHDP | TOURE ALPHA YAYA | 8239 voix | 40.81%"
018,1,274,1.24,False,3,606.2,INDEPENDANT,KONE SEYDOU,INDEPENDANT,KONE SEYDOU,False,4,89,"[p.3] 018 DEBETE, KANAKONO, PAPARA ET TENGRELA, COMMUNES ET SOUS-PREFECTURES | INDEPENDANT | KONE SEYDOU | 274 voix | 1.24%"
018,2,11811,53.62,True,3,625.7,INDEPENDANT,DIARRASSOUBA SOUMAILA,INDEPENDANT,DIARRASSOUBA SOUMAILA,False,1,90,"[p.3] 018 DEBETE, KANAKONO, PAPARA ET TENGRELA, COMMUNES ET SOUS-PREFECTURES | INDEPENDANT | DIARRASSOUBA SOUMAILA | 11811 voix | 53.62% | ELU(E)"
018,3,3070,13.94,False,3,645.0,INDEPENDANT,DIARRASSOUBA ABDOULAYE,INDEPENDANT,DIARRASSOUBA ABDOULAYE,False,3,91,"[p.3] 018 DEBETE, KANAKONO, PAPARA ET TENGRELA, COMMUNES ET SOUS-PREFECTURES | INDEPENDANT | DIARRASSOUBA ABDOULAYE | 3070 voix | 13.94%"
018,4,6674,30.3,False,3,664.2,RHDP,TRAORE MARIAME,RHDP,TRAORE MARIAME,False,2,92,"[p.3] 018 DEBETE, KANAKONO, PAPARA ET TENGRELA, COMMUNES ET SOUS-PREFECTURES | RHDP | TRAORE MARIAME | 6674 voix | 30.30%"
019,1,5037,45.32,False,4,65.2,RHDP,KOFFI KOFFI SERAPHIN,RHDP,KOFFI KOFFI SERAPHIN,False,2,93,"[p.4] 019 BOLI, DIDIEVI, MOLONOU-BLE ET TIE-N'DIEKRO, COMMUNES ET SOUS-PREFECTURES | RHDP | KOFFI KOFFI SERAPHIN | 5037 voix | 45.32%"
019,2,199,1.79,False,4,84.7,INDEPENDANT,KONAN ULRICH KOUADIO SERGE RENE,INDEPENDANT,KONAN ULRICH KOUADIO SERGE RENE,False,3,94,"[p.4] 019 BOLI, DIDIEVI, MOLONOU-BLE ET TIE-N'DIEKRO, COMMUNES ET SOUS-PREFECTURES | INDEPENDANT | KONAN ULRICH KOUADIO SERGE RENE | 199 voix | 1.79%"
019,3,5741,51.65,True,4,103.8,PDCI-RDA,N'GUESSAN KOUASSI EDOUARD,PDCIRDA,N GUESSAN KOUASSI EDOUARD,False,1,95,"[p.4] 019 BOLI, DIDIEVI, MOLONOU-BLE ET TIE-N'DIEKRO, COMMUNES ET SOUS-PREFECTURES | PDCI-RDA | N'GUESSAN KOUASSI EDOUARD | 5741 voix | 51.65% | ELU(E)"
020,1,80,0.56,False,4,123.1,INDEPENDANT,ENSEMBLE TOUT EST POSSIBLE,INDEPENDANT,ENSEMBLE TOUT EST POSSIBLE,True,5,96,"[p.4] 020 LOMOKANKRO, MOLONOU, TLEBISSOU ET YAKPABO-SAKASSOU, COMMUNES ET SOUS-PREFECTURES | INDEPENDANT | ENSEMBLE TOUT EST POSSIBLE | 80 voix | 0.56%"
020,2,222,1.56,False,4,142.6,INDEPENDANT,LES PROGRESSISTES,INDEPENDANT,LES PROGRESSISTES,False,3,97,"[p.4] 020 LOMOKANKRO, MOLONOU, TLEBISSOU ET YAKPABO-SAKASSOU, COMMUNES ET SOUS-PREFECTURES | INDEPENDANT | LES PROGRESSISTES | 222 voix | 1.56%"
020,3,6127,43.02,False,4,162.0,RHDP,"UNE COTE DIVOIRE EN PAIX , PROSPERE ET SOLIDAIRE",RHDP,UNE COTE DIVOIRE EN PAIX PROSPERE ET SOLIDAIRE,True,2,98,"[p.4] 020 LOMOKANKRO, MOLONOU, TLEBISSOU ET YAKPABO-SAKASSOU, COMMUNES ET SOUS-PREFECTURES | RHDP | UNE COTE DIVOIRE EN PAIX , PROSPERE ET SOLIDAIRE | 6127 voix | 43.02%"
020,4,190,1.33,False,4,181.3,INDEPENDANT,ENSEMBLE POUR LE DEVELOPPEMENT,INDEPENDANT,ENSEMBLE POUR LE DEVELOPPEMENT,True,4,99,"[p.4] 020 LOMOKANKRO, MOLONOU, TLEBISSOU ET YAKPABO-SAKASSOU, COMMUNES ET SOUS-PREFECTURES | INDEPENDANT | ENSEMBLE POUR LE DEVELOPPEMENT | 190 voix | 1.33%"
020,5,70,0.49,False,4,200.6,PRO CI,PRO COTE DIVOIRE POUR UN PARLEMENT DEFENSEUR DES POPULATIONS,PROCI,PRO COTE DIVOIRE POUR UN PARLEMENT DEFENSEUR DES POPULATIONS,True,6,100,"[p.4] 020 LOMOKANKRO, MOLONOU, TLEBISSOU ET YAKPABO-SAKASSOU, COMMUNES ET SOUS-PREFECTURES | PRO CI | PRO COTE DIVOIRE POUR UN PARLEMENT DEFENSEUR DES POPULATIONS | 70 voix | 0.49%"
020,6,7418,52.09,True,4,219.7,PDCI-RDA,TOUS ENSEMBLE POUR LA CÔTE D'IVOIRE,PDCIRDA,TOUS ENSEMBLE POUR LA COTE D IVOIRE,True,1,101,"[p.4] 020 LOMOKANKRO, MOLONOU, TLEBISSOU ET YAKPABO-SAKASSOU, COMMUNES ET SOUS-PREFECTURES | PDCI-RDA | TOUS ENSEMBLE POUR LA CÔTE D'IVOIRE | 7418 voix | 52.09% | ELU(E)"
021,1,4615,48.86,False,4,239.1,RHDP,GOUDOU RAYMONDE COFFIE,RHDP,GOUDOU RAYMONDE COFFIE,False,2,102,"[p.4] 021 TOUMODI, COMMUNE | RHDP | GOUDOU RAYMONDE COFFIE | 4615 voix | 48.86%"
021,2,143,1.51,False,4,258.6,INDEPENDANT,SENI KONAN JULES NANGLE,INDEPENDANT,SENI KONAN JULES NANGLE,False,3,103,"[p.4] 021 TOUMODI, COMMUNE | INDEPENDANT | SENI KONAN JULES NANGLE | 143 voix | 1.51%"
021,3,4630,49.02,True,4,277.7,PDCI-RDA,ALLIALI HERVE DOMINIQUE DIE,PDCIRDA,ALLIALI HERVE DOMINIQUE DIE,False,1,104,"[p.4] 021 TOUMODI, COMMUNE | PDCI-RDA | ALLIALI HERVE DOMINIQUE DIE | 4630 voix | 49.02% | ELU(E)"
022,1,160,1.31,False,4,297.1,INDEPENDANT,KOUADIO N'GUESSAN CHARLES,INDEPENDANT,KOUADIO N GUESSAN CHARLES,False,3,105,"[p.4] 022 ANGODA, BONIKRO, DJEKANOU, KPOUEBO, KOKUMBO, COMMUNES ET SOUS-PREFECTURES, TOUMODI, SOUS-PREFECTURE | INDEPENDANT | KOUADIO N'GUESSAN CHARLES | 160 voix | 1.31%"
022,2,61,0.5,False,4,316.5,INDEPENDANT,N'GUESSAN KOUAME MARIUS MAURINIER,INDEPENDANT,N GUESSAN KOUAME MARIUS MAURINIER,False,6,106,"[p.4] 022 ANGODA, BONIKRO, DJEKANOU, KPOUEBO, KOKUMBO, COMMUNES ET SOUS-PREFECTURES, TOUMODI, SOUS-PREFECTURE | INDEPENDANT | N'GUESSAN KOUAME MARIUS MAURINIER | 61 voix | 0.50%"
022,3,4846,39.66,False,4,335.9,RHDP,KONAN YAO SIMPLICE,RHDP,KONAN YAO SIMPLICE,False,2,107,"[p.4] 022 ANGODA, BONIKRO, DJEKANOU, KPOUEBO, KOKUMBO, COMMUNES ET SOUS-PREFECTURES, TOUMODI, SOUS-PREFECTURE | RHDP | KONAN YAO SIMPLICE | 4846 voix | 39.66%"
022,4,97,0.79,False,4,355.2,INDEPENDANT,N'DA KOUASSI JULES,INDEPENDANT,N DA KOUASSI JULES,False,4,108,"[p.4] 022 ANGODA, BONIKRO, DJEKANOU, KPOUEBO, KOKUMBO, COMMUNES ET SOUS-PREFECTURES, TOUMODI, SOUS-PREFECTURE | INDEPENDANT | N'DA KOUASSI JULES | 97 voix | 0.79%"
022,5,85,0.7,False,4,374.5,INDEPENDANT,KOUADIO KOFFI ASSASSI MARCEL,INDEPENDANT,KOUADIO KOFFI ASSASSI MARCEL,False,5,109,"[p.4] 022 ANGODA, BONIKRO, DJEKANOU, KPOUEBO, KOKUMBO, COMMUNES ET SOUS-PREFECTURES, TOUMODI, SOUS-PREFECTURE | INDEPENDANT | KOUADIO KOFFI ASSASSI MARCEL | 85 voix | 0.70%"
022,6,60,0.49,False,4,393.8,INDEPENDANT,KOUAKOU KOUADIO JUVENAL,INDEPENDANT,KOUAKOU KOUADIO JUVENAL,False,7,110,"[p.4] 022 ANGODA, BONIKRO, DJEKANOU, KPOUEBO, KOKUMBO, COMMUNES ET SOUS-PREFECTURES, TOUMODI, SOUS-PREFECTURE | INDEPENDANT | KOUAKOU KOUADIO JUVENAL | 60 voix | 0.49%"
022,7,6782,55.5,True,4,413.0,PDCI-RDA,N'DAKPRI DJAHA ANGE FELIX,PDCIRDA,N DAKPRI DJAHA ANGE FELIX,False,1,111,"[p.4] 022 ANGODA, BONIKRO, DJEKANOU, KPOUEBO, KOKUMBO, COMMUNES ET SOUS-PREFECTURES, TOUMODI, SOUS-PREFECTURE | PDCI-RDA | N'DAKPRI DJAHA ANGE FELIX | 6782 voix | 55.50% | ELU(E)"
023,1,8087,55.52,True,4,432.3,INDEPENDANT,ADAMA BAKAYOKO,INDEPENDANT,ADAMA BAKAYOKO,False,1,112,"[p.4] 023 BOUANDOUGOU ET TIENINGBOUE, COMMUNES ET SOUS-PREFECTURES | INDEPENDANT | ADAMA BAKAYOKO | 8087 voix | 55.52% | ELU(E)"
023,2,6196,42.54,False,4,451.8,RHDP,HAMADOU KAMAGATE,RHDP,HAMADOU KAMAGATE,False,2,113,"[p.4] 023 BOUANDOUGOU ET TIENINGBOUE, COMMUNES ET SOUS-PREFECTURES | RHDP | HAMADOU KAMAGATE | 6196 voix | 42.54%"
023,3,45,0.31,False,4,470.9,PDCI-RDA,KATIENSELY COULIBALY,PDCIRDA,KATIENSELY COULIBALY,False,3,114,"[p.4] 023 BOUANDOUGOU ET TIENINGBOUE, COMMUNES ET SOUS-PREFECTURES | PDCI-RDA | KATIENSELY COULIBALY | 45 voix | 0.31%"
024,1,1055,6.47,False,4,490.3,INDEPENDANT,KONATE BAKARY,INDEPENDANT,KONATE BAKARY,False,3,115,"[p.4] 024 DIANRA ET DIARRA-VILLAGE, COMMUNES ET SOUS-PREFECTURES | INDEPENDANT | KONATE BAKARY | 1055 voix | 6.47%"
024,2,4127,25.31,False,4,509.8,INDEPENDANT,KONE AMOURLAYE,INDEPENDANT,KONE AMOURLAYE,False,2,116,"[p.4] 024 DIANRA ET DIARRA-VILLAGE, COMMUNES ET SOUS-PREFECTURES | INDEPENDANT | KONE AMOURLAYE | 4127 voix | 25.31%"
024,3,886,5.43,False,4,529.1,INDEPENDANT,CISSE ISAAC,INDEPENDANT,CISSE ISAAC,False,4,117,"[p.4] 024 DIANRA ET DIARRA-VILLAGE, COMMUNES ET SOUS-PREFECTURES | INDEPENDANT | CISSE ISAAC | 886 voix | 5.43%"
024,4,9862,60.47,True,4,548.2,RHDP,GNANGADJOMON KONE,RHDP,GNANGADJOMON KONE,False,1,118,"[p.4] 024 DIANRA ET DIARRA-VILLAGE, COMMUNES ET SOUS-PREFECTURES | RHDP | GNANGADJOMON KONE | 9862 voix | 60.47% | ELU(E)"
025,1,7756,64.85,True,4,567.5,RHDP,FOFANA EPSE MEITE SALIMATA,RHDP,FOFANA EPSE MEITE SALIMATA,False,1,119,"[p.4] 025 MANKONO, COMMUNE ET SOUS-PREFECTURE | RHDP | FOFANA EPSE MEITE SALIMATA | 7756 voix | 64.85% | ELU(E)"
025,2,3921,32.78,False,4,587.1,INDEPENDANT,SOTIGUY COULIBALY,INDEPENDANT,SOTIGUY COULIBALY,False,2,120,"[p.4] 025 MANKONO, COMMUNE ET SOUS-PREFECTURE | INDEPENDANT | SOTIGUY COULIBALY | 3921 voix | 32.78%"
025,3,145,1.21,False,4,606.2,PDCI-RDA,FOFANA ADAMA,PDCIRDA,FOFANA ADAMA,False,3,121,"[p.4] 025 MANKONO, COMMUNE ET SOUS-PREFECTURE | PDCI-RDA | FOFANA ADAMA | 145 voix | 1.21%"
026,1,5703,48.99,True,4,625.5,INDEPENDANT,BAMBA LADJI,INDEPENDANT,BAMBA LADJI,False,1,122,"[p.4] 026 MARANDALLAH ET SARHALA, COMMUNES ET SOUS-PREFECTURES | INDEPENDANT | BAMBA LADJI | 5703 voix | 48.99% | ELU(E)"
026,2,423,3.63,False,4,645.0,INDEPENDANT,WASSI KANATE,INDEPENDANT,WASSI KANATE,False,3,123,"[p.4] 026 MARANDALLAH ET SARHALA, COMMUNES ET SOUS-PREFECTURES | INDEPENDANT | WASSI KANATE | 423 voix | 3.63%"
026,3,5320,45.7,False,4,664.2,RHDP,DOGOSSATI BAKAYOKO,RHDP,DOGOSSATI BAKAYOKO,False,2,124,"[p.4] 026 MARANDALLAH ET SARHALA, COMMUNES ET SOUS-PREFECTURES | RHDP | DOGOSSATI BAKAYOKO | 5320 voix | 45.70%"
027,1,2190,21.2,False,4,683.5,INDEPENDANT,BAGATE ABDOULE TIECOURA,INDEPENDANT,BAGATE ABDOULE TIECOURA,False,3,125,"[p.4] 027 KONGASSO ET KOUNAHIRI, COMMUNES ET SOUS-PREFECTURES | INDEPENDANT | BAGATE ABDOULE TIECOURA | 2190 voix | 21.20%"
027,2,2785,26.97,False,4,703.0,INDEPENDANT,BISSA AUGUSTIN,INDEPENDANT,BISSA AUGUSTIN,False,2,126,"[p.4] 027 KONGASSO ET KOUNAHIRI, COMMUNES ET SOUS-PREFECTURES | INDEPENDANT | BISSA AUGUSTIN | 2785 voix | 26.97%"
027,3,426,4.12,False,4,722.3,INDEPENDANT,GBEGBE BATO OLIVIER,INDEPENDANT,GBEGBE BATO OLIVIER,False,4,127,"[p.4] 027 KONGASSO ET KOUNAHIRI, COMMUNES ET SOUS-PREFECTURES | INDEPENDANT | GBEGBE BATO OLIVIER | 426 voix | 4.12%"
027,4,4606,44.6,True,4,741.7,RHDP,BAMBA CHEICK LANCINA,RHDP,BAMBA CHEICK LANCINA,False,1,128,"[p.4] 027 KONGASSO ET KOUNAHIRI, COMMUNES ET SOUS-PREFECTURES | RHDP | BAMBA CHEICK LANCINA | 4606 voix | 44.60% | ELU(E)"
027,5,97,0.94,False,4,760.8,PDCI-RDA,DELLOH ERIC,PDCIRDA,DELLOH ERIC,False,5,129,"[p.4] 027 KONGASSO ET KOUNAHIRI, COMMUNES ET SOUS-PREFECTURES | PDCI-RDA | DELLOH ERIC | 97 voix | 0.94%"
028,1,1820,12.98,False,4,780.1,CODE,CONGRES DEMOCRATIQUE,CODE,CONGRES DEMOCRATIQUE,False,2,130,"[p.4] 028 BOUKO ET BOUNA, COMMUNES ET SOUS-PREFECTURES | CODE | CONGRES DEMOCRATIQUE | 1820 voix | 12.98%"
028,2,11923,85.01,True,4,799.4,RHDP,"UNE COTE DIVOIRE EN PAIX, PROSPERE ET SOLIDAIRE",RHDP,UNE COTE DIVOIRE EN PAIX PROSPERE ET SOLIDAIRE,True,1,131,"[p.4] 028 BOUKO ET BOUNA, COMMUNES ET SOUS-PREFECTURES | RHDP | UNE COTE DIVOIRE EN PAIX, PROSPERE ET SOLIDAIRE | 11923 voix | 85.01% | ELU(E)"
029,1,2550,35.19,True,5,65.2,INDEPENDANT,SIB SIE JEAN,INDEPENDANT,SIB SIE JEAN,False,1,132,"[p.5] 029 ONDEFIDOUO ET YOUNDOUO, COMMUNES ET SOUS-PREFECTURES | INDEPENDANT | SIB SIE JEAN | 2550 voix | 35.19% | ELU(E)"
029,2,2178,30.05,False,5,84.7,RHDP,KAMBOU SIE,RHDP,KAMBOU SIE,False,2,133,"[p.5] 029 ONDEFIDOUO ET YOUNDOUO, COMMUNES ET SOUS-PREFECTURES | RHDP | KAMBOU SIE | 2178 voix | 30.05%"
029,3,1621,22.37,False,5,104.0,INDEPENDANT,SOM SIE JEAN BAPTISTE,INDEPENDANT,SOM SIE JEAN BAPTISTE,False,3,134,"[p.5] 029 ONDEFIDOUO ET YOUNDOUO, COMMUNES ET SOUS-PREFECTURES | INDEPENDANT | SOM SIE JEAN BAPTISTE | 1621 voix | 22.37%"
029,4,96,1.32,False,5,123.3,INDEPENDANT,KAMBIRE SIE BOMITE JULIEN,INDEPENDANT,KAMBIRE SIE BOMITE JULIEN,False,6,135,"[p.5] 029 ONDEFIDOUO ET YOUNDOUO, COMMUNES ET SOUS-PREFECTURES | INDEPENDANT | KAMBIRE SIE BOMITE JULIEN | 96 voix | 1.32%"
029,5,423,5.84,False,5,142.6,INDEPENDANT,KAMBOU BALIRE JEROME,INDEPENDANT,KAMBOU BALIRE JEROME,False,4,136,"[p.5] 029 ONDEFIDOUO ET YOUNDOUO, COMMUNES ET SOUS-PREFECTURES | INDEPENDANT | KAMBOU BALIRE JEROME | 423 voix | 5.84%"
029,6,112,1.55,False,5,162.0,FPI,KAMBOU OLLO PAUL,FPI,KAMBOU OLLO PAUL,False,5,137,"[p.5] 029 ONDEFIDOUO ET YOUNDOUO, COMMUNES ET SOUS-PREFECTURES | FPI | KAMBOU OLLO PAUL | 112 voix | 1.55%"
029,7,58,0.8,False,5,181.1,PDCI-RDA,HIEN PIRIHINTE,PDCIRDA,HIEN PIRIHINTE,False,7,138,"[p.5] 029 ONDEFIDOUO ET YOUNDOUO, COMMUNES ET SOUS-PREFECTURES | PDCI-RDA | HIEN PIRIHINTE | 58 voix | 0.80%"
030,1,158,1.56,False,5,200.4,INDEPENDANT,KOUASSI KOUADIO JOEL,INDEPENDANT,KOUASSI KOUADIO JOEL,False,3,139,"[p.5] 030 DANOA, DOROPO, KALAMON ET NIAMOUE, COMMUNES ET SOUS-PREFECTURES | INDEPENDANT | KOUASSI KOUADIO JOEL | 158 voix | 1.56%"
030,2,3426,33.8,False,5,219.9,INDEPENDANT,KAMBIRE CHARLES,INDEPENDANT,KAMBIRE CHARLES,False,2,140,"[p.5] 030 DANOA, DOROPO, KALAMON ET NIAMOUE, COMMUNES ET SOUS-PREFECTURES | INDEPENDANT | KAMBIRE CHARLES | 3426 voix | 33.80%"
030,3,6072,59.9,True,5,239.2,RHDP,NOUFE SANSAN KOULANFIRTE,RHDP,NOUFE SANSAN KOULANFIRTE,False,1,141,"[p.5] 030 DANOA, DOROPO, KALAMON ET NIAMOUE, COMMUNES ET SOUS-PREFECTURES | RHDP | NOUFE SANSAN KOULANFIRTE | 6072 voix | 59.90% | ELU(E)"
030,4,153,1.51,False,5,258.4,INDEPENDANT,OUATTARA KOFFI,INDEPENDANT,OUATTARA KOFFI,False,4,142,"[p.5] 030 DANOA, DOROPO, KALAMON ET NIAMOUE, COMMUNES ET SOUS-PREFECTURES | INDEPENDANT | OUATTARA KOFFI | 153 voix | 1.51%"
031,1,439,3.14,False,5,277.7,INDEPENDANT,KAMBOU HOLO,INDEPENDANT,KAMBOU HOLO,False,4,143,"[p.5] 031 BOGOFA, KAKPIN, KOUTOUBA, NASSIAN ET SOMINASSE, COMMUNES ET SOUS-PREFECTURES | INDEPENDANT | KAMBOU HOLO | 439 voix | 3.14%"
031,2,6583,47.12,True,5,297.2,RHDP,OUATTARA AMARA,RHDP,OUATTARA AMARA,False,1,144,"[p.5] 031 BOGOFA, KAKPIN, KOUTOUBA, NASSIAN ET SOMINASSE, COMMUNES ET SOUS-PREFECTURES | RHDP | OUATTARA AMARA | 6583 voix | 47.12% | ELU(E)"
031,3,1315,9.41,False,5,316.5,INDEPENDANT,KRA EUGENE KOUASSI,INDEPENDANT,KRA EUGENE KOUASSI,False,3,145,"[p.5] 031 BOGOFA, KAKPIN, KOUTOUBA, NASSIAN ET SOMINASSE, COMMUNES ET SOUS-PREFECTURES | INDEPENDANT | KRA EUGENE KOUASSI | 1315 voix | 9.41%"
031,4,93,0.67,False,5,335.9,GP-PAIX,DABILA KOUADIO JEAN-MARIE,GPPAIX,DABILA KOUADIO JEAN MARIE,False,5,146,"[p.5] 031 BOGOFA, KAKPIN, KOUTOUBA, NASSIAN ET SOMINASSE, COMMUNES ET SOUS-PREFECTURES | GP-PAIX | DABILA KOUADIO JEAN-MARIE | 93 voix | 0.67%"
031,5,5362,38.38,False,5,355.0,PDCI-RDA,KOUADIO DEGLEGUI EDMOND,PDCIRDA,KOUADIO DEGLEGUI EDMOND,False,2,147,"[p.5] 031 BOGOFA, KAKPIN, KOUTOUBA, NASSIAN ET SOMINASSE, COMMUNES ET SOUS-PREFECTURES | PDCI-RDA | KOUADIO DEGLEGUI EDMOND | 5362 voix | 38.38%"
032,1,2392,41.26,False,5,374.3,INDEPENDANT,SIB SANSAN DIEUDONNE,INDEPENDANT,SIB SANSAN DIEUDONNE,False,2,148,"[p.5] 032 GOGO, TEHINI ET TOUGBO, COMMUNES ET SOUS-PREFECTURES | INDEPENDANT | SIB SANSAN DIEUDONNE | 2392 voix | 41.26%"
032,2,491,8.47,False,5,393.8,INDEPENDANT,PALE OLLO DESIRE,INDEPENDANT,PALE OLLO DESIRE,False,3,149,"[p.5] 032 GOGO, TEHINI ET TOUGBO, COMMUNES ET SOUS-PREFECTURES | INDEPENDANT | PALE OLLO DESIRE | 491 voix | 8.47%"
032,3,2694,46.46,True,5,413.2,RHDP,OUATTARA OUMAR,RHDP,OUATTARA OUMAR,False,1,150,"[p.5] 032 GOGO, TEHINI ET TOUGBO, COMMUNES ET SOUS-PREFECTURES | RHDP | OUATTARA OUMAR | 2694 voix | 46.46% | ELU(E)"
032,4,61,1.05,False,5,432.3,INDEPENDANT,PALE SANSAN,INDEPENDANT,PALE SANSAN,False,4,151,"[p.5] 032 GOGO, TEHINI ET TOUGBO, COMMUNES ET SOUS-PREFECTURES | INDEPENDANT | PALE SANSAN | 61 voix | 1.05%"
033,1,5882,52.63,True,5,451.6,RHDP,UNE CÔTE DIVOIRE PROSPERE ET SOLIDAIRE,RHDP,UNE COTE DIVOIRE PROSPERE ET SOLIDAIRE,True,1,152,"[p.5] 033 BLOLEQUIN, DIBOKE, DOKE, TINHOU ET ZEAGLO, COMMUNES ET SOUS-PREFECTURES | RHDP | UNE CÔTE DIVOIRE PROSPERE ET SOLIDAIRE | 5882 voix | 52.63% | ELU(E)"
033,2,344,3.08,False,5,471.1,INDEPENDANT,CANDIDATURE POUR LA DIGNITE ET LE TRIOMPHE DU PEUPLE,INDEPENDANT,CANDIDATURE POUR LA DIGNITE ET LE TRIOMPHE DU PEUPLE,True,3,153,"[p.5] 033 BLOLEQUIN, DIBOKE, DOKE, TINHOU ET ZEAGLO, COMMUNES ET SOUS-PREFECTURES | INDEPENDANT | CANDIDATURE POUR LA DIGNITE ET LE TRIOMPHE DU PEUPLE | 344 voix | 3.08%"
033,3,4816,43.09,False,5,490.3,PDCI-RDA,TOUS ENSEMBLE POUR LA CÔTE DIVOIRE,PDCIRDA,TOUS ENSEMBLE POUR LA COTE DIVOIRE,True,2,154,"[p.5] 033 BLOLEQUIN, DIBOKE, DOKE, TINHOU ET ZEAGLO, COMMUNES ET SOUS-PREFECTURES | PDCI-RDA | TOUS ENSEMBLE POUR LA CÔTE DIVOIRE | 4816 voix | 43.09%"
034,1,62,0.99,False,5,509.6,INDEPENDANT,KEI GBOHOU MELAINE,INDEPENDANT,KEI GBOHOU MELAINE,False,3,155,"[p.5] 034 BEDY-GOAZON, KAADE ET NIZAHON, COMMUNES ET SOUS-PREFECTURES, GUIGLO, SOUS-PREFECTURE | INDEPENDANT | KEI GBOHOU MELAINE | 62 voix | 0.99%"
034,2,3951,63.23,True,5,529.1,RHDP,TIO LOUIS SERGE,RHDP,TIO LOUIS SERGE,False,1,156,"[p.5] 034 BEDY-GOAZON, KAADE ET NIZAHON, COMMUNES ET SOUS-PREFECTURES, GUIGLO, SOUS-PREFECTURE | RHDP | TIO LOUIS SERGE | 3951 voix | 63.23% | ELU(E)"
034,3,2166,34.66,False,5,548.2,PDCI-RDA,SARR BOHE MARIUS MELAINE DEGBAHOUA,PDCIRDA,SARR BOHE MARIUS MELAINE DEGBAHOUA,False,2,157,"[p.5] 034 BEDY-GOAZON, KAADE ET NIZAHON, COMMUNES ET SOUS-PREFECTURES, GUIGLO, SOUS-PREFECTURE | PDCI-RDA | SARR BOHE MARIUS MELAINE DEGBAHOUA | 2166 voix | 34.66%"
035,1,727,10.3,False,5,567.5,INDEPENDANT,BAMBA DAOUDA,INDEPENDANT,BAMBA DAOUDA,False,3,158,"[p.5] 035 GUIGLO, COMMUNE | INDEPENDANT | BAMBA DAOUDA | 727 voix | 10.30%"
035,2,4099,58.06,True,5,587.1,RHDP,SERODE GUI HERVE MARC GATIEN,RHDP,SERODE GUI HERVE MARC GATIEN,False,1,159,"[p.5] 035 GUIGLO, COMMUNE | RHDP | SERODE GUI HERVE MARC GATIEN | 4099 voix | 58.06% | ELU(E)"
035,3,175,2.48,False,5,606.4,INDEPENDANT,BAMBA LANCINE,INDEPENDANT,BAMBA LANCINE,False,6,160,"[p.5] 035 GUIGLO, COMMUNE | INDEPENDANT | BAMBA LANCINE | 175 voix | 2.48%"
035,4,84,1.19,False,5,625.7,INDEPENDANT,TIEON HERMANN ULRICH,INDEPENDANT,TIEON HERMANN ULRICH,False,7,161,"[p.5] 035 GUIGLO, COMMUNE | INDEPENDANT | TIEON HERMANN ULRICH | 84 voix | 1.19%"
035,5,567,8.03,False,5,645.0,INDEPENDANT,KEMONSIEHI JEAN BEDEL,INDEPENDANT,KEMONSIEHI JEAN BEDEL,False,4,162,"[p.5] 035 GUIGLO, COMMUNE | INDEPENDANT | KEMONSIEHI JEAN BEDEL | 567 voix | 8.03%"
035,6,191,2.71,False,5,664.4,INDEPENDANT,TAHI HOULOUNEGNION ALEXIS,INDEPENDANT,TAHI HOULOUNEGNION ALEXIS,False,5,163,"[p.5] 035 GUIGLO, COMMUNE | INDEPENDANT | TAHI HOULOUNEGNION ALEXIS | 191 voix | 2.71%"
035,7,1150,16.29,False,5,683.5,INDEPENDANT,SIHE JESUS,INDEPENDANT,SIHE JESUS,False,2,164,"[p.5] 035 GUIGLO, COMMUNE | INDEPENDANT | SIHE JESUS | 1150 voix | 16.29%"
036,1,71,1.02,False,6,65.2,INDEPENDANT,TIEDE ROBINSON POANHOULOU,INDEPENDANT,TIEDE ROBINSON POANHOULOU,False,5,165,"[p.6] 036 TAI ET ZAGNE, COMMUNES ET SOUS-PREFECTURES | INDEPENDANT | TIEDE ROBINSON POANHOULOU | 71 voix | 1.02%"
036,2,334,4.78,False,6,84.7,INDEPENDANT,COULIBALY KAYAFEHE LACINA,INDEPENDANT,COULIBALY KAYAFEHE LACINA,False,3,166,"[p.6] 036 TAI ET ZAGNE, COMMUNES ET SOUS-PREFECTURES | INDEPENDANT | COULIBALY KAYAFEHE LACINA | 334 voix | 4.78%"
036,3,4793,68.59,True,6,104.0,RHDP,BAYALLA KOUYE MAYA HIPPOLYTE,RHDP,BAYALLA KOUYE MAYA HIPPOLYTE,False,1,167,"[p.6] 036 TAI ET ZAGNE, COMMUNES ET SOUS-PREFECTURES | RHDP | BAYALLA KOUYE MAYA HIPPOLYTE | 4793 voix | 68.59% | ELU(E)"
036,4,55,0.79,False,6,123.3,CODE,VIMPLOU DJEHI GUEHE,CODE,VIMPLOU DJEHI GUEHE,False,6,168,"[p.6] 036 TAI ET ZAGNE, COMMUNES ET SOUS-PREFECTURES | CODE | VIMPLOU DJEHI GUEHE | 55 voix | 0.79%"
036,5,87,1.24,False,6,142.6,INDEPENDANT,GUIRE TCHERPKAHON EDGARD,INDEPENDANT,GUIRE TCHERPKAHON EDGARD,False,4,169,"[p.6] 036 TAI ET ZAGNE, COMMUNES ET SOUS-PREFECTURES | INDEPENDANT | GUIRE TCHERPKAHON EDGARD | 87 voix | 1.24%"
036,6,1585,22.68,False,6,161.8,PDCI-RDA,GNONKONTE GNESSOA DESIRE,PDCIRDA,GNONKONTE GNESSOA DESIRE,False,2,170,"[p.6] 036 TAI ET ZAGNE, COMMUNES ET SOUS-PREFECTURES | PDCI-RDA | GNONKONTE GNESSOA DESIRE | 1585 voix | 22.68%"
037,1,6465,60.88,True,6,181.1,RHDP,OULOTO ANNE DESIREE,RHDP,OULOTO ANNE DESIREE,False,1,171,"[p.6] 037 BAKOUBLI, MEO, NEZOBLY, PEHE, TIOBLY ET TOULEPLEU, COMMUNES ET SOUS-PREFECTURES | RHDP | OULOTO ANNE DESIREE | 6465 voix | 60.88% | ELU(E)"
037,2,297,2.8,False,6,200.6,ADCI,DESSAON DOUANGNININ FABRICE,ADCI,DESSAON DOUANGNININ FABRICE,False,3,172,"[p.6] 037 BAKOUBLI, MEO, NEZOBLY, PEHE, TIOBLY ET TOULEPLEU, COMMUNES ET SOUS-PREFECTURES | ADCI | DESSAON DOUANGNININ FABRICE | 297 voix | 2.80%"
037,3,124,1.17,False,6,219.9,INDEPENDANT,BROU KOUAME PACOME,INDEPENDANT,BROU KOUAME PACOME,False,4,173,"[p.6] 037 BAKOUBLI, MEO, NEZOBLY, PEHE, TIOBLY ET TOULEPLEU, COMMUNES ET SOUS-PREFECTURES | INDEPENDANT | BROU KOUAME PACOME | 124 voix | 1.17%"
037,4,3619,34.08,False,6,239.1,PDCI-RDA,ZION KAH DENIS,PDCIRDA,ZION KAH DENIS,False,2,174,"[p.6] 037 BAKOUBLI, MEO, NEZOBLY, PEHE, TIOBLY ET TOULEPLEU, COMMUNES ET SOUS-PREFECTURES | PDCI-RDA | ZION KAH DENIS | 3619 voix | 34.08%"
038,1,916,0.87,False,6,258.4,INDEPENDANT,ABOBO RENAISSANCE,INDEPENDANT,ABOBO RENAISSANCE,False,4,175,"[p.6] 038 ABOBO, COMMUNE | INDEPENDANT | ABOBO RENAISSANCE | 916 voix | 0.87%"
038,2,1374,1.31,False,6,277.9,AIDE,AGIR AUJOURDHUI POUR BATIR DEMAIN,AIDE,AGIR AUJOURDHUI POUR BATIR DEMAIN,True,3,176,"[p.6] 038 ABOBO, COMMUNE | AIDE | AGIR AUJOURDHUI POUR BATIR DEMAIN | 1374 voix | 1.31%"
038,3,92947,88.45,True,6,297.2,RHDP,"UNE CÔTE DIVOIRE EN PAIX, PROSPERE ET SOLIDAIRE",RHDP,UNE COTE DIVOIRE EN PAIX PROSPERE ET SOLIDAIRE,True,1,177,"[p.6] 038 ABOBO, COMMUNE | RHDP | UNE CÔTE DIVOIRE EN PAIX, PROSPERE ET SOLIDAIRE | 92947 voix | 88.45% | ELU(E)"
038,4,622,0.59,False,6,316.5,PIA/PRI/CODE,OSONS LE CHANGEMENT,PIAPRICODE,OSONS LE CHANGEMENT,True,6,178,"[p.6] 038 ABOBO, COMMUNE | PIA/PRI/CODE | OSONS LE CHANGEMENT | 622 voix | 0.59%"
038,5,647,0.62,False,6,335.9,INDEPENDANT,ENSEMBLE POUR UNE NOUVELLE VISION,INDEPENDANT,ENSEMBLE POUR UNE NOUVELLE VISION,True,5,179,"[p.6] 038 ABOBO, COMMUNE | INDEPENDANT | ENSEMBLE POUR UNE NOUVELLE VISION | 647 voix | 0.62%"
038,6,7359,7.0,False,6,355.0,PDCI-RDA,TOUS ENSEMBLE POUR LA CÔTE D'IVOIRE,PDCIRDA,TOUS ENSEMBLE POUR LA COTE D IVOIRE,True,2,180,"[p.6] 038 ABOBO, COMMUNE | PDCI-RDA | TOUS ENSEMBLE POUR LA CÔTE D'IVOIRE | 7359 voix | 7.00%"
039,1,653,4.6,False,6,374.3,INDEPENDANT,ADJAME DJIGUI,INDEPENDANT,ADJAME DJIGUI,False,3,181,"[p.6] 039 ADJAME, COMMUNE | INDEPENDANT | ADJAME DJIGUI | 653 voix | 4.60%"
039,2,11152,78.6,True,6,393.8,RHDP,"UNE COTE DIVOIRE EN PAIX, PROSPERE ET SOLIDAIRE",RHDP,UNE COTE DIVOIRE EN PAIX PROSPERE ET SOLIDAIRE,True,1,182,"[p.6] 039 ADJAME, COMMUNE | RHDP | UNE COTE DIVOIRE EN PAIX, PROSPERE ET SOLIDAIRE | 11152 voix | 78.60% | ELU(E)"
039,3,444,3.13,False,6,413.2,INDEPENDANT,ADJAME LE BARA,INDEPENDANT,ADJAME LE BARA,True,4,183,"[p.6] 039 ADJAME, COMMUNE | INDEPENDANT | ADJAME LE BARA | 444 voix | 3.13%"
039,4,152,1.07,False,6,432.5,INDEPENDANT,ALTERNATIVE NOUVELLE GENERATION,INDEPENDANT,ALTERNATIVE NOUVELLE GENERATION,True,6,184,"[p.6] 039 ADJAME, COMMUNE | INDEPENDANT | ALTERNATIVE NOUVELLE GENERATION | 152 voix | 1.07%"
039,5,282,1.99,False,6,451.8,INDEPENDANT,TOUS UNIS POUR UN ADJAME MEILLEUR,INDEPENDANT,TOUS UNIS POUR UN ADJAME MEILLEUR,True,5,185,"[p.6] 039 ADJAME, COMMUNE | INDEPENDANT | TOUS UNIS POUR UN ADJAME MEILLEUR | 282 voix | 1.99%"
039,6,1358,9.57,False,6,470.9,PDCI-RDA,TOUS ENSEMBLE POUR LA CÔTE D'IVOIRE,PDCIRDA,TOUS ENSEMBLE POUR LA COTE D IVOIRE,True,2,186,"[p.6] 039 ADJAME, COMMUNE | PDCI-RDA | TOUS ENSEMBLE POUR LA CÔTE D'IVOIRE | 1358 voix | 9.57%"
040,1,18012,80.49,True,6,490.3,RHDP,"UNE COTE DIVOIRE EN PAIX, PROSPERE ET SOLIDAIRE",RHDP,UNE COTE DIVOIRE EN PAIX PROSPERE ET SOLIDAIRE,True,1,187,"[p.6] 040 ATTECOUBE, COMMUNE | RHDP | UNE COTE DIVOIRE EN PAIX, PROSPERE ET SOLIDAIRE | 18012 voix | 80.49% | ELU(E)"
040,2,1054,4.71,False,6,509.8,INDEPENDANT,UNIR POUR LE CHANGEMENT,INDEPENDANT,UNIR POUR LE CHANGEMENT,True,4,188,"[p.6] 040 ATTECOUBE, COMMUNE | INDEPENDANT | UNIR POUR LE CHANGEMENT | 1054 voix | 4.71%"
040,3,187,0.84,False,6,529.1,INDEPENDANT,LE COEUR POUR ATTECOUBE,INDEPENDANT,LE COEUR POUR ATTECOUBE,True,6,189,"[p.6] 040 ATTECOUBE, COMMUNE | INDEPENDANT | LE COEUR POUR ATTECOUBE | 187 voix | 0.84%"
040,4,249,1.11,False,6,548.4,UNCI,SOLIDAIRE POUR TOUS,UNCI,SOLIDAIRE POUR TOUS,True,5,190,"[p.6] 040 ATTECOUBE, COMMUNE | UNCI | SOLIDAIRE POUR TOUS | 249 voix | 1.11%"
040,5,1395,6.23,False,6,567.7,INDEPENDANT,DEVELOPPEMENT ET PROGRES POUR ATTECOUBE,INDEPENDANT,DEVELOPPEMENT ET PROGRES POUR ATTECOUBE,True,2,191,"[p.6] 040 ATTECOUBE, COMMUNE | INDEPENDANT | DEVELOPPEMENT ET PROGRES POUR ATTECOUBE | 1395 voix | 6.23%"
040,6,1209,5.4,False,6,586.9,PDCI-RDA,TOUS ENSEMBLE POUR LA CÔTE D'IVOIRE,PDCIRDA,TOUS ENSEMBLE POUR LA COTE D IVOIRE,True,3,192,"[p.6] 040 ATTECOUBE, COMMUNE | PDCI-RDA | TOUS ENSEMBLE POUR LA CÔTE D'IVOIRE | 1209 voix | 5.40%"
041,1,9269,33.37,False,7,65.2,RHDP,UNE COTE DIVOIRE EN PAIX PROSPERE ET SOLIDAIRE,RHDP,UNE COTE DIVOIRE EN PAIX PROSPERE ET SOLIDAIRE,True,2,193,"[p.7] 041 COCODY, COMMUNE | RHDP | UNE COTE DIVOIRE EN PAIX PROSPERE ET SOLIDAIRE | 9269 voix | 33.37%"
041,2,34,0.12,False,7,84.7,INDEPENDANT,COCODY SMART,INDEPENDANT,COCODY SMART,False,13,194,"[p.7] 041 COCODY, COMMUNE | INDEPENDANT | COCODY SMART | 34 voix | 0.12%"
041,3,133,0.48,False,7,104.0,INDEPENDANT,ALLIANCE NOUVELLE POUR COCODY,INDEPENDANT,ALLIANCE NOUVELLE POUR COCODY,True,8,195,"[p.7] 041 COCODY, COMMUNE | INDEPENDANT | ALLIANCE NOUVELLE POUR COCODY | 133 voix | 0.48%"
041,4,90,0.32,False,7,123.3,INDEPENDANT,NOUVELLE VISION POUR COCODY,INDEPENDANT,NOUVELLE VISION POUR COCODY,True,11,196,"[p.7] 041 COCODY, COMMUNE | INDEPENDANT | NOUVELLE VISION POUR COCODY | 90 voix | 0.32%"
041,5,667,2.4,False,7,142.6,INDEPENDANT,LES ELUS AU SERVICE DU PEUPLE,INDEPENDANT,LES ELUS AU SERVICE DU PEUPLE,True,4,197,"[p.7] 041 COCODY, COMMUNE | INDEPENDANT | LES ELUS AU SERVICE DU PEUPLE | 667 voix | 2.40%"
041,6,184,0.66,False,7,162.0,INDEPENDANT,NOUVEL ESPOIR DE COCODY,INDEPENDANT,NOUVEL ESPOIR DE COCODY,True,6,198,"[p.7] 041 COCODY, COMMUNE | INDEPENDANT | NOUVEL ESPOIR DE COCODY | 184 voix | 0.66%"
041,7,110,0.4,False,7,181.3,AIDE,ENSEMBLE POUR LE DEVELOPPEMENT,AIDE,ENSEMBLE POUR LE DEVELOPPEMENT,True,9,199,"[p.7] 041 COCODY, COMMUNE | AIDE | ENSEMBLE POUR LE DEVELOPPEMENT | 110 voix | 0.40%"
041,8,1682,6.06,False,7,200.6,ADCI,"AUJOURDHUI DEMAIN, LA COTE DIVOIRE (ADCI)",ADCI,AUJOURDHUI DEMAIN LA COTE DIVOIRE ADCI,True,3,200,"[p.7] 041 COCODY, COMMUNE | ADCI | AUJOURDHUI DEMAIN, LA COTE DIVOIRE (ADCI) | 1682 voix | 6.06%"
041,9,105,0.38,False,7,219.9,INDEPENDANT,UNE IDEE POUR COCODY,INDEPENDANT,UNE IDEE POUR COCODY,True,10,201,"[p.7] 041 COCODY, COMMUNE | INDEPENDANT | UNE IDEE POUR COCODY | 105 voix | 0.38%"
041,10,46,0.17,False,7,239.2,INDEPENDANT,PRO_COTE DIVOIRE POUR UN PARLEMENT DEFENSEUR DES POPULATIONS,INDEPENDANT,PRO COTE DIVOIRE POUR UN PARLEMENT DEFENSEUR DES POPULATIONS,True,12,202,"[p.7] 041 COCODY, COMMUNE | INDEPENDANT | PRO_COTE DIVOIRE POUR UN PARLEMENT DEFENSEUR DES POPULATIONS | 46 voix | 0.17%"
041,11,165,0.59,False,7,258.6,INDEPENDANT,LA SOUVERAINTE AU SERVICE DU DEVELOPPEMENT DU CAPITAL HUMAIN,INDEPENDANT,LA SOUVERAINTE AU SERVICE DU DEVELOPPEMENT DU CAPITAL HUMAIN,True,7,203,"[p.7] 041 COCODY, COMMUNE | INDEPENDANT | LA SOUVERAINTE AU SERVICE DU DEVELOPPEMENT DU CAPITAL HUMAIN | 165 voix | 0.59%"
041,12,280,1.01,False,7,277.9,INDEPENDANT,NOUVELLE VOIX,INDEPENDANT,NOUVELLE VOIX,False,5,204,"[p.7] 041 COCODY, COMMUNE | INDEPENDANT | NOUVELLE VOIX | 280 voix | 1.01%"
041,13,32,0.12,False,7,297.2,INDEPENDANT,POUR LE PEUPLE,INDEPENDANT,POUR LE PEUPLE,True,14,205,"[p.7] 041 COCODY, COMMUNE | INDEPENDANT | POUR LE PEUPLE | 32 voix | 0.12%"
041,14,14740,53.06,True,7,316.4,PDCI-RDA,TOUS ENSEMBLE POUR LE CÔTE-DIVOIRE,PDCIRDA,TOUS ENSEMBLE POUR LE COTE DIVOIRE,True,1,206,"[p.7] 041 COCODY, COMMUNE | PDCI-RDA | TOUS ENSEMBLE POUR LE CÔTE-DIVOIRE | 14740 voix | 53.06% | ELU(E)"
042,1,23968,74.35,True,7,335.7,RHDP,"UNE COTE DIVOIRE EN PAIX, PROSPERE ET SOLIDAIRE",RHDP,UNE COTE DIVOIRE EN PAIX PROSPERE ET SOLIDAIRE,True,1,207,"[p.7] 042 KOUMASSI, COMMUNE | RHDP | UNE COTE DIVOIRE EN PAIX, PROSPERE ET SOLIDAIRE | 23968 voix | 74.35% | ELU(E)"
042,2,1085,3.37,False,7,355.2,INDEPENDANT,GENERATIONS AVENIR,INDEPENDANT,GENERATIONS AVENIR,False,3,208,"[p.7] 042 KOUMASSI, COMMUNE | INDEPENDANT | GENERATIONS AVENIR | 1085 voix | 3.37%"
042,3,6856,21.27,False,7,374.3,PDCI-RDA,TOUS ENSEMBLE POUR LA CÔTE D'IVOIRE,PDCIRDA,TOUS ENSEMBLE POUR LA COTE D IVOIRE,True,2,209,"[p.7] 042 KOUMASSI, COMMUNE | PDCI-RDA | TOUS ENSEMBLE POUR LA CÔTE D'IVOIRE | 6856 voix | 21.27%"
043,1,279,1.1,False,7,393.6,INDEPENDANT,POUR UN MARCORY NOUVEAU,INDEPENDANT,POUR UN MARCORY NOUVEAU,True,5,210,"[p.7] 043 MARCORY, COMMUNE | INDEPENDANT | POUR UN MARCORY NOUVEAU | 279 voix | 1.10%"
043,2,493,1.94,False,7,413.2,INDEPENDANT,AMAGOU ZAHUI 2025,INDEPENDANT,AMAGOU ZAHUI 2025,False,3,211,"[p.7] 043 MARCORY, COMMUNE | INDEPENDANT | AMAGOU ZAHUI 2025 | 493 voix | 1.94%"
043,3,58,0.23,False,7,432.5,INDEPENDANT,PROGRES RIGUEUR EXCELLENCE,INDEPENDANT,PROGRES RIGUEUR EXCELLENCE,False,6,212,"[p.7] 043 MARCORY, COMMUNE | INDEPENDANT | PROGRES RIGUEUR EXCELLENCE | 58 voix | 0.23%"
043,4,296,1.16,False,7,451.8,ADCI,"ADCI (AUJOURDHUI ET DEMAIN, LA CÔTE DIVOIRE)",ADCI,ADCI AUJOURDHUI ET DEMAIN LA COTE DIVOIRE,True,4,213,"[p.7] 043 MARCORY, COMMUNE | ADCI | ADCI (AUJOURDHUI ET DEMAIN, LA CÔTE DIVOIRE) | 296 voix | 1.16%"
043,5,13996,54.99,True,7,471.1,RHDP,"UNE COTE DIVOIRE EN PAIX, PROSPERE ET SOLIDERE",RHDP,UNE COTE DIVOIRE EN PAIX PROSPERE ET SOLIDERE,True,1,214,"[p.7] 043 MARCORY, COMMUNE | RHDP | UNE COTE DIVOIRE EN PAIX, PROSPERE ET SOLIDERE | 13996 voix | 54.99% | ELU(E)"
043,6,10133,39.81,False,7,490.3,PDCI-RDA,TOUS ENSEMBLE POUR LA CÔTE D'IVOIRE,PDCIRDA,TOUS ENSEMBLE POUR LA COTE D IVOIRE,True,2,215,"[p.7] 043 MARCORY, COMMUNE | PDCI-RDA | TOUS ENSEMBLE POUR LA CÔTE D'IVOIRE | 10133 voix | 39.81%"
044,1,8864,40.39,False,7,509.6,RHDP,OUATTARA DRAMANE,RHDP,OUATTARA DRAMANE,False,2,216,"[p.7] 044 PLATEAU, COMMUNE | RHDP | OUATTARA DRAMANE | 8864 voix | 40.39%"
044,2,152,0.69,False,7,529.1,INDEPENDANT,FOFANA SINDOU,INDEPENDANT,FOFANA SINDOU,False,3,217,"[p.7] 044 PLATEAU, COMMUNE | INDEPENDANT | FOFANA SINDOU | 152 voix | 0.69%"
044,3,12749,58.09,True,7,548.2,PDCI-RDA,EHOUO JACQUES GABRIEL,PDCIRDA,EHOUO JACQUES GABRIEL,False,1,218,"[p.7] 044 PLATEAU, COMMUNE | PDCI-RDA | EHOUO JACQUES GABRIEL | 12749 voix | 58.09% | ELU(E)"
045,1,99,0.41,False,7,567.5,INDEPENDANT,LA FORCE DU PEUPLE,INDEPENDANT,LA FORCE DU PEUPLE,True,7,219,"[p.7] 045 PORT-BOUET, COMMUNE | INDEPENDANT | LA FORCE DU PEUPLE | 99 voix | 0.41%"
045,2,298,1.24,False,7,587.1,ADCI,"AUJOURDHUI ET DEMAIN, LA COTE DIVOIRE",ADCI,AUJOURDHUI ET DEMAIN LA COTE DIVOIRE,True,3,220,"[p.7] 045 PORT-BOUET, COMMUNE | ADCI | AUJOURDHUI ET DEMAIN, LA COTE DIVOIRE | 298 voix | 1.24%"
045,3,8197,34.2,False,7,606.4,RHDP,"UNE COTE DIVOIRE EN PAIX , PROPERE ET SOLIDAIRE",RHDP,UNE COTE DIVOIRE EN PAIX PROPERE ET SOLIDAIRE,True,2,221,"[p.7] 045 PORT-BOUET, COMMUNE | RHDP | UNE COTE DIVOIRE EN PAIX , PROPERE ET SOLIDAIRE | 8197 voix | 34.20%"
045,4,269,1.12,False,7,625.7,INDEPENDANT,VAINCRE LA PRECARITE,INDEPENDANT,VAINCRE LA PRECARITE,True,4,222,"[p.7] 045 PORT-BOUET, COMMUNE | INDEPENDANT | VAINCRE LA PRECARITE | 269 voix | 1.12%"
045,5,116,0.48,False,7,645.0,INDEPENDANT,ESPOIR PORT BOUET,INDEPENDANT,ESPOIR PORT BOUET,True,6,223,"[p.7] 045 PORT-BOUET, COMMUNE | INDEPENDANT | ESPOIR PORT BOUET | 116 voix | 0.48%"
045,6,206,0.86,False,7,664.4,INDEPENDANT,ENSSEMBLE ON TOURNE LA PAGE,INDEPENDANT,ENSSEMBLE ON TOURNE LA PAGE,True,5,224,"[p.7] 045 PORT-BOUET, COMMUNE | INDEPENDANT | ENSSEMBLE ON TOURNE LA PAGE | 206 voix | 0.86%"
045,7,32,0.13,False,7,683.7,INDEPENDANT,ALLIANCE NOUVELLE GENERATION DES ELUS POLITIQUES DE COTE DIVOIRE,INDEPENDANT,ALLIANCE NOUVELLE GENERATION DES ELUS POLITIQUES DE COTE DIVOIRE,True,8,225,"[p.7] 045 PORT-BOUET, COMMUNE | INDEPENDANT | ALLIANCE NOUVELLE GENERATION DES ELUS POLITIQUES DE COTE DIVOIRE | 32 voix | 0.13%"
045,8,14476,60.4,True,7,702.8,PDCI-RDA,TOUS ENSEMBLE POUR LA CÔTE D'IVOIRE,PDCIRDA,TOUS ENSEMBLE POUR LA COTE D IVOIRE,True,1,226,"[p.7] 045 PORT-BOUET, COMMUNE | PDCI-RDA | TOUS ENSEMBLE POUR LA CÔTE D'IVOIRE | 14476 voix | 60.40% | ELU(E)"
046,1,116,1.1,False,8,65.2,INDEPENDANT,BLEHINE PODE THIERRY JOEL,INDEPENDANT,BLEHINE PODE THIERRY JOEL,False,5,227,"[p.8] 046 TREICHVILLE, COMMUNE | INDEPENDANT | BLEHINE PODE THIERRY JOEL | 116 voix | 1.10%"
046,2,1147,10.87,False,8,84.7,INDEPENDANT,BAYE PAUL PIERRE VALENTIN,INDEPENDANT,BAYE PAUL PIERRE VALENTIN,False,3,228,"[p.8] 046 TREICHVILLE, COMMUNE | INDEPENDANT | BAYE PAUL PIERRE VALENTIN | 1147 voix | 10.87%"
046,3,33,0.31,False,8,104.0,INDEPENDANT,SOUMAORO GAOUSSOU GEORGES ELVIS,INDEPENDANT,SOUMAORO GAOUSSOU GEORGES ELVIS,False,6,229,"[p.8] 046 TREICHVILLE, COMMUNE | INDEPENDANT | SOUMAORO GAOUSSOU GEORGES ELVIS | 33 voix | 0.31%"
046,4,7173,67.98,True,8,123.3,RHDP,KAMARA AMINATA EPSE TOUNGARA,RHDP,KAMARA AMINATA EPSE TOUNGARA,False,1,230,"[p.8] 046 TREICHVILLE, COMMUNE | RHDP | KAMARA AMINATA EPSE TOUNGARA | 7173 voix | 67.98% | ELU(E)"
046,5,370,3.51,False,8,142.6,INDEPENDANT,TOURE IBRAHIME BEN NABIL,INDEPENDANT,TOURE IBRAHIME BEN NABIL,False,4,231,"[p.8] 046 TREICHVILLE, COMMUNE | INDEPENDANT | TOURE IBRAHIME BEN NABIL | 370 voix | 3.51%"
046,6,11,0.1,False,8,162.0,INDEPENDANT,BOMINAL SERI MICHEL,INDEPENDANT,BOMINAL SERI MICHEL,False,7,232,"[p.8] 046 TREICHVILLE, COMMUNE | INDEPENDANT | BOMINAL SERI MICHEL | 11 voix | 0.10%"
046,7,1638,15.52,False,8,181.1,PDCI-RDA,KOUASSI-LENOIR GERMAIN,PDCIRDA,KOUASSI LENOIR GERMAIN,False,2,233,"[p.8] 046 TREICHVILLE, COMMUNE | PDCI-RDA | KOUASSI-LENOIR GERMAIN | 1638 voix | 15.52%"
047,1,2106,2.93,False,8,200.4,INDEPENDANT,YOPOUGON NOTRE PASSION,INDEPENDANT,YOPOUGON NOTRE PASSION,True,3,234,"[p.8] 047 YOPOUGON, COMMUNE | INDEPENDANT | YOPOUGON NOTRE PASSION | 2106 voix | 2.93%"
047,2,49017,68.14,True,8,219.9,RHDP,"UNE COTE DIVOIRE EN PAIX, PROPERE ET SOLIDAIRE",RHDP,UNE COTE DIVOIRE EN PAIX PROPERE ET SOLIDAIRE,True,1,235,"[p.8] 047 YOPOUGON, COMMUNE | RHDP | UNE COTE DIVOIRE EN PAIX, PROPERE ET SOLIDAIRE | 49017 voix | 68.14% | ELU(E)"
047,3,533,0.74,False,8,239.2,INDEPENDANT,LA VOIX DE YOPOUGON,INDEPENDANT,LA VOIX DE YOPOUGON,True,5,236,"[p.8] 047 YOPOUGON, COMMUNE | INDEPENDANT | LA VOIX DE YOPOUGON | 533 voix | 0.74%"
047,4,576,0.8,False,8,258.6,INDEPENDANT,NOUVELLE VISION,INDEPENDANT,NOUVELLE VISION,False,4,237,"[p.8] 047 YOPOUGON, COMMUNE | INDEPENDANT | NOUVELLE VISION | 576 voix | 0.80%"
047,5,238,0.33,False,8,277.9,INDEPENDANT,UNIS POUR NOTRE COMMUNE YOPOUGON,INDEPENDANT,UNIS POUR NOTRE COMMUNE YOPOUGON,True,6,238,"[p.8] 047 YOPOUGON, COMMUNE | INDEPENDANT | UNIS POUR NOTRE COMMUNE YOPOUGON | 238 voix | 0.33%"
047,6,18757,26.08,False,8,297.0,PDCI - FPI - ADCI,TOUS ENSEMBLE POUR LA COTE DIVOIRE,PDCIFPIADCI,TOUS ENSEMBLE POUR LA COTE DIVOIRE,True,2,239,"[p.8] 047 YOPOUGON, COMMUNE | PDCI - FPI - ADCI | TOUS ENSEMBLE POUR LA COTE DIVOIRE | 18757 voix | 26.08%"
048,1,706,3.18,False,8,316.4,INDEPENDANT,UNE NOUVELLE VISION POUR ANYAMA,INDEPENDANT,UNE NOUVELLE VISION POUR ANYAMA,True,7,240,"[p.8] 048 ANYAMA ET BROFODOUME, COMMUNES ET SOUS-PREFECTURES | INDEPENDANT | UNE NOUVELLE VISION POUR ANYAMA | 706 voix | 3.18%"
048,2,416,1.87,False,8,335.9,INDEPENDANT,CITOYENS-UNIS POUR UN NOUVEL ANYAMA,INDEPENDANT,CITOYENS UNIS POUR UN NOUVEL ANYAMA,True,8,241,"[p.8] 048 ANYAMA ET BROFODOUME, COMMUNES ET SOUS-PREFECTURES | INDEPENDANT | CITOYENS-UNIS POUR UN NOUVEL ANYAMA | 416 voix | 1.87%"
048,3,1412,6.35,False,8,355.2,INDEPENDANT,UNION POUR LA GRANDEUR D'ANYAMA,INDEPENDANT,UNION POUR LA GRANDEUR D ANYAMA,True,4,242,"[p.8] 048 ANYAMA ET BROFODOUME, COMMUNES ET SOUS-PREFECTURES | INDEPENDANT | UNION POUR LA GRANDEUR D'ANYAMA | 1412 voix | 6.35%"
048,4,3206,14.42,False,8,374.5,INDEPENDANT,ACTIFS POUR ANYAMA-ADJOUALE,INDEPENDANT,ACTIFS POUR ANYAMA ADJOUALE,True,3,243,"[p.8] 048 ANYAMA ET BROFODOUME, COMMUNES ET SOUS-PREFECTURES | INDEPENDANT | ACTIFS POUR ANYAMA-ADJOUALE | 3206 voix | 14.42%"
048,5,403,1.81,False,8,393.8,INDEPENDANT,ENSEMBLE POUR ANYAMA,INDEPENDANT,ENSEMBLE POUR ANYAMA,True,9,244,"[p.8] 048 ANYAMA ET BROFODOUME, COMMUNES ET SOUS-PREFECTURES | INDEPENDANT | ENSEMBLE POUR ANYAMA | 403 voix | 1.81%"
048,6,305,1.37,False,8,413.2,INDEPENDANT,LA TEAM KONÉ,INDEPENDANT,LA TEAM KONE,True,10,245,"[p.8] 048 ANYAMA ET BROFODOUME, COMMUNES ET SOUS-PREFECTURES | INDEPENDANT | LA TEAM KONÉ | 305 voix | 1.37%"
048,7,8801,39.6,True,8,432.5,RHDP,"UNE COTE DIVOIRE EN PAIX, PROSPERE ET SOLIDAIRE",RHDP,UNE COTE DIVOIRE EN PAIX PROSPERE ET SOLIDAIRE,True,1,246,"[p.8] 048 ANYAMA ET BROFODOUME, COMMUNES ET SOUS-PREFECTURES | RHDP | UNE COTE DIVOIRE EN PAIX, PROSPERE ET SOLIDAIRE | 8801 voix | 39.60% | ELU(E)"
048,8,4578,20.6,False,8,451.8,INDEPENDANT,ENSEMBLE POUR UNE RENAISSANCE DURABLE,INDEPENDANT,ENSEMBLE POUR UNE RENAISSANCE DURABLE,True,2,247,"[p.8] 048 ANYAMA ET BROFODOUME, COMMUNES ET SOUS-PREFECTURES | INDEPENDANT | ENSEMBLE POUR UNE RENAISSANCE DURABLE | 4578 voix | 20.60%"
048,9,103,0.46,False,8,471.1,INDEPENDANT,L'ESPOIR D'ANYAMA C'EST VOUS,INDEPENDANT,L ESPOIR D ANYAMA C EST VOUS,True,12,248,"[p.8] 048 ANYAMA ET BROFODOUME, COMMUNES ET SOUS-PREFECTURES | INDEPENDANT | L'ESPOIR D'ANYAMA C'EST VOUS | 103 voix | 0.46%"
048,10,732,3.29,False,8,490.4,INDEPENDANT,ALIANCE POUR LA VOIX ET LECOUTE DE NOS CONCITOYENS,INDEPENDANT,ALIANCE POUR LA VOIX ET LECOUTE DE NOS CONCITOYENS,True,6,249,"[p.8] 048 ANYAMA ET BROFODOUME, COMMUNES ET SOUS-PREFECTURES | INDEPENDANT | ALIANCE POUR LA VOIX ET LECOUTE DE NOS CONCITOYENS | 732 voix | 3.29%"
048,11,164,0.74,False,8,509.8,MERCI,LE MERCI,MERCI,LE MERCI,False,11,250,"[p.8] 048 ANYAMA ET BROFODOUME, COMMUNES ET SOUS-PREFECTURES | MERCI | LE MERCI | 164 voix | 0.74%"
048,12,1165,5.24,False,8,528.9,PDCI-RDA,NOUVELLE VISION,PDCIRDA,NOUVELLE VISION,False,5,251,"[p.8] 048 ANYAMA ET BROFODOUME, COMMUNES ET SOUS-PREFECTURES | PDCI-RDA | NOUVELLE VISION | 1165 voix | 5.24%"
049,1,6384,42.93,True,9,65.2,RHDP,DOUMBIA ISSOUF,RHDP,DOUMBIA ISSOUF,False,1,252,"[p.9] 049 BINGERVILLE, COMMUNE ET SOUS-PREFECTURE | RHDP | DOUMBIA ISSOUF | 6384 voix | 42.93% | ELU(E)"
049,2,203,1.36,False,9,84.7,INDEPENDANT,FANNY FATOU,INDEPENDANT,FANNY FATOU,False,6,253,"[p.9] 049 BINGERVILLE, COMMUNE ET SOUS-PREFECTURE | INDEPENDANT | FANNY FATOU | 203 voix | 1.36%"
049,3,446,3.0,False,9,104.0,INDEPENDANT,OBOUO MELAINE EVRARD,INDEPENDANT,OBOUO MELAINE EVRARD,False,5,254,"[p.9] 049 BINGERVILLE, COMMUNE ET SOUS-PREFECTURE | INDEPENDANT | OBOUO MELAINE EVRARD | 446 voix | 3.00%"
049,4,4792,32.22,False,9,123.3,INDEPENDANT,HIEN KAMBIRE IBRAHIM,INDEPENDANT,HIEN KAMBIRE IBRAHIM,False,2,255,"[p.9] 049 BINGERVILLE, COMMUNE ET SOUS-PREFECTURE | INDEPENDANT | HIEN KAMBIRE IBRAHIM | 4792 voix | 32.22%"
049,5,506,3.4,False,9,142.6,ADCI,DALEBA NAHOUNOU PIERRE LAUTTI,ADCI,DALEBA NAHOUNOU PIERRE LAUTTI,False,4,256,"[p.9] 049 BINGERVILLE, COMMUNE ET SOUS-PREFECTURE | ADCI | DALEBA NAHOUNOU PIERRE LAUTTI | 506 voix | 3.40%"
049,6,109,0.73,False,9,162.0,INDEPENDANT,ALOBOUE SERGE ERIC,INDEPENDANT,ALOBOUE SERGE ERIC,False,7,257,"[p.9] 049 BINGERVILLE, COMMUNE ET SOUS-PREFECTURE | INDEPENDANT | ALOBOUE SERGE ERIC | 109 voix | 0.73%"
049,7,68,0.46,False,9,181.3,URCI,KOUAME N'GUESSAN DESIRE,URCI,KOUAME N GUESSAN DESIRE,False,8,258,"[p.9] 049 BINGERVILLE, COMMUNE ET SOUS-PREFECTURE | URCI | KOUAME N'GUESSAN DESIRE | 68 voix | 0.46%"
049,8,15,0.1,False,9,200.6,INDEPENDANT,ZAKO OLILI LARISSA ARMELLE RENEE,INDEPENDANT,ZAKO OLILI LARISSA ARMELLE RENEE,False,10,259,"[p.9] 049 BINGERVILLE, COMMUNE ET SOUS-PREFECTURE | INDEPENDANT | ZAKO OLILI LARISSA ARMELLE RENEE | 15 voix | 0.10%"
049,9,38,0.26,False,9,219.9,INDEPENDANT,KOUAME KOFFI FRANCK AIME,INDEPENDANT,KOUAME KOFFI FRANCK AIME,False,9,260,"[p.9] 049 BINGERVILLE, COMMUNE ET SOUS-PREFECTURE | INDEPENDANT | KOUAME KOFFI FRANCK AIME | 38 voix | 0.26%"
049,10,2249,15.12,False,9,239.1,PDCI-RDA,BEUGRE DJOMAN,PDCIRDA,BEUGRE DJOMAN,False,3,261,"[p.9] 049 BINGERVILLE, COMMUNE ET SOUS-PREFECTURE | PDCI-RDA | BEUGRE DJOMAN | 2249 voix | 15.12%"
050,1,388,1.16,False,9,258.4,INDEPENDANT,AKRE BIEFFO STEPHANE,INDEPENDANT,AKRE BIEFFO STEPHANE,False,3,262,"[p.9] 050 SONGON, COMMUNE ET SOUS-PREFECTURE | INDEPENDANT | AKRE BIEFFO STEPHANE | 388 voix | 1.16%"
050,2,31927,95.27,True,9,277.9,RHDP,MAMBE BEUGRE ROBERT,RHDP,MAMBE BEUGRE ROBERT,False,1,263,"[p.9] 050 SONGON, COMMUNE ET SOUS-PREFECTURE | RHDP | MAMBE BEUGRE ROBERT | 31927 voix | 95.27% | ELU(E)"
050,3,336,1.0,False,9,297.2,INDEPENDANT,SEA ROY JEAN ROMARIC,INDEPENDANT,SEA ROY JEAN ROMARIC,False,4,264,"[p.9] 050 SONGON, COMMUNE ET SOUS-PREFECTURE | INDEPENDANT | SEA ROY JEAN ROMARIC | 336 voix | 1.00%"
050,4,419,1.25,False,9,316.5,INDEPENDANT,NDE ANGRE MOISE,INDEPENDANT,NDE ANGRE MOISE,False,2,265,"[p.9] 050 SONGON, COMMUNE ET SOUS-PREFECTURE | INDEPENDANT | NDE ANGRE MOISE | 419 voix | 1.25%"
050,5,249,0.74,False,9,335.7,INDEPENDANT,DAGO PRISCA LARISSA GOUGOUHONON,INDEPENDANT,DAGO PRISCA LARISSA GOUGOUHONON,False,5,266,"[p.9] 050 SONGON, COMMUNE ET SOUS-PREFECTURE | INDEPENDANT | DAGO PRISCA LARISSA GOUGOUHONON | 249 voix | 0.74%"
051,1,124,1.63,False,9,355.0,INDEPENDANT,YAO KONAN GLOUA SAME,INDEPENDANT,YAO KONAN GLOUA SAME,False,4,267,"[p.9] 051 ATIIEGOUAKRO ET LOLOBO, COMMUNES ET SOUS-PREFECTURES | INDEPENDANT | YAO KONAN GLOUA SAME | 124 voix | 1.63%"
051,2,28,0.37,False,9,374.5,INDEPENDANT,YAO LOUKOU GILBERT,INDEPENDANT,YAO LOUKOU GILBERT,False,6,268,"[p.9] 051 ATIIEGOUAKRO ET LOLOBO, COMMUNES ET SOUS-PREFECTURES | INDEPENDANT | YAO LOUKOU GILBERT | 28 voix | 0.37%"
051,3,45,0.59,False,9,393.8,INDEPENDANT,BROU KOUAKOU JEAN-BAPTISTE,INDEPENDANT,BROU KOUAKOU JEAN BAPTISTE,False,5,269,"[p.9] 051 ATIIEGOUAKRO ET LOLOBO, COMMUNES ET SOUS-PREFECTURES | INDEPENDANT | BROU KOUAKOU JEAN-BAPTISTE | 45 voix | 0.59%"
051,4,152,2.0,False,9,413.2,ADCI,NDRI KOUAME YVES,ADCI,NDRI KOUAME YVES,False,3,270,"[p.9] 051 ATIIEGOUAKRO ET LOLOBO, COMMUNES ET SOUS-PREFECTURES | ADCI | NDRI KOUAME YVES | 152 voix | 2.00%"
051,5,3618,47.7,True,9,432.5,RHDP,KOFFI NGORAN JUSTIN,RHDP,KOFFI NGORAN JUSTIN,False,1,271,"[p.9] 051 ATIIEGOUAKRO ET LOLOBO, COMMUNES ET SOUS-PREFECTURES | RHDP | KOFFI NGORAN JUSTIN | 3618 voix | 47.70% | ELU(E)"
051,6,3525,46.47,False,9,451.6,PDCI-RDA,KONAN KOFFI MARIUS,PDCIRDA,KONAN KOFFI MARIUS,False,2,272,"[p.9] 051 ATIIEGOUAKRO ET LOLOBO, COMMUNES ET SOUS-PREFECTURES | PDCI-RDA | KONAN KOFFI MARIUS | 3525 voix | 46.47%"
052,1,1159,23.43,True,9,470.9,LE BUFFLE,KOFFI KOUAKOU KOUHOURE LEANDRE,LEBUFFLE,KOFFI KOUAKOU KOUHOURE LEANDRE,False,1,273,"[p.9] 052 KOSSOU, COMMUNE ET SOUS-PREFECTURE, YAMOUSSOUKRO, SOUS-PREFECTURE | LE BUFFLE | KOFFI KOUAKOU KOUHOURE LEANDRE | 1159 voix | 23.43% | ELU(E)"
052,2,100,2.02,False,9,490.4,INDEPENDANT,SEYDOU OUATTARA,INDEPENDANT,SEYDOU OUATTARA,False,10,274,"[p.9] 052 KOSSOU, COMMUNE ET SOUS-PREFECTURE, YAMOUSSOUKRO, SOUS-PREFECTURE | INDEPENDANT | SEYDOU OUATTARA | 100 voix | 2.02%"
052,3,171,3.46,False,9,509.8,INDEPENDANT,OKA ALAIN THIERRY,INDEPENDANT,OKA ALAIN THIERRY,False,6,275,"[p.9] 052 KOSSOU, COMMUNE ET SOUS-PREFECTURE, YAMOUSSOUKRO, SOUS-PREFECTURE | INDEPENDANT | OKA ALAIN THIERRY | 171 voix | 3.46%"
052,4,950,19.21,False,9,529.1,INDEPENDANT,BIFFI KOUADIO MACAIRE-JEAN,INDEPENDANT,BIFFI KOUADIO MACAIRE JEAN,False,3,276,"[p.9] 052 KOSSOU, COMMUNE ET SOUS-PREFECTURE, YAMOUSSOUKRO, SOUS-PREFECTURE | INDEPENDANT | BIFFI KOUADIO MACAIRE-JEAN | 950 voix | 19.21%"
052,5,107,2.16,False,9,548.4,INDEPENDANT,KOUAME ELVIS KOUADIO,INDEPENDANT,KOUAME ELVIS KOUADIO,False,9,277,"[p.9] 052 KOSSOU, COMMUNE ET SOUS-PREFECTURE, YAMOUSSOUKRO, SOUS-PREFECTURE | INDEPENDANT | KOUAME ELVIS KOUADIO | 107 voix | 2.16%"
052,6,55,1.11,False,9,567.7,ADCI,AKPETOU KOUAME LAZARE,ADCI,AKPETOU KOUAME LAZARE,False,11,278,"[p.9] 052 KOSSOU, COMMUNE ET SOUS-PREFECTURE, YAMOUSSOUKRO, SOUS-PREFECTURE | ADCI | AKPETOU KOUAME LAZARE | 55 voix | 1.11%"
052,7,1107,22.38,False,9,587.1,RHDP,N'GUESSAN BEWAN ANICET,RHDP,N GUESSAN BEWAN ANICET,False,2,279,"[p.9] 052 KOSSOU, COMMUNE ET SOUS-PREFECTURE, YAMOUSSOUKRO, SOUS-PREFECTURE | RHDP | N'GUESSAN BEWAN ANICET | 1107 voix | 22.38%"
052,8,186,3.76,False,9,606.4,INDEPENDANT,LOUKOU KOUAME RICHARD,INDEPENDANT,LOUKOU KOUAME RICHARD,False,5,280,"[p.9] 052 KOSSOU, COMMUNE ET SOUS-PREFECTURE, YAMOUSSOUKRO, SOUS-PREFECTURE | INDEPENDANT | LOUKOU KOUAME RICHARD | 186 voix | 3.76%"
052,9,141,2.85,False,9,625.7,INDEPENDANT,BOA ETCHEGNE SYLVAIN PRUDENCE,INDEPENDANT,BOA ETCHEGNE SYLVAIN PRUDENCE,False,8,281,"[p.9] 052 KOSSOU, COMMUNE ET SOUS-PREFECTURE, YAMOUSSOUKRO, SOUS-PREFECTURE | INDEPENDANT | BOA ETCHEGNE SYLVAIN PRUDENCE | 141 voix | 2.85%"
052,10,7,0.14,False,9,645.0,INDEPENDANT,AMANI KOFFI JEROME,INDEPENDANT,AMANI KOFFI JEROME,False,13,282,"[p.9] 052 KOSSOU, COMMUNE ET SOUS-PREFECTURE, YAMOUSSOUKRO, SOUS-PREFECTURE | INDEPENDANT | AMANI KOFFI JEROME | 7 voix | 0.14%"
052,11,147,2.97,False,9,664.4,INDEPENDANT,KONAN KONAN EVRAD,INDEPENDANT,KONAN KONAN EVRAD,False,7,283,"[p.9] 052 KOSSOU, COMMUNE ET SOUS-PREFECTURE, YAMOUSSOUKRO, SOUS-PREFECTURE | INDEPENDANT | KONAN KONAN EVRAD | 147 voix | 2.97%"
052,12,730,14.76,False,9,683.7,PDCI-RDA,KOUAME KONAN EDOUARD,PDCIRDA,KOUAME KONAN EDOUARD,False,4,284,"[p.9] 052 KOSSOU, COMMUNE ET SOUS-PREFECTURE, YAMOUSSOUKRO, SOUS-PREFECTURE | PDCI-RDA | KOUAME KONAN EDOUARD | 730 voix | 14.76%"
052,13,11,0.22,False,9,702.8,INDEPENDANT,KOUACOU AHOU JOSEE DESTHER,INDEPENDANT,KOUACOU AHOU JOSEE DESTHER,False,12,285,"[p.9] 052 KOSSOU, COMMUNE ET SOUS-PREFECTURE, YAMOUSSOUKRO, SOUS-PREFECTURE | INDEPENDANT | KOUACOU AHOU JOSEE DESTHER | 11 voix | 0.22%"
053,1,106,0.3,False,10,65.2,INDEPENDANT,ESPOIR,INDEPENDANT,ESPOIR,False,4,286,"[p.10] 053 YAMOUSSOUKRO, COMMUNE | INDEPENDANT | ESPOIR | 106 voix | 0.30%"
053,2,22070,62.09,True,10,84.7,RHDP,"UNE CÔTE DIVOIRE EN PAIX, PROSPERE ET SOLIDAIRE",RHDP,UNE COTE DIVOIRE EN PAIX PROSPERE ET SOLIDAIRE,True,1,287,"[p.10] 053 YAMOUSSOUKRO, COMMUNE | RHDP | UNE CÔTE DIVOIRE EN PAIX, PROSPERE ET SOLIDAIRE | 22070 voix | 62.09% | ELU(E)"
053,3,141,0.4,False,10,104.0,INDEPENDANT,BATISSONS ENSEMBLE LA NATION IVOIRIENNE,INDEPENDANT,BATISSONS ENSEMBLE LA NATION IVOIRIENNE,True,3,288,"[p.10] 053 YAMOUSSOUKRO, COMMUNE | INDEPENDANT | BATISSONS ENSEMBLE LA NATION IVOIRIENNE | 141 voix | 0.40%"
053,4,12904,36.3,False,10,123.1,PDCI-RDA,TOUS ENSEMBLE POUR LA CÔTE D'IVOIRE,PDCIRDA,TOUS ENSEMBLE POUR LA COTE D IVOIRE,True,2,289,"[p.10] 053 YAMOUSSOUKRO, COMMUNE | PDCI-RDA | TOUS ENSEMBLE POUR LA CÔTE D'IVOIRE | 12904 voix | 36.30%"
054,1,10274,48.01,False,10,142.5,INDEPENDANT,KONE LANCINE,INDEPENDANT,KONE LANCINE,False,2,290,"[p.10] 054 GOULIA, TIENKO, MAHANDIANA-SOKOURANI ET KIMBIRILA-NORD, COMMUNES ET SOUS-PREFECTURES | INDEPENDANT | KONE LANCINE | 10274 voix | 48.01%"
054,2,10703,50.02,True,10,161.8,RHDP,SIDIBE BERRY,RHDP,SIDIBE BERRY,False,1,291,"[p.10] 054 GOULIA, TIENKO, MAHANDIANA-SOKOURANI ET KIMBIRILA-NORD, COMMUNES ET SOUS-PREFECTURES | RHDP | SIDIBE BERRY | 10703 voix | 50.02% | ELU(E)"
055,1,3651,28.96,False,10,181.1,INDEPENDANT,KONE MAMERY,INDEPENDANT,KONE MAMERY,False,2,292,"[p.10] 055 KANIASSO, MINIGNAN ET SOKORO, COMMUNES ET SOUS-PREFECTURES | INDEPENDANT | KONE MAMERY | 3651 voix | 28.96%"
055,2,268,2.13,False,10,200.6,INDEPENDANT,KALILOU CAMARA,INDEPENDANT,KALILOU CAMARA,False,4,293,"[p.10] 055 KANIASSO, MINIGNAN ET SOKORO, COMMUNES ET SOUS-PREFECTURES | INDEPENDANT | KALILOU CAMARA | 268 voix | 2.13%"
055,3,383,3.04,False,10,219.9,INDEPENDANT,BAMBA KARIM,INDEPENDANT,BAMBA KARIM,False,3,294,"[p.10] 055 KANIASSO, MINIGNAN ET SOKORO, COMMUNES ET SOUS-PREFECTURES | INDEPENDANT | BAMBA KARIM | 383 voix | 3.04%"
055,4,8154,64.67,True,10,239.2,RHDP,SIDIBE NOUMORY,RHDP,SIDIBE NOUMORY,False,1,295,"[p.10] 055 KANIASSO, MINIGNAN ET SOKORO, COMMUNES ET SOUS-PREFECTURES | RHDP | SIDIBE NOUMORY | 8154 voix | 64.67% | ELU(E)"
055,5,32,0.25,False,10,258.4,CODE,TOURE MAMADOU,CODE,TOURE MAMADOU,False,5,296,"[p.10] 055 KANIASSO, MINIGNAN ET SOKORO, COMMUNES ET SOUS-PREFECTURES | CODE | TOURE MAMADOU | 32 voix | 0.25%"
056,1,4628,30.7,False,10,277.7,INDEPENDANT,ENSEMBLE POUR NOTRE BEOUMI,INDEPENDANT,ENSEMBLE POUR NOTRE BEOUMI,True,2,297,"[p.10] 056 ANDO-KEKRENOU, BEOUMI ET KONDROBO, COMMUNES ET SOUS-PREFECTURES | INDEPENDANT | ENSEMBLE POUR NOTRE BEOUMI | 4628 voix | 30.70%"
056,2,154,1.02,False,10,297.2,ADCI,"ADCI (Aujourd'hui et demain, la Côte D'Ivoire)",ADCI,ADCI AUJOURD HUI ET DEMAIN LA COTE D IVOIRE,True,7,298,"[p.10] 056 ANDO-KEKRENOU, BEOUMI ET KONDROBO, COMMUNES ET SOUS-PREFECTURES | ADCI | ADCI (Aujourd'hui et demain, la Côte D'Ivoire) | 154 voix | 1.02%"
056,3,192,1.27,False,10,316.5,INDEPENDANT,LA VOIX DE BEOUMI POUR LA COTE DIVOIRE,INDEPENDANT,LA VOIX DE BEOUMI POUR LA COTE DIVOIRE,True,6,299,"[p.10] 056 ANDO-KEKRENOU, BEOUMI ET KONDROBO, COMMUNES ET SOUS-PREFECTURES | INDEPENDANT | LA VOIX DE BEOUMI POUR LA COTE DIVOIRE | 192 voix | 1.27%"
056,4,200,1.33,False,10,335.9,INDEPENDANT,BEOUMI EN MARCHE,INDEPENDANT,BEOUMI EN MARCHE,True,5,300,"[p.10] 056 ANDO-KEKRENOU, BEOUMI ET KONDROBO, COMMUNES ET SOUS-PREFECTURES | INDEPENDANT | BEOUMI EN MARCHE | 200 voix | 1.33%"
056,5,3559,23.61,False,10,355.2,RHDP,"UNE COTE DIVOIRE EN PAIX, PROSPERE ET SOLIDAIRE",RHDP,UNE COTE DIVOIRE EN PAIX PROSPERE ET SOLIDAIRE,True,3,301,"[p.10] 056 ANDO-KEKRENOU, BEOUMI ET KONDROBO, COMMUNES ET SOUS-PREFECTURES | RHDP | UNE COTE DIVOIRE EN PAIX, PROSPERE ET SOLIDAIRE | 3559 voix | 23.61%"
056,6,440,2.92,False,10,374.5,INDEPENDANT,ENTENTE POUR LE DEVELOPPEMENT,INDEPENDANT,ENTENTE POUR LE DEVELOPPEMENT,True,4,302,"[p.10] 056 ANDO-KEKRENOU, BEOUMI ET KONDROBO, COMMUNES ET SOUS-PREFECTURES | INDEPENDANT | ENTENTE POUR LE DEVELOPPEMENT | 440 voix | 2.92%"
056,7,5734,38.04,True,10,393.6,PDCI-RDA,TOUS ENSEMBLE POUR LA CÔTE D'IVOIRE,PDCIRDA,TOUS ENSEMBLE POUR LA COTE D IVOIRE,True,1,303,"[p.10] 056 ANDO-KEKRENOU, BEOUMI ET KONDROBO, COMMUNES ET SOUS-PREFECTURES | PDCI-RDA | TOUS ENSEMBLE POUR LA CÔTE D'IVOIRE | 5734 voix | 38.04% | ELU(E)"
057,1,3375,46.98,True,10,413.0,INDEPENDANT,KOUAKOU KOUAME MAXIME,INDEPENDANT,KOUAKOU KOUAME MAXIME,False,1,304,"[p.10] 057 BODOKRO, LOLOBO ET N'GUESSANKRO, COMMUNES ET SOUS-PREFECTURES | INDEPENDANT | KOUAKOU KOUAME MAXIME | 3375 voix | 46.98% | ELU(E)"
057,2,1600,22.27,False,10,432.5,RHDP,KOUAME ATTINGBRE,RHDP,KOUAME ATTINGBRE,False,2,305,"[p.10] 057 BODOKRO, LOLOBO ET N'GUESSANKRO, COMMUNES ET SOUS-PREFECTURES | RHDP | KOUAME ATTINGBRE | 1600 voix | 22.27%"
057,3,261,3.63,False,10,451.8,INDEPENDANT,N'GUESSAN KOUADIO JULES,INDEPENDANT,N GUESSAN KOUADIO JULES,False,5,306,"[p.10] 057 BODOKRO, LOLOBO ET N'GUESSANKRO, COMMUNES ET SOUS-PREFECTURES | INDEPENDANT | N'GUESSAN KOUADIO JULES | 261 voix | 3.63%"
057,4,329,4.58,False,10,471.1,FPI,KOUASSI YAO RAPHAËL,FPI,KOUASSI YAO RAPHAEL,False,4,307,"[p.10] 057 BODOKRO, LOLOBO ET N'GUESSANKRO, COMMUNES ET SOUS-PREFECTURES | FPI | KOUASSI YAO RAPHAËL | 329 voix | 4.58%"
057,5,1541,21.45,False,10,490.3,PDCI-RDA,SAHOURE N'GUESSAN PATRICE,PDCIRDA,SAHOURE N GUESSAN PATRICE,False,3,308,"[p.10] 057 BODOKRO, LOLOBO ET N'GUESSANKRO, COMMUNES ET SOUS-PREFECTURES | PDCI-RDA | SAHOURE N'GUESSAN PATRICE | 1541 voix | 21.45%"
058,1,208,3.22,False,10,509.6,INDEPENDANT,YAO KOUASSI NOGUES,INDEPENDANT,YAO KOUASSI NOGUES,False,5,309,"[p.10] 058 BOTRO ET KROFOINSOU, COMMUNES ET SOUS-PREFECTURES | INDEPENDANT | YAO KOUASSI NOGUES | 208 voix | 3.22%"
058,2,3639,56.27,True,10,529.1,RHDP,YAO KOUASSI MAURICE,RHDP,YAO KOUASSI MAURICE,False,1,310,"[p.10] 058 BOTRO ET KROFOINSOU, COMMUNES ET SOUS-PREFECTURES | RHDP | YAO KOUASSI MAURICE | 3639 voix | 56.27% | ELU(E)"
058,3,289,4.47,False,10,548.4,INDEPENDANT,KOUADIO KOUASSI LANDRY,INDEPENDANT,KOUADIO KOUASSI LANDRY,False,3,311,"[p.10] 058 BOTRO ET KROFOINSOU, COMMUNES ET SOUS-PREFECTURES | INDEPENDANT | KOUADIO KOUASSI LANDRY | 289 voix | 4.47%"
058,4,221,3.42,False,10,567.7,INDEPENDANT,GNAMIEN KONAN,INDEPENDANT,GNAMIEN KONAN,False,4,312,"[p.10] 058 BOTRO ET KROFOINSOU, COMMUNES ET SOUS-PREFECTURES | INDEPENDANT | GNAMIEN KONAN | 221 voix | 3.42%"
058,5,79,1.22,False,10,587.1,INDEPENDANT,DIABY AMADOU,INDEPENDANT,DIABY AMADOU,False,6,313,"[p.10] 058 BOTRO ET KROFOINSOU, COMMUNES ET SOUS-PREFECTURES | INDEPENDANT | DIABY AMADOU | 79 voix | 1.22%"
058,6,1975,30.54,False,10,606.2,PDCI-RDA,AZAGOH-KOUADIO RICHARD,PDCIRDA,AZAGOH KOUADIO RICHARD,False,2,314,"[p.10] 058 BOTRO ET KROFOINSOU, COMMUNES ET SOUS-PREFECTURES | PDCI-RDA | AZAGOH-KOUADIO RICHARD | 1975 voix | 30.54%"
059,1,6758,65.08,True,10,625.5,RHDP,ASSAHORE KONAN JACQUES,RHDP,ASSAHORE KONAN JACQUES,False,1,315,"[p.10] 059 DIABO ET LANGUIBONOU, COMMUNES ET SOUS-PREFECTURES | RHDP | ASSAHORE KONAN JACQUES | 6758 voix | 65.08% | ELU(E)"
059,2,78,0.75,False,10,645.0,INDEPENDANT,YAO-KOUAME ALBERT,INDEPENDANT,YAO KOUAME ALBERT,False,5,316,"[p.10] 059 DIABO ET LANGUIBONOU, COMMUNES ET SOUS-PREFECTURES | INDEPENDANT | YAO-KOUAME ALBERT | 78 voix | 0.75%"
059,3,57,0.55,False,10,664.4,INDEPENDANT,BROU KOUASSI FELICIEN,INDEPENDANT,BROU KOUASSI FELICIEN,False,6,317,"[p.10] 059 DIABO ET LANGUIBONOU, COMMUNES ET SOUS-PREFECTURES | INDEPENDANT | BROU KOUASSI FELICIEN | 57 voix | 0.55%"
059,4,80,0.77,False,10,683.7,INDEPENDANT,KOUADIO KOUAME EMMANUEL,INDEPENDANT,KOUADIO KOUAME EMMANUEL,False,4,318,"[p.10] 059 DIABO ET LANGUIBONOU, COMMUNES ET SOUS-PREFECTURES | INDEPENDANT | KOUADIO KOUAME EMMANUEL | 80 voix | 0.77%"
059,5,598,5.76,False,10,703.0,INDEPENDANT,YAO BETTY ARIANE REBECCA MARIE,INDEPENDANT,YAO BETTY ARIANE REBECCA MARIE,False,3,319,"[p.10] 059 DIABO ET LANGUIBONOU, COMMUNES ET SOUS-PREFECTURES | INDEPENDANT | YAO BETTY ARIANE REBECCA MARIE | 598 voix | 5.76%"
059,6,22,0.21,False,10,722.3,INDEPENDANT,N'GUESSAN KOUADIO LEONCE,INDEPENDANT,N GUESSAN KOUADIO LEONCE,False,7,320,"[p.10] 059 DIABO ET LANGUIBONOU, COMMUNES ET SOUS-PREFECTURES | INDEPENDANT | N'GUESSAN KOUADIO LEONCE | 22 voix | 0.21%"
059,7,2644,25.46,False,10,741.5,PDCI-RDA,HOUSSOU KOUADIO CHRISTOPHE,PDCIRDA,HOUSSOU KOUADIO CHRISTOPHE,False,2,321,"[p.10] 059 DIABO ET LANGUIBONOU, COMMUNES ET SOUS-PREFECTURES | PDCI-RDA | HOUSSOU KOUADIO CHRISTOPHE | 2644 voix | 25.46%"
060,1,111618,98.95,True,10,760.6,RHDP,"UNE CÔTE DIVOIRE EN PAIX, PROSPERE ET SOLIDARITE",RHDP,UNE COTE DIVOIRE EN PAIX PROSPERE ET SOLIDARITE,True,1,322,"[p.10] 060 BOUAKE, VILLE | RHDP | UNE CÔTE DIVOIRE EN PAIX, PROSPERE ET SOLIDARITE | 111618 voix | 98.95% | ELU(E)"
061,1,692,6.1,False,10,780.1,CODE,OSONS LE CHANGEMENT,CODE,OSONS LE CHANGEMENT,True,4,323,"[p.10] 061 BOUNDA, BROBO ET MAMINI, COMMUNES ET SOUS-PREFECTURES, BOUAKE, SOUS-PREFECTURE | CODE | OSONS LE CHANGEMENT | 692 voix | 6.10%"
061,2,300,2.64,False,10,799.6,GP-PAIX,PAIX-UNITE-PROSPERITE,GPPAIX,PAIX UNITE PROSPERITE,True,5,324,"[p.10] 061 BOUNDA, BROBO ET MAMINI, COMMUNES ET SOUS-PREFECTURES, BOUAKE, SOUS-PREFECTURE | GP-PAIX | PAIX-UNITE-PROSPERITE | 300 voix | 2.64%"
061,3,940,8.28,False,11,65.3,INDEPENDANT,"VISION, INTEGRITE, ESPOIR",INDEPENDANT,VISION INTEGRITE ESPOIR,True,3,325,"[p.11] 061 BOUNDA, BROBO ET MAMINI, COMMUNES ET SOUS-PREFECTURES, BOUAKE, SOUS-PREFECTURE | INDEPENDANT | VISION, INTEGRITE, ESPOIR | 940 voix | 8.28%"
061,4,5421,47.77,True,11,84.7,RHDP,"UNE COTE D""IVOIRE EN PAIX, PROSPERE ET SOLIDAIRE",RHDP,UNE COTE D IVOIRE EN PAIX PROSPERE ET SOLIDAIRE,True,1,326,"[p.11] 061 BOUNDA, BROBO ET MAMINI, COMMUNES ET SOUS-PREFECTURES, BOUAKE, SOUS-PREFECTURE | RHDP | UNE COTE D""IVOIRE EN PAIX, PROSPERE ET SOLIDAIRE | 5421 voix | 47.77% | ELU(E)"
061,5,3771,33.23,False,11,104.0,PDCI-RDA,TOUS ENSEMBLE POUR LA CÔTE D'IVOIRE,PDCIRDA,TOUS ENSEMBLE POUR LA COTE D IVOIRE,True,2,327,"[p.11] 061 BOUNDA, BROBO ET MAMINI, COMMUNES ET SOUS-PREFECTURES, BOUAKE, SOUS-PREFECTURE | PDCI-RDA | TOUS ENSEMBLE POUR LA CÔTE D'IVOIRE | 3771 voix | 33.23%"
061,6,81,0.71,False,11,123.1,INDEPENDANT,UNION-DYNAMISME-ENTRAIDE,INDEPENDANT,UNION DYNAMISME ENTRAIDE,True,6,328,"[p.11] 061 BOUNDA, BROBO ET MAMINI, COMMUNES ET SOUS-PREFECTURES, BOUAKE, SOUS-PREFECTURE | INDEPENDANT | UNION-DYNAMISME-ENTRAIDE | 81 voix | 0.71%"
062,1,60,1.17,False,11,142.5,ADCI,KONAN YAO AUBIN,ADCI,KONAN YAO AUBIN,False,6,329,"[p.11] 062 DJEBONOUA, COMMUNE ET SOUS-PREFECTURE | ADCI | KONAN YAO AUBIN | 60 voix | 1.17%"
062,2,243,4.75,False,11,162.0,INDEPENDANT,TAIGUAIN KOFFI EDMOND,INDEPENDANT,TAIGUAIN KOFFI EDMOND,False,4,330,"[p.11] 062 DJEBONOUA, COMMUNE ET SOUS-PREFECTURE | INDEPENDANT | TAIGUAIN KOFFI EDMOND | 243 voix | 4.75%"
062,3,1224,23.94,False,11,181.3,INDEPENDANT,KOUAME KOUASSI GUSTAVE,INDEPENDANT,KOUAME KOUASSI GUSTAVE,False,2,331,"[p.11] 062 DJEBONOUA, COMMUNE ET SOUS-PREFECTURE | INDEPENDANT | KOUAME KOUASSI GUSTAVE | 1224 voix | 23.94%"
062,4,60,1.17,False,11,200.6,INDEPENDANT,KOUADIO DIE,INDEPENDANT,KOUADIO DIE,False,6,332,"[p.11] 062 DJEBONOUA, COMMUNE ET SOUS-PREFECTURE | INDEPENDANT | KOUADIO DIE | 60 voix | 1.17%"
062,5,82,1.6,False,11,219.9,INDEPENDANT,DJE EDEPHOUET JACQUES ARNAUD,INDEPENDANT,DJE EDEPHOUET JACQUES ARNAUD,False,5,333,"[p.11] 062 DJEBONOUA, COMMUNE ET SOUS-PREFECTURE | INDEPENDANT | DJE EDEPHOUET JACQUES ARNAUD | 82 voix | 1.60%"
062,6,441,8.63,False,11,239.2,RHDP,ALLALI JUSTICE EULOGE BENIANSOU,RHDP,ALLALI JUSTICE EULOGE BENIANSOU,False,3,334,"[p.11] 062 DJEBONOUA, COMMUNE ET SOUS-PREFECTURE | RHDP | ALLALI JUSTICE EULOGE BENIANSOU | 441 voix | 8.63%"
062,7,2944,57.58,True,11,258.4,PDCI-RDA,YAO KOUADIO ROLAND,PDCIRDA,YAO KOUADIO ROLAND,False,1,335,"[p.11] 062 DJEBONOUA, COMMUNE ET SOUS-PREFECTURE | PDCI-RDA | YAO KOUADIO ROLAND | 2944 voix | 57.58% | ELU(E)"
063,1,1155,10.15,False,11,277.7,INDEPENDANT,KOUADIO KPANNIGO N'GUESSAN VALERIE,INDEPENDANT,KOUADIO KPANNIGO N GUESSAN VALERIE,False,3,336,"[p.11] 063 AYAOU-SRAN, DIBRI-ASRIKRO, SAKASSOU ET TOUMODI-SAKASSOU, COMMUNES ET SOUS-PREFECTURES | INDEPENDANT | KOUADIO KPANNIGO N'GUESSAN VALERIE | 1155 voix | 10.15%"
063,2,34,0.3,False,11,297.2,INDEPENDANT,N'GUESSAN KOUASSI DENIS,INDEPENDANT,N GUESSAN KOUASSI DENIS,False,8,337,"[p.11] 063 AYAOU-SRAN, DIBRI-ASRIKRO, SAKASSOU ET TOUMODI-SAKASSOU, COMMUNES ET SOUS-PREFECTURES | INDEPENDANT | N'GUESSAN KOUASSI DENIS | 34 voix | 0.30%"
063,3,284,2.5,False,11,316.5,INDEPENDANT,KOUASSI HERMANN RODOLPHE,INDEPENDANT,KOUASSI HERMANN RODOLPHE,False,5,338,"[p.11] 063 AYAOU-SRAN, DIBRI-ASRIKRO, SAKASSOU ET TOUMODI-SAKASSOU, COMMUNES ET SOUS-PREFECTURES | INDEPENDANT | KOUASSI HERMANN RODOLPHE | 284 voix | 2.50%"
063,4,177,1.56,False,11,335.9,CODE,ZELIA KAKAUF ABOH KOFFI,CODE,ZELIA KAKAUF ABOH KOFFI,False,7,339,"[p.11] 063 AYAOU-SRAN, DIBRI-ASRIKRO, SAKASSOU ET TOUMODI-SAKASSOU, COMMUNES ET SOUS-PREFECTURES | CODE | ZELIA KAKAUF ABOH KOFFI | 177 voix | 1.56%"
063,5,214,1.88,False,11,355.2,INDEPENDANT,KOFFI KOUACOU BENOIT,INDEPENDANT,KOFFI KOUACOU BENOIT,False,6,340,"[p.11] 063 AYAOU-SRAN, DIBRI-ASRIKRO, SAKASSOU ET TOUMODI-SAKASSOU, COMMUNES ET SOUS-PREFECTURES | INDEPENDANT | KOFFI KOUACOU BENOIT | 214 voix | 1.88%"
063,6,3597,31.62,False,11,374.5,RHDP,TOTO KOUADIO YVES,RHDP,TOTO KOUADIO YVES,False,2,341,"[p.11] 063 AYAOU-SRAN, DIBRI-ASRIKRO, SAKASSOU ET TOUMODI-SAKASSOU, COMMUNES ET SOUS-PREFECTURES | RHDP | TOTO KOUADIO YVES | 3597 voix | 31.62%"
063,7,781,6.87,False,11,393.8,ADCI,TOTO KONAN VALENTIN,ADCI,TOTO KONAN VALENTIN,False,4,342,"[p.11] 063 AYAOU-SRAN, DIBRI-ASRIKRO, SAKASSOU ET TOUMODI-SAKASSOU, COMMUNES ET SOUS-PREFECTURES | ADCI | TOTO KONAN VALENTIN | 781 voix | 6.87%"
063,8,4970,43.69,True,11,413.0,PDCI-RDA,KOUADIO KOUAME EUGENE,PDCIRDA,KOUADIO KOUAME EUGENE,False,1,343,"[p.11] 063 AYAOU-SRAN, DIBRI-ASRIKRO, SAKASSOU ET TOUMODI-SAKASSOU, COMMUNES ET SOUS-PREFECTURES | PDCI-RDA | KOUADIO KOUAME EUGENE | 4970 voix | 43.69% | ELU(E)"
064,1,4897,71.9,True,11,432.3,RHDP,KEBE MAHAMADOU,RHDP,KEBE MAHAMADOU,False,1,344,"[p.11] 064 DAKPADOU ET SAGO, COMMUNES ET SOUS·PREFECTURES | RHDP | KEBE MAHAMADOU | 4897 voix | 71.90% | ELU(E)"
064,2,411,6.03,False,11,451.8,INDEPENDANT,YAO KONAN PAUL STEPHANE GISCARD RUFFIN,INDEPENDANT,YAO KONAN PAUL STEPHANE GISCARD RUFFIN,False,3,345,"[p.11] 064 DAKPADOU ET SAGO, COMMUNES ET SOUS·PREFECTURES | INDEPENDANT | YAO KONAN PAUL STEPHANE GISCARD RUFFIN | 411 voix | 6.03%"
064,3,1385,20.33,False,11,470.9,PDCI-RDA,GBALET DAKOURY DENIS,PDCIRDA,GBALET DAKOURY DENIS,False,2,346,"[p.11] 064 DAKPADOU ET SAGO, COMMUNES ET SOUS·PREFECTURES | PDCI-RDA | GBALET DAKOURY DENIS | 1385 voix | 20.33%"
065,1,4032,55.13,True,11,490.3,INDEPENDANT,KACOU MEA D'ASSIE JUSTIN KEVIN,INDEPENDANT,KACOU MEA D ASSIE JUSTIN KEVIN,False,1,347,"[p.11] 065 GRIHIRI, LOBAKUYA, MEDON ET SASSANDRA, COMMUNES ET SOUS-PREFECTURES | INDEPENDANT | KACOU MEA D'ASSIE JUSTIN KEVIN | 4032 voix | 55.13% | ELU(E)"
065,2,2632,35.99,False,11,509.8,RHDP,FREGBO GUETE BASILE MESMIN,RHDP,FREGBO GUETE BASILE MESMIN,False,2,348,"[p.11] 065 GRIHIRI, LOBAKUYA, MEDON ET SASSANDRA, COMMUNES ET SOUS-PREFECTURES | RHDP | FREGBO GUETE BASILE MESMIN | 2632 voix | 35.99%"
065,3,74,1.01,False,11,529.1,UDCY,GOUHIZOUN N'DA PATRICK JEAN KOUAME,UDCY,GOUHIZOUN N DA PATRICK JEAN KOUAME,False,5,349,"[p.11] 065 GRIHIRI, LOBAKUYA, MEDON ET SASSANDRA, COMMUNES ET SOUS-PREFECTURES | UDCY | GOUHIZOUN N'DA PATRICK JEAN KOUAME | 74 voix | 1.01%"
065,4,111,1.52,False,11,548.4,INDEPENDANT,DIAKITE MOHAMED,INDEPENDANT,DIAKITE MOHAMED,False,4,350,"[p.11] 065 GRIHIRI, LOBAKUYA, MEDON ET SASSANDRA, COMMUNES ET SOUS-PREFECTURES | INDEPENDANT | DIAKITE MOHAMED | 111 voix | 1.52%"
065,5,403,5.51,False,11,567.6,PDCI-RDA,GOUDARD AGOUA MOISE-HONORAT,PDCIRDA,GOUDARD AGOUA MOISE HONORAT,False,3,351,"[p.11] 065 GRIHIRI, LOBAKUYA, MEDON ET SASSANDRA, COMMUNES ET SOUS-PREFECTURES | PDCI-RDA | GOUDARD AGOUA MOISE-HONORAT | 403 voix | 5.51%"
066,1,303,4.74,False,11,586.9,INDEPENDANT,NANAN KOFFI,INDEPENDANT,NANAN KOFFI,False,5,352,"[p.11] 066 DAHIRI, FRESCO ET GBAGBAM, COMMUNES ET SOUS-PREFECTURES | INDEPENDANT | NANAN KOFFI | 303 voix | 4.74%"
066,2,967,15.13,False,11,606.4,INDEPENDANT,SAMA DAMALAN JANVIER,INDEPENDANT,SAMA DAMALAN JANVIER,False,3,353,"[p.11] 066 DAHIRI, FRESCO ET GBAGBAM, COMMUNES ET SOUS-PREFECTURES | INDEPENDANT | SAMA DAMALAN JANVIER | 967 voix | 15.13%"
066,3,2976,46.57,True,11,625.7,RHDP,LEGRE DAKPA PHILIPPE,RHDP,LEGRE DAKPA PHILIPPE,False,1,354,"[p.11] 066 DAHIRI, FRESCO ET GBAGBAM, COMMUNES ET SOUS-PREFECTURES | RHDP | LEGRE DAKPA PHILIPPE | 2976 voix | 46.57% | ELU(E)"
066,4,85,1.33,False,11,645.0,ADCI,ABALE BASILE HENRI,ADCI,ABALE BASILE HENRI,False,6,355,"[p.11] 066 DAHIRI, FRESCO ET GBAGBAM, COMMUNES ET SOUS-PREFECTURES | ADCI | ABALE BASILE HENRI | 85 voix | 1.33%"
066,5,1625,25.43,False,11,664.4,INDEPENDANT,KPREKPRE ZILIHONON BERNADETTE ERNESTINE SYLVIE,INDEPENDANT,KPREKPRE ZILIHONON BERNADETTE ERNESTINE SYLVIE,False,2,356,"[p.11] 066 DAHIRI, FRESCO ET GBAGBAM, COMMUNES ET SOUS-PREFECTURES | INDEPENDANT | KPREKPRE ZILIHONON BERNADETTE ERNESTINE SYLVIE | 1625 voix | 25.43%"
066,6,378,5.91,False,11,683.5,PDCI-RDA,ZAMA JEAN-LUC,PDCIRDA,ZAMA JEAN LUC,False,4,357,"[p.11] 066 DAHIRI, FRESCO ET GBAGBAM, COMMUNES ET SOUS-PREFECTURES | PDCI-RDA | ZAMA JEAN-LUC | 378 voix | 5.91%"
067,1,67,0.64,False,12,65.2,INDEPENDANT,YORO ALAIN MICHEL,INDEPENDANT,YORO ALAIN MICHEL,False,15,358,"[p.12] 067 BAYOTA, DAHIEPA·KEHI, OURAGAHIO ET YOPOHUE, COMMUNES ET SOUS-PREFECTURES | INDEPENDANT | YORO ALAIN MICHEL | 67 voix | 0.64%"
067,2,121,1.16,False,12,84.7,INDEPENDANT,GOLLO-TABLEY ROBERT GABRIEL,INDEPENDANT,GOLLO TABLEY ROBERT GABRIEL,False,13,359,"[p.12] 067 BAYOTA, DAHIEPA·KEHI, OURAGAHIO ET YOPOHUE, COMMUNES ET SOUS-PREFECTURES | INDEPENDANT | GOLLO-TABLEY ROBERT GABRIEL | 121 voix | 1.16%"
067,3,1582,15.18,False,12,104.0,INDEPENDANT,DOUAI LEGRE GERMAIN,INDEPENDANT,DOUAI LEGRE GERMAIN,False,3,360,"[p.12] 067 BAYOTA, DAHIEPA·KEHI, OURAGAHIO ET YOPOHUE, COMMUNES ET SOUS-PREFECTURES | INDEPENDANT | DOUAI LEGRE GERMAIN | 1582 voix | 15.18%"
067,4,63,0.6,False,12,123.3,INDEPENDANT,GBEKEDI DOUHABOU NOEL,INDEPENDANT,GBEKEDI DOUHABOU NOEL,False,16,361,"[p.12] 067 BAYOTA, DAHIEPA·KEHI, OURAGAHIO ET YOPOHUE, COMMUNES ET SOUS-PREFECTURES | INDEPENDANT | GBEKEDI DOUHABOU NOEL | 63 voix | 0.60%"
067,5,418,4.01,False,12,142.6,EDS,GAROU ANTONI,EDS,GAROU ANTONI,False,7,362,"[p.12] 067 BAYOTA, DAHIEPA·KEHI, OURAGAHIO ET YOPOHUE, COMMUNES ET SOUS-PREFECTURES | EDS | GAROU ANTONI | 418 voix | 4.01%"
067,6,1819,17.46,False,12,162.0,PDCI-RDA,KONE-OBRE DEPROU CYRIELLE EMMANUELLE,PDCIRDA,KONE OBRE DEPROU CYRIELLE EMMANUELLE,False,2,363,"[p.12] 067 BAYOTA, DAHIEPA·KEHI, OURAGAHIO ET YOPOHUE, COMMUNES ET SOUS-PREFECTURES | PDCI-RDA | KONE-OBRE DEPROU CYRIELLE EMMANUELLE | 1819 voix | 17.46%"
067,7,140,1.34,False,12,181.3,MGC,GOURI KOUDOUGNON ALAIN,MGC,GOURI KOUDOUGNON ALAIN,False,12,364,"[p.12] 067 BAYOTA, DAHIEPA·KEHI, OURAGAHIO ET YOPOHUE, COMMUNES ET SOUS-PREFECTURES | MGC | GOURI KOUDOUGNON ALAIN | 140 voix | 1.34%"
067,8,42,0.4,False,12,200.6,INDEPENDANT,KRIZO NICOLE FLEUR REGINA,INDEPENDANT,KRIZO NICOLE FLEUR REGINA,False,17,365,"[p.12] 067 BAYOTA, DAHIEPA·KEHI, OURAGAHIO ET YOPOHUE, COMMUNES ET SOUS-PREFECTURES | INDEPENDANT | KRIZO NICOLE FLEUR REGINA | 42 voix | 0.40%"
067,9,662,6.35,False,12,219.9,INDEPENDANT,SOGO AYMAR TANGUY BLAIS,INDEPENDANT,SOGO AYMAR TANGUY BLAIS,False,5,366,"[p.12] 067 BAYOTA, DAHIEPA·KEHI, OURAGAHIO ET YOPOHUE, COMMUNES ET SOUS-PREFECTURES | INDEPENDANT | SOGO AYMAR TANGUY BLAIS | 662 voix | 6.35%"
067,10,621,5.96,False,12,239.2,INDEPENDANT,DJEDJE BAGNON MARIUS BIENVENU,INDEPENDANT,DJEDJE BAGNON MARIUS BIENVENU,False,6,367,"[p.12] 067 BAYOTA, DAHIEPA·KEHI, OURAGAHIO ET YOPOHUE, COMMUNES ET SOUS-PREFECTURES | INDEPENDANT | DJEDJE BAGNON MARIUS BIENVENU | 621 voix | 5.96%"
067,11,2749,26.38,True,12,258.6,RHDP,KONE ISSA,RHDP,KONE ISSA,False,1,368,"[p.12] 067 BAYOTA, DAHIEPA·KEHI, OURAGAHIO ET YOPOHUE, COMMUNES ET SOUS-PREFECTURES | RHDP | KONE ISSA | 2749 voix | 26.38% | ELU(E)"
067,12,299,2.87,False,12,277.9,INDEPENDANT,DALLY PRUDENCE SONIA,INDEPENDANT,DALLY PRUDENCE SONIA,False,9,369,"[p.12] 067 BAYOTA, DAHIEPA·KEHI, OURAGAHIO ET YOPOHUE, COMMUNES ET SOUS-PREFECTURES | INDEPENDANT | DALLY PRUDENCE SONIA | 299 voix | 2.87%"
067,13,195,1.87,False,12,297.2,CODE,GRI SERAPHIN,CODE,GRI SERAPHIN,False,11,370,"[p.12] 067 BAYOTA, DAHIEPA·KEHI, OURAGAHIO ET YOPOHUE, COMMUNES ET SOUS-PREFECTURES | CODE | GRI SERAPHIN | 195 voix | 1.87%"
067,14,95,0.91,False,12,316.5,INDEPENDANT,LITIE LITIE ERIC,INDEPENDANT,LITIE LITIE ERIC,False,14,371,"[p.12] 067 BAYOTA, DAHIEPA·KEHI, OURAGAHIO ET YOPOHUE, COMMUNES ET SOUS-PREFECTURES | INDEPENDANT | LITIE LITIE ERIC | 95 voix | 0.91%"
067,15,266,2.55,False,12,335.9,INDEPENDANT,YOUBOLOU ADJEHI NATHALIE,INDEPENDANT,YOUBOLOU ADJEHI NATHALIE,False,10,372,"[p.12] 067 BAYOTA, DAHIEPA·KEHI, OURAGAHIO ET YOPOHUE, COMMUNES ET SOUS-PREFECTURES | INDEPENDANT | YOUBOLOU ADJEHI NATHALIE | 266 voix | 2.55%"
067,16,373,3.58,False,12,355.2,INDEPENDANT,ZAGO KPOKOU FRANCIS GOSSET,INDEPENDANT,ZAGO KPOKOU FRANCIS GOSSET,False,8,373,"[p.12] 067 BAYOTA, DAHIEPA·KEHI, OURAGAHIO ET YOPOHUE, COMMUNES ET SOUS-PREFECTURES | INDEPENDANT | ZAGO KPOKOU FRANCIS GOSSET | 373 voix | 3.58%"
067,17,741,7.11,False,12,374.3,INDEPENDANT,GBALOU SERY MARTIN CLAVER,INDEPENDANT,GBALOU SERY MARTIN CLAVER,False,4,374,"[p.12] 067 BAYOTA, DAHIEPA·KEHI, OURAGAHIO ET YOPOHUE, COMMUNES ET SOUS-PREFECTURES | INDEPENDANT | GBALOU SERY MARTIN CLAVER | 741 voix | 7.11%"
068,1,17,0.2,False,12,393.6,CRI PANAFRICAIN,NAKI GOHOU ABEL,CRIPANAFRICAIN,NAKI GOHOU ABEL,False,7,375,"[p.12] 068 DIGNAGO, GALEBOUO ET GUIBEROUA, COMMUNES ET SOUS-PREFECTURES | CRI PANAFRICAIN | NAKI GOHOU ABEL | 17 voix | 0.20%"
068,2,274,3.17,False,12,413.2,FPI,LIBY GUILLAUME,FPI,LIBY GUILLAUME,False,5,376,"[p.12] 068 DIGNAGO, GALEBOUO ET GUIBEROUA, COMMUNES ET SOUS-PREFECTURES | FPI | LIBY GUILLAUME | 274 voix | 3.17%"
068,3,1704,19.72,False,12,432.5,PDCI-RDA,DIGBEU BLE ALFRED,PDCIRDA,DIGBEU BLE ALFRED,False,2,377,"[p.12] 068 DIGNAGO, GALEBOUO ET GUIBEROUA, COMMUNES ET SOUS-PREFECTURES | PDCI-RDA | DIGBEU BLE ALFRED | 1704 voix | 19.72%"
068,4,1327,15.35,False,12,451.8,INDEPENDANT,OURAGA SERGE OLIVIER,INDEPENDANT,OURAGA SERGE OLIVIER,False,3,378,"[p.12] 068 DIGNAGO, GALEBOUO ET GUIBEROUA, COMMUNES ET SOUS-PREFECTURES | INDEPENDANT | OURAGA SERGE OLIVIER | 1327 voix | 15.35%"
068,5,4730,54.73,True,12,471.1,RHDP,DOGO LOGBO MYSS BELMONDE,RHDP,DOGO LOGBO MYSS BELMONDE,False,1,379,"[p.12] 068 DIGNAGO, GALEBOUO ET GUIBEROUA, COMMUNES ET SOUS-PREFECTURES | RHDP | DOGO LOGBO MYSS BELMONDE | 4730 voix | 54.73% | ELU(E)"
068,6,44,0.51,False,12,490.4,CODE,ZIE BETO ALFRED,CODE,ZIE BETO ALFRED,False,6,380,"[p.12] 068 DIGNAGO, GALEBOUO ET GUIBEROUA, COMMUNES ET SOUS-PREFECTURES | CODE | ZIE BETO ALFRED | 44 voix | 0.51%"
068,7,460,5.32,False,12,509.6,INDEPENDANT,KOUADIO KONAN LEON,INDEPENDANT,KOUADIO KONAN LEON,False,4,381,"[p.12] 068 DIGNAGO, GALEBOUO ET GUIBEROUA, COMMUNES ET SOUS-PREFECTURES | INDEPENDANT | KOUADIO KONAN LEON | 460 voix | 5.32%"
069,1,448,4.45,False,13,65.2,INDEPENDANT,GNAHORE SIABA GEORGES,INDEPENDANT,GNAHORE SIABA GEORGES,False,7,382,"[p.13] 069 DOUGROUPALEGNOA, DOUKOUYO, GNAGBODOUGNOA ET SERIHIO, COMMUNES ET SOUS-PREFECTURES, GAGNOA, SOUS-PREFECTURE | INDEPENDANT | GNAHORE SIABA GEORGES | 448 voix | 4.45%"
069,2,1600,15.89,False,13,84.7,INDEPENDANT,KAKOU GUIKAHUE MAURICE,INDEPENDANT,KAKOU GUIKAHUE MAURICE,False,4,383,"[p.13] 069 DOUGROUPALEGNOA, DOUKOUYO, GNAGBODOUGNOA ET SERIHIO, COMMUNES ET SOUS-PREFECTURES, GAGNOA, SOUS-PREFECTURE | INDEPENDANT | KAKOU GUIKAHUE MAURICE | 1600 voix | 15.89%"
069,3,55,0.55,False,13,104.0,INDEPENDANT,ADJI KODOU MATHIAS,INDEPENDANT,ADJI KODOU MATHIAS,False,12,384,"[p.13] 069 DOUGROUPALEGNOA, DOUKOUYO, GNAGBODOUGNOA ET SERIHIO, COMMUNES ET SOUS-PREFECTURES, GAGNOA, SOUS-PREFECTURE | INDEPENDANT | ADJI KODOU MATHIAS | 55 voix | 0.55%"
069,4,1885,18.72,True,13,123.3,INDEPENDANT,MOUSSA KONATE,INDEPENDANT,MOUSSA KONATE,False,1,385,"[p.13] 069 DOUGROUPALEGNOA, DOUKOUYO, GNAGBODOUGNOA ET SERIHIO, COMMUNES ET SOUS-PREFECTURES, GAGNOA, SOUS-PREFECTURE | INDEPENDANT | MOUSSA KONATE | 1885 voix | 18.72% | ELU(E)"
069,5,1314,13.05,False,13,142.6,INDEPENDANT,RABE LIAGRO CHARLES,INDEPENDANT,RABE LIAGRO CHARLES,False,5,386,"[p.13] 069 DOUGROUPALEGNOA, DOUKOUYO, GNAGBODOUGNOA ET SERIHIO, COMMUNES ET SOUS-PREFECTURES, GAGNOA, SOUS-PREFECTURE | INDEPENDANT | RABE LIAGRO CHARLES | 1314 voix | 13.05%"
069,6,47,0.47,False,13,162.0,INDEPENDANT,BAGNIMO DIABOU OLIVIER,INDEPENDANT,BAGNIMO DIABOU OLIVIER,False,14,387,"[p.13] 069 DOUGROUPALEGNOA, DOUKOUYO, GNAGBODOUGNOA ET SERIHIO, COMMUNES ET SOUS-PREFECTURES, GAGNOA, SOUS-PREFECTURE | INDEPENDANT | BAGNIMO DIABOU OLIVIER | 47 voix | 0.47%"
069,7,49,0.49,False,13,181.3,INDEPENDANT,DAKOURY ELIE,INDEPENDANT,DAKOURY ELIE,False,13,388,"[p.13] 069 DOUGROUPALEGNOA, DOUKOUYO, GNAGBODOUGNOA ET SERIHIO, COMMUNES ET SOUS-PREFECTURES, GAGNOA, SOUS-PREFECTURE | INDEPENDANT | DAKOURY ELIE | 49 voix | 0.49%"
069,8,62,0.62,False,13,200.6,INDEPENDANT,GNAGA LOSS-ROSS,INDEPENDANT,GNAGA LOSS ROSS,False,10,389,"[p.13] 069 DOUGROUPALEGNOA, DOUKOUYO, GNAGBODOUGNOA ET SERIHIO, COMMUNES ET SOUS-PREFECTURES, GAGNOA, SOUS-PREFECTURE | INDEPENDANT | GNAGA LOSS-ROSS | 62 voix | 0.62%"
069,9,1607,15.96,False,13,219.9,PDCI-RDA,YAO KOUAME RENE,PDCIRDA,YAO KOUAME RENE,False,3,390,"[p.13] 069 DOUGROUPALEGNOA, DOUKOUYO, GNAGBODOUGNOA ET SERIHIO, COMMUNES ET SOUS-PREFECTURES, GAGNOA, SOUS-PREFECTURE | PDCI-RDA | YAO KOUAME RENE | 1607 voix | 15.96%"
069,10,59,0.59,False,13,239.2,INDEPENDANT,YAZI IKPO JEAN ARNAUD,INDEPENDANT,YAZI IKPO JEAN ARNAUD,False,11,391,"[p.13] 069 DOUGROUPALEGNOA, DOUKOUYO, GNAGBODOUGNOA ET SERIHIO, COMMUNES ET SOUS-PREFECTURES, GAGNOA, SOUS-PREFECTURE | INDEPENDANT | YAZI IKPO JEAN ARNAUD | 59 voix | 0.59%"
069,11,721,7.16,False,13,258.6,INDEPENDANT,GNADJA DOGBA-RICHARD,INDEPENDANT,GNADJA DOGBA RICHARD,False,6,392,"[p.13] 069 DOUGROUPALEGNOA, DOUKOUYO, GNAGBODOUGNOA ET SERIHIO, COMMUNES ET SOUS-PREFECTURES, GAGNOA, SOUS-PREFECTURE | INDEPENDANT | GNADJA DOGBA-RICHARD | 721 voix | 7.16%"
069,12,1645,16.34,False,13,277.9,RHDP,DJEDJEGNE YRIDJE DIGBEU YVETTE EPOUSE SEA,RHDP,DJEDJEGNE YRIDJE DIGBEU YVETTE EPOUSE SEA,False,2,393,"[p.13] 069 DOUGROUPALEGNOA, DOUKOUYO, GNAGBODOUGNOA ET SERIHIO, COMMUNES ET SOUS-PREFECTURES, GAGNOA, SOUS-PREFECTURE | RHDP | DJEDJEGNE YRIDJE DIGBEU YVETTE EPOUSE SEA | 1645 voix | 16.34%"
069,13,274,2.72,False,13,297.2,INDEPENDANT,BLE ZOKOU,INDEPENDANT,BLE ZOKOU,False,8,394,"[p.13] 069 DOUGROUPALEGNOA, DOUKOUYO, GNAGBODOUGNOA ET SERIHIO, COMMUNES ET SOUS-PREFECTURES, GAGNOA, SOUS-PREFECTURE | INDEPENDANT | BLE ZOKOU | 274 voix | 2.72%"
069,14,123,1.22,False,13,316.5,INDEPENDANT,KOFFI KOUAME,INDEPENDANT,KOFFI KOUAME,False,9,395,"[p.13] 069 DOUGROUPALEGNOA, DOUKOUYO, GNAGBODOUGNOA ET SERIHIO, COMMUNES ET SOUS-PREFECTURES, GAGNOA, SOUS-PREFECTURE | INDEPENDANT | KOFFI KOUAME | 123 voix | 1.22%"
069,15,20,0.2,False,13,335.7,INDEPENDANT,GADJI DIDIER JEAN-FRANCOIS,INDEPENDANT,GADJI DIDIER JEAN FRANCOIS,False,15,396,"[p.13] 069 DOUGROUPALEGNOA, DOUKOUYO, GNAGBODOUGNOA ET SERIHIO, COMMUNES ET SOUS-PREFECTURES, GAGNOA, SOUS-PREFECTURE | INDEPENDANT | GADJI DIDIER JEAN-FRANCOIS | 20 voix | 0.20%"
070,1,297,2.59,False,13,355.0,INDEPENDANT,"S""UNIR ET AGIR POUR GAGNOA",INDEPENDANT,S UNIR ET AGIR POUR GAGNOA,True,5,397,"[p.13] 070 GAGNOA, COMMUNE | INDEPENDANT | S""UNIR ET AGIR POUR GAGNOA | 297 voix | 2.59%"
070,2,769,6.72,False,13,374.5,PDCI-RDA,TOUS ENSEMBLE POUR LA CÔTE D'IVOIRE,PDCIRDA,TOUS ENSEMBLE POUR LA COTE D IVOIRE,True,2,398,"[p.13] 070 GAGNOA, COMMUNE | PDCI-RDA | TOUS ENSEMBLE POUR LA CÔTE D'IVOIRE | 769 voix | 6.72%"
070,3,9405,82.17,True,13,393.8,RHDP,UNE COTE D'IVOIRE EN PAIX PROSPERE ET SOLIDAIRE,RHDP,UNE COTE D IVOIRE EN PAIX PROSPERE ET SOLIDAIRE,True,1,399,"[p.13] 070 GAGNOA, COMMUNE | RHDP | UNE COTE D'IVOIRE EN PAIX PROSPERE ET SOLIDAIRE | 9405 voix | 82.17% | ELU(E)"
070,4,542,4.74,False,13,413.2,MDR,MOUVEMENT DEMOCRATIQUE POUR LE RENOUVEAU,MDR,MOUVEMENT DEMOCRATIQUE POUR LE RENOUVEAU,True,3,400,"[p.13] 070 GAGNOA, COMMUNE | MDR | MOUVEMENT DEMOCRATIQUE POUR LE RENOUVEAU | 542 voix | 4.74%"
070,5,333,2.91,False,13,432.3,ADCI,AUJOURDHUI ET DEMAIN LA CÔTE DIVOIRE,ADCI,AUJOURDHUI ET DEMAIN LA COTE DIVOIRE,True,4,401,"[p.13] 070 GAGNOA, COMMUNE | ADCI | AUJOURDHUI ET DEMAIN LA CÔTE DIVOIRE | 333 voix | 2.91%"
071,1,1162,10.83,False,13,451.6,INDEPENDANT,ZEGOUA ADIA SAINT DOMINIQUE ISRAEL,INDEPENDANT,ZEGOUA ADIA SAINT DOMINIQUE ISRAEL,False,3,402,"[p.13] 071 DIEGONEFLA ET TONLA, COMMUNES ET SOUS-PREFECTURES | INDEPENDANT | ZEGOUA ADIA SAINT DOMINIQUE ISRAEL | 1162 voix | 10.83%"
071,2,5210,48.56,True,13,471.1,PDCI-RDA,BAGROU GOLI,PDCIRDA,BAGROU GOLI,False,1,403,"[p.13] 071 DIEGONEFLA ET TONLA, COMMUNES ET SOUS-PREFECTURES | PDCI-RDA | BAGROU GOLI | 5210 voix | 48.56% | ELU(E)"
071,3,137,1.28,False,13,490.4,MGC,KOBOU DECKY JEAN CLAUDE,MGC,KOBOU DECKY JEAN CLAUDE,False,4,404,"[p.13] 071 DIEGONEFLA ET TONLA, COMMUNES ET SOUS-PREFECTURES | MGC | KOBOU DECKY JEAN CLAUDE | 137 voix | 1.28%"
071,4,94,0.88,False,13,509.8,ICON,MAYOBO OGA DADE YVES,ICON,MAYOBO OGA DADE YVES,False,6,405,"[p.13] 071 DIEGONEFLA ET TONLA, COMMUNES ET SOUS-PREFECTURES | ICON | MAYOBO OGA DADE YVES | 94 voix | 0.88%"
071,5,130,1.21,False,13,529.1,INDEPENDANT,DEHI GAHI DANIEL,INDEPENDANT,DEHI GAHI DANIEL,False,5,406,"[p.13] 071 DIEGONEFLA ET TONLA, COMMUNES ET SOUS-PREFECTURES | INDEPENDANT | DEHI GAHI DANIEL | 130 voix | 1.21%"
071,6,3902,36.37,False,13,548.2,RHDP,KONAN JULIEN,RHDP,KONAN JULIEN,False,2,407,"[p.13] 071 DIEGONEFLA ET TONLA, COMMUNES ET SOUS-PREFECTURES | RHDP | KONAN JULIEN | 3902 voix | 36.37%"
072,1,14,0.12,False,13,567.5,INDEPENDANT,KONATE ZANGA,INDEPENDANT,KONATE ZANGA,False,9,408,"[p.13] 072 GUEPAHOUO ET OUME, COMMUNES ET SOUS-PREFECTURES | INDEPENDANT | KONATE ZANGA | 14 voix | 0.12%"
072,2,963,8.35,False,13,587.1,INDEPENDANT,ALLAH KOUADIO ERIC SAINT-CLAIR,INDEPENDANT,ALLAH KOUADIO ERIC SAINT CLAIR,False,3,409,"[p.13] 072 GUEPAHOUO ET OUME, COMMUNES ET SOUS-PREFECTURES | INDEPENDANT | ALLAH KOUADIO ERIC SAINT-CLAIR | 963 voix | 8.35%"
072,3,124,1.08,False,13,606.4,INDEPENDANT,BANA DONZO JEAN PROSPER,INDEPENDANT,BANA DONZO JEAN PROSPER,False,7,410,"[p.13] 072 GUEPAHOUO ET OUME, COMMUNES ET SOUS-PREFECTURES | INDEPENDANT | BANA DONZO JEAN PROSPER | 124 voix | 1.08%"
072,4,3810,33.04,False,13,625.7,PDCI-RDA,LAGUI KOUASSI JOACHIM,PDCIRDA,LAGUI KOUASSI JOACHIM,False,2,411,"[p.13] 072 GUEPAHOUO ET OUME, COMMUNES ET SOUS-PREFECTURES | PDCI-RDA | LAGUI KOUASSI JOACHIM | 3810 voix | 33.04%"
072,5,137,1.19,False,13,645.0,MGC,TRAH N'GORAN YOLANDE AIMEE EPOUSE KOFFI,MGC,TRAH N GORAN YOLANDE AIMEE EPOUSE KOFFI,False,6,412,"[p.13] 072 GUEPAHOUO ET OUME, COMMUNES ET SOUS-PREFECTURES | MGC | TRAH N'GORAN YOLANDE AIMEE EPOUSE KOFFI | 137 voix | 1.19%"
072,6,35,0.3,False,13,664.4,INDEPENDANT,DOUEZAN LOU TCHANWELE PHILOMENE EPSE DADOU,INDEPENDANT,DOUEZAN LOU TCHANWELE PHILOMENE EPSE DADOU,False,8,413,"[p.13] 072 GUEPAHOUO ET OUME, COMMUNES ET SOUS-PREFECTURES | INDEPENDANT | DOUEZAN LOU TCHANWELE PHILOMENE EPSE DADOU | 35 voix | 0.30%"
072,7,5788,50.19,True,13,683.7,RHDP,KOUASSI DJA FLORE,RHDP,KOUASSI DJA FLORE,False,1,414,"[p.13] 072 GUEPAHOUO ET OUME, COMMUNES ET SOUS-PREFECTURES | RHDP | KOUASSI DJA FLORE | 5788 voix | 50.19% | ELU(E)"
072,8,171,1.48,False,13,703.0,INDEPENDANT,WOYO BE NADEGE,INDEPENDANT,WOYO BE NADEGE,False,5,415,"[p.13] 072 GUEPAHOUO ET OUME, COMMUNES ET SOUS-PREFECTURES | INDEPENDANT | WOYO BE NADEGE | 171 voix | 1.48%"
072,9,396,3.43,False,13,722.1,INDEPENDANT,NDRI YAO MATHIEU,INDEPENDANT,NDRI YAO MATHIEU,False,4,416,"[p.13] 072 GUEPAHOUO ET OUME, COMMUNES ET SOUS-PREFECTURES | INDEPENDANT | NDRI YAO MATHIEU | 396 voix | 3.43%"
073,1,14746,87.64,True,14,65.2,RHDP,"UNE CÔTE D'IVOIRE EN PAIX, PROSPERE ET SOLIDAIRE",RHDP,UNE COTE D IVOIRE EN PAIX PROSPERE ET SOLIDAIRE,True,1,417,"[p.14] 073 APPIMANDOUM, BONDOUKOU ET PINDA-BOROKO, COMMUNES ET SOUS-PREFECTURES | RHDP | UNE CÔTE D'IVOIRE EN PAIX, PROSPERE ET SOLIDAIRE | 14746 voix | 87.64% | ELU(E)"
073,2,1161,6.9,False,14,84.7,PDCI-RDA,TOUS ENSEMBLE POUR LA CÔTE D'IVOIRE,PDCIRDA,TOUS ENSEMBLE POUR LA COTE D IVOIRE,True,2,418,"[p.14] 073 APPIMANDOUM, BONDOUKOU ET PINDA-BOROKO, COMMUNES ET SOUS-PREFECTURES | PDCI-RDA | TOUS ENSEMBLE POUR LA CÔTE D'IVOIRE | 1161 voix | 6.90%"
073,3,706,4.2,False,14,103.8,INDEPENDANT,BONDOUKOU EN MARCHE,INDEPENDANT,BONDOUKOU EN MARCHE,True,3,419,"[p.14] 073 APPIMANDOUM, BONDOUKOU ET PINDA-BOROKO, COMMUNES ET SOUS-PREFECTURES | INDEPENDANT | BONDOUKOU EN MARCHE | 706 voix | 4.20%"
074,1,255,1.39,False,14,123.1,INDEPENDANT,ELITES DE LA RELEVE,INDEPENDANT,ELITES DE LA RELEVE,True,6,420,"[p.14] 074 BONDO, LAOUDI-BA, SAPLI-SEPINGO, TAOUDI ET YEZIMALA, COMMUNES ET SOUS-PREFECTURES | INDEPENDANT | ELITES DE LA RELEVE | 255 voix | 1.39%"
074,2,5262,28.68,False,14,142.6,INDEPENDANT,"UN JOUR, IL FERA JOUR",INDEPENDANT,UN JOUR IL FERA JOUR,True,2,421,"[p.14] 074 BONDO, LAOUDI-BA, SAPLI-SEPINGO, TAOUDI ET YEZIMALA, COMMUNES ET SOUS-PREFECTURES | INDEPENDANT | UN JOUR, IL FERA JOUR | 5262 voix | 28.68%"
074,3,888,4.84,False,14,162.0,PDCI-RDA,TOUS ENSEMBLE POUR LA CÔTE D'IVOIRE,PDCIRDA,TOUS ENSEMBLE POUR LA COTE D IVOIRE,True,5,422,"[p.14] 074 BONDO, LAOUDI-BA, SAPLI-SEPINGO, TAOUDI ET YEZIMALA, COMMUNES ET SOUS-PREFECTURES | PDCI-RDA | TOUS ENSEMBLE POUR LA CÔTE D'IVOIRE | 888 voix | 4.84%"
074,4,934,5.09,False,14,181.3,INDEPENDANT,"LE PARLEMENT AUX PARLEMENTAIRES, LES HOMMES QU'IL FAUT À LA PLACE QU'IL FAUT",INDEPENDANT,LE PARLEMENT AUX PARLEMENTAIRES LES HOMMES QU IL FAUT A LA PLACE QU IL FAUT,True,4,423,"[p.14] 074 BONDO, LAOUDI-BA, SAPLI-SEPINGO, TAOUDI ET YEZIMALA, COMMUNES ET SOUS-PREFECTURES | INDEPENDANT | LE PARLEMENT AUX PARLEMENTAIRES, LES HOMMES QU'IL FAUT À LA PLACE QU'IL FAUT | 934 voix | 5.09%"
074,5,3641,19.84,False,14,200.6,INDEPENDANT,CONCORDE POUR LE RENOUVEAU DU GONTOUGO,INDEPENDANT,CONCORDE POUR LE RENOUVEAU DU GONTOUGO,True,3,424,"[p.14] 074 BONDO, LAOUDI-BA, SAPLI-SEPINGO, TAOUDI ET YEZIMALA, COMMUNES ET SOUS-PREFECTURES | INDEPENDANT | CONCORDE POUR LE RENOUVEAU DU GONTOUGO | 3641 voix | 19.84%"
074,6,7031,38.32,True,14,219.7,RHDP,"UNE COTE D'IVOIRE EN PAIX , PROSPERE ET SOLIDAIRE",RHDP,UNE COTE D IVOIRE EN PAIX PROSPERE ET SOLIDAIRE,True,1,425,"[p.14] 074 BONDO, LAOUDI-BA, SAPLI-SEPINGO, TAOUDI ET YEZIMALA, COMMUNES ET SOUS-PREFECTURES | RHDP | UNE COTE D'IVOIRE EN PAIX , PROSPERE ET SOLIDAIRE | 7031 voix | 38.32% | ELU(E)"
075,1,57,0.63,False,14,239.1,FPI,N'GUETTIA YAO KOUMAN,FPI,N GUETTIA YAO KOUMAN,False,7,426,"[p.14] 075 GOUMERE ET TABAGNE, COMMUNES ET SOUS-PREFECTURES | FPI | N'GUETTIA YAO KOUMAN | 57 voix | 0.63%"
075,2,1678,18.41,False,14,258.6,PDCI-RDA,SAWIRI YAO YEBOUA,PDCIRDA,SAWIRI YAO YEBOUA,False,4,427,"[p.14] 075 GOUMERE ET TABAGNE, COMMUNES ET SOUS-PREFECTURES | PDCI-RDA | SAWIRI YAO YEBOUA | 1678 voix | 18.41%"
075,3,1725,18.92,False,14,277.9,INDEPENDANT,OUATTARA ABOU,INDEPENDANT,OUATTARA ABOU,False,3,428,"[p.14] 075 GOUMERE ET TABAGNE, COMMUNES ET SOUS-PREFECTURES | INDEPENDANT | OUATTARA ABOU | 1725 voix | 18.92%"
075,4,219,2.4,False,14,297.2,P.B.J.V,KOSSONOU KOUADIO HENRI QUATORZE,PBJV,KOSSONOU KOUADIO HENRI QUATORZE,False,5,429,"[p.14] 075 GOUMERE ET TABAGNE, COMMUNES ET SOUS-PREFECTURES | P.B.J.V | KOSSONOU KOUADIO HENRI QUATORZE | 219 voix | 2.40%"
075,5,1961,21.51,False,14,316.5,INDEPENDANT,DIABAGATE YEBOUA ADAMAN,INDEPENDANT,DIABAGATE YEBOUA ADAMAN,False,2,430,"[p.14] 075 GOUMERE ET TABAGNE, COMMUNES ET SOUS-PREFECTURES | INDEPENDANT | DIABAGATE YEBOUA ADAMAN | 1961 voix | 21.51%"
075,6,212,2.33,False,14,335.9,INDEPENDANT,COULIBALY NANGA ISMAEL,INDEPENDANT,COULIBALY NANGA ISMAEL,False,6,431,"[p.14] 075 GOUMERE ET TABAGNE, COMMUNES ET SOUS-PREFECTURES | INDEPENDANT | COULIBALY NANGA ISMAEL | 212 voix | 2.33%"
075,7,19,0.21,False,14,355.2,INDEPENDANT,YEBOUA KOUAKOU KOUMAN BENOIT,INDEPENDANT,YEBOUA KOUAKOU KOUMAN BENOIT,False,8,432,"[p.14] 075 GOUMERE ET TABAGNE, COMMUNES ET SOUS-PREFECTURES | INDEPENDANT | YEBOUA KOUAKOU KOUMAN BENOIT | 19 voix | 0.21%"
075,8,3122,34.24,True,14,374.3,RHDP,DIABAGATE MOUSSA,RHDP,DIABAGATE MOUSSA,False,1,433,"[p.14] 075 GOUMERE ET TABAGNE, COMMUNES ET SOUS-PREFECTURES | RHDP | DIABAGATE MOUSSA | 3122 voix | 34.24% | ELU(E)"
076,1,120,1.24,False,14,393.6,PDCI-RDA,HIEN SIE GEORGES BENEDICT,PDCIRDA,HIEN SIE GEORGES BENEDICT,False,6,434,"[p.14] 076 SOROBANGO ET TAGADI, COMMUNES ET SOUS-PREFECTURES | PDCI-RDA | HIEN SIE GEORGES BENEDICT | 120 voix | 1.24%"
076,2,2953,30.49,False,14,413.2,INDEPENDANT,KRA KOBENAN LAZARE,INDEPENDANT,KRA KOBENAN LAZARE,False,2,435,"[p.14] 076 SOROBANGO ET TAGADI, COMMUNES ET SOUS-PREFECTURES | INDEPENDANT | KRA KOBENAN LAZARE | 2953 voix | 30.49%"
076,3,257,2.65,False,14,432.5,INDEPENDANT,KOUAME YAO KOUMAN,INDEPENDANT,KOUAME YAO KOUMAN,False,4,436,"[p.14] 076 SOROBANGO ET TAGADI, COMMUNES ET SOUS-PREFECTURES | INDEPENDANT | KOUAME YAO KOUMAN | 257 voix | 2.65%"
076,4,232,2.4,False,14,451.8,INDEPENDANT,BIFFITE HOLLO DAH,INDEPENDANT,BIFFITE HOLLO DAH,False,5,437,"[p.14] 076 SOROBANGO ET TAGADI, COMMUNES ET SOUS-PREFECTURES | INDEPENDANT | BIFFITE HOLLO DAH | 232 voix | 2.40%"
076,5,2883,29.77,False,14,471.1,INDEPENDANT,SOULEYMANE OUATTARA,INDEPENDANT,SOULEYMANE OUATTARA,False,3,438,"[p.14] 076 SOROBANGO ET TAGADI, COMMUNES ET SOUS-PREFECTURES | INDEPENDANT | SOULEYMANE OUATTARA | 2883 voix | 29.77%"
076,6,3123,32.25,True,14,490.3,RHDP,KOUASSI KOFFI KRA PAULIN,RHDP,KOUASSI KOFFI KRA PAULIN,False,1,439,"[p.14] 076 SOROBANGO ET TAGADI, COMMUNES ET SOUS-PREFECTURES | RHDP | KOUASSI KOFFI KRA PAULIN | 3123 voix | 32.25% | ELU(E)"
077,1,262,3.56,False,14,509.6,INDEPENDANT,YAO KOUASSI ALI,INDEPENDANT,YAO KOUASSI ALI,False,4,440,"[p.14] 077 BOAHIA ET KOUASSI-DATEKRO, COMMUNES ET SOUS-PREFECTURES | INDEPENDANT | YAO KOUASSI ALI | 262 voix | 3.56%"
077,2,1862,25.27,False,14,529.1,INDEPENDANT,EBA YAO HAROUNA,INDEPENDANT,EBA YAO HAROUNA,False,3,441,"[p.14] 077 BOAHIA ET KOUASSI-DATEKRO, COMMUNES ET SOUS-PREFECTURES | INDEPENDANT | EBA YAO HAROUNA | 1862 voix | 25.27%"
077,3,188,2.55,False,14,548.4,PDCI-RDA,KOFFI TEHUA,PDCIRDA,KOFFI TEHUA,False,5,442,"[p.14] 077 BOAHIA ET KOUASSI-DATEKRO, COMMUNES ET SOUS-PREFECTURES | PDCI-RDA | KOFFI TEHUA | 188 voix | 2.55%"
077,4,2571,34.89,True,14,567.7,UNPR,MOUTAYE AZOUMANA,UNPR,MOUTAYE AZOUMANA,False,1,443,"[p.14] 077 BOAHIA ET KOUASSI-DATEKRO, COMMUNES ET SOUS-PREFECTURES | UNPR | MOUTAYE AZOUMANA | 2571 voix | 34.89% | ELU(E)"
077,5,2407,32.67,False,14,586.9,RHDP,SONAN JEAN-FRANCOIS DONALD,RHDP,SONAN JEAN FRANCOIS DONALD,False,2,444,"[p.14] 077 BOAHIA ET KOUASSI-DATEKRO, COMMUNES ET SOUS-PREFECTURES | RHDP | SONAN JEAN-FRANCOIS DONALD | 2407 voix | 32.67%"
078,1,141,1.66,False,15,65.2,INDEPENDANT,AHIMOU YAO,INDEPENDANT,AHIMOU YAO,False,9,445,"[p.15] 078 KOKOMIAN, TANKESSE ET TIENKOIKRO, COMMUNES ET SOUS-PREFECTURES | INDEPENDANT | AHIMOU YAO | 141 voix | 1.66%"
078,2,223,2.63,False,15,84.7,INDEPENDANT,CISSE MOHAMED,INDEPENDANT,CISSE MOHAMED,False,8,446,"[p.15] 078 KOKOMIAN, TANKESSE ET TIENKOIKRO, COMMUNES ET SOUS-PREFECTURES | INDEPENDANT | CISSE MOHAMED | 223 voix | 2.63%"
078,3,2578,30.38,True,15,104.0,PDCI-RDA,KOUASSI BREDOUMY SOUMAILA TRAORE,PDCIRDA,KOUASSI BREDOUMY SOUMAILA TRAORE,False,1,447,"[p.15] 078 KOKOMIAN, TANKESSE ET TIENKOIKRO, COMMUNES ET SOUS-PREFECTURES | PDCI-RDA | KOUASSI BREDOUMY SOUMAILA TRAORE | 2578 voix | 30.38% | ELU(E)"
078,4,880,10.37,False,15,123.3,INDEPENDANT,YAO SOUMAILA,INDEPENDANT,YAO SOUMAILA,False,5,448,"[p.15] 078 KOKOMIAN, TANKESSE ET TIENKOIKRO, COMMUNES ET SOUS-PREFECTURES | INDEPENDANT | YAO SOUMAILA | 880 voix | 10.37%"
078,5,1394,16.43,False,15,142.6,RHDP,KOUAKOU BOKO ANTOINE,RHDP,KOUAKOU BOKO ANTOINE,False,2,449,"[p.15] 078 KOKOMIAN, TANKESSE ET TIENKOIKRO, COMMUNES ET SOUS-PREFECTURES | RHDP | KOUAKOU BOKO ANTOINE | 1394 voix | 16.43%"
078,6,986,11.62,False,15,162.0,INDEPENDANT,KOFFI KRA SERGE-PACOME,INDEPENDANT,KOFFI KRA SERGE PACOME,False,4,450,"[p.15] 078 KOKOMIAN, TANKESSE ET TIENKOIKRO, COMMUNES ET SOUS-PREFECTURES | INDEPENDANT | KOFFI KRA SERGE-PACOME | 986 voix | 11.62%"
078,7,1156,13.62,False,15,181.3,INDEPENDANT,KOFFI STEPHANE NANAN ATHESSY,INDEPENDANT,KOFFI STEPHANE NANAN ATHESSY,False,3,451,"[p.15] 078 KOKOMIAN, TANKESSE ET TIENKOIKRO, COMMUNES ET SOUS-PREFECTURES | INDEPENDANT | KOFFI STEPHANE NANAN ATHESSY | 1156 voix | 13.62%"
078,8,692,8.15,False,15,200.6,INDEPENDANT,SEYAN KAMATE ISSOUF,INDEPENDANT,SEYAN KAMATE ISSOUF,False,6,452,"[p.15] 078 KOKOMIAN, TANKESSE ET TIENKOIKRO, COMMUNES ET SOUS-PREFECTURES | INDEPENDANT | SEYAN KAMATE ISSOUF | 692 voix | 8.15%"
078,9,334,3.94,False,15,219.9,REEL.CI,KOUADIO KOUABENA WILFRIED DELAFOSSE,REELCI,KOUADIO KOUABENA WILFRIED DELAFOSSE,False,7,453,"[p.15] 078 KOKOMIAN, TANKESSE ET TIENKOIKRO, COMMUNES ET SOUS-PREFECTURES | REEL.CI | KOUADIO KOUABENA WILFRIED DELAFOSSE | 334 voix | 3.94%"
078,10,30,0.35,False,15,239.1,INDEPENDANT,KOFFI GBALAZOU OLIVIER,INDEPENDANT,KOFFI GBALAZOU OLIVIER,False,10,454,"[p.15] 078 KOKOMIAN, TANKESSE ET TIENKOIKRO, COMMUNES ET SOUS-PREFECTURES | INDEPENDANT | KOFFI GBALAZOU OLIVIER | 30 voix | 0.35%"
079,1,2121,28.81,False,15,258.4,INDEPENDANT,OUATTARA AZOUMANAN,INDEPENDANT,OUATTARA AZOUMANAN,False,3,455,"[p.15] 079 KOUN-FAO, COMMUNE ET SOUS-PREFECTURE | INDEPENDANT | OUATTARA AZOUMANAN | 2121 voix | 28.81%"
079,2,428,5.81,False,15,277.9,INDEPENDANT,BENIE KOUAKOU ADAYE GERARD,INDEPENDANT,BENIE KOUAKOU ADAYE GERARD,False,4,456,"[p.15] 079 KOUN-FAO, COMMUNE ET SOUS-PREFECTURE | INDEPENDANT | BENIE KOUAKOU ADAYE GERARD | 428 voix | 5.81%"
079,3,89,1.21,False,15,297.2,INDEPENDANT,KOFFI KOUADIO SERAPHIN,INDEPENDANT,KOFFI KOUADIO SERAPHIN,False,5,457,"[p.15] 079 KOUN-FAO, COMMUNE ET SOUS-PREFECTURE | INDEPENDANT | KOFFI KOUADIO SERAPHIN | 89 voix | 1.21%"
079,4,2408,32.71,True,15,316.5,PDCI-RDA,OULAYES YAO KPOULALE FRANCOIS,PDCIRDA,OULAYES YAO KPOULALE FRANCOIS,False,1,458,"[p.15] 079 KOUN-FAO, COMMUNE ET SOUS-PREFECTURE | PDCI-RDA | OULAYES YAO KPOULALE FRANCOIS | 2408 voix | 32.71% | ELU(E)"
079,5,2270,30.84,False,15,335.7,RHDP,KOUAKOU KOUASSI JEAN-MARIE,RHDP,KOUAKOU KOUASSI JEAN MARIE,False,2,459,"[p.15] 079 KOUN-FAO, COMMUNE ET SOUS-PREFECTURE | RHDP | KOUAKOU KOUASSI JEAN-MARIE | 2270 voix | 30.84%"
080,1,3812,35.21,False,15,355.0,INDEPENDANT,KAMAGATE YAHASSINAN,INDEPENDANT,KAMAGATE YAHASSINAN,False,2,460,"[p.15] 080 BANDAKAGNI-TOMORA, DIMANDOUGOU, SANDEGUE ET YOROBODI, COMMUNES ET SOUS-PREFECTURES | INDEPENDANT | KAMAGATE YAHASSINAN | 3812 voix | 35.21%"
080,2,67,0.62,False,15,374.5,CODE,OUATTARA LASSINA,CODE,OUATTARA LASSINA,False,3,461,"[p.15] 080 BANDAKAGNI-TOMORA, DIMANDOUGOU, SANDEGUE ET YOROBODI, COMMUNES ET SOUS-PREFECTURES | CODE | OUATTARA LASSINA | 67 voix | 0.62%"
080,3,6864,63.41,True,15,393.6,RHDP,OUATTARA ABOUBAKAR,RHDP,OUATTARA ABOUBAKAR,False,1,462,"[p.15] 080 BANDAKAGNI-TOMORA, DIMANDOUGOU, SANDEGUE ET YOROBODI, COMMUNES ET SOUS-PREFECTURES | RHDP | OUATTARA ABOUBAKAR | 6864 voix | 63.41% | ELU(E)"
081,1,2131,9.98,False,15,413.0,INDEPENDANT,FIENI KOFFI KEVIN,INDEPENDANT,FIENI KOFFI KEVIN,False,3,463,"[p.15] 081 AMANVI, DIAMBA, TANDA ET TCHEDIO, COMMUNES ET SOUS-PREFECTURES | INDEPENDANT | FIENI KOFFI KEVIN | 2131 voix | 9.98%"
081,2,2483,11.62,False,15,432.5,INDEPENDANT,BOBLAI DOUASSOH JOSINANE ISABELLE,INDEPENDANT,BOBLAI DOUASSOH JOSINANE ISABELLE,False,2,464,"[p.15] 081 AMANVI, DIAMBA, TANDA ET TCHEDIO, COMMUNES ET SOUS-PREFECTURES | INDEPENDANT | BOBLAI DOUASSOH JOSINANE ISABELLE | 2483 voix | 11.62%"
081,3,258,1.21,False,15,451.8,ADCI,TEYA YAO BILLY CURTIS,ADCI,TEYA YAO BILLY CURTIS,False,5,465,"[p.15] 081 AMANVI, DIAMBA, TANDA ET TCHEDIO, COMMUNES ET SOUS-PREFECTURES | ADCI | TEYA YAO BILLY CURTIS | 258 voix | 1.21%"
081,4,754,3.53,False,15,471.1,PDCI-RDA,SERGE YVON VREMEN,PDCIRDA,SERGE YVON VREMEN,False,4,466,"[p.15] 081 AMANVI, DIAMBA, TANDA ET TCHEDIO, COMMUNES ET SOUS-PREFECTURES | PDCI-RDA | SERGE YVON VREMEN | 754 voix | 3.53%"
081,5,15617,73.11,True,15,490.3,RHDP,KOBENAN KOUASSI ADJOUMANI,RHDP,KOBENAN KOUASSI ADJOUMANI,False,1,467,"[p.15] 081 AMANVI, DIAMBA, TANDA ET TCHEDIO, COMMUNES ET SOUS-PREFECTURES | RHDP | KOBENAN KOUASSI ADJOUMANI | 15617 voix | 73.11% | ELU(E)"
082,1,6574,42.52,False,15,509.6,INDEPENDANT,TANO KOUABENAN ISAAC,INDEPENDANT,TANO KOUABENAN ISAAC,False,2,468,"[p.15] 082 ASSUEFRY, KOUASSIA-NIAGUINI ET TRANSUA, COMMUNES ET SOUS-PREFECTURES | INDEPENDANT | TANO KOUABENAN ISAAC | 6574 voix | 42.52%"
082,2,58,0.38,False,15,529.1,INDEPENDANT,OUATTARA ASSANAN,INDEPENDANT,OUATTARA ASSANAN,False,5,469,"[p.15] 082 ASSUEFRY, KOUASSIA-NIAGUINI ET TRANSUA, COMMUNES ET SOUS-PREFECTURES | INDEPENDANT | OUATTARA ASSANAN | 58 voix | 0.38%"
082,3,148,0.96,False,15,548.4,INDEPENDANT,BINI KOBENAN SERGE,INDEPENDANT,BINI KOBENAN SERGE,False,4,470,"[p.15] 082 ASSUEFRY, KOUASSIA-NIAGUINI ET TRANSUA, COMMUNES ET SOUS-PREFECTURES | INDEPENDANT | BINI KOBENAN SERGE | 148 voix | 0.96%"
082,4,388,2.51,False,15,567.7,PDCI-RDA,KOBENA KOSSONOU PAUL,PDCIRDA,KOBENA KOSSONOU PAUL,False,3,471,"[p.15] 082 ASSUEFRY, KOUASSIA-NIAGUINI ET TRANSUA, COMMUNES ET SOUS-PREFECTURES | PDCI-RDA | KOBENA KOSSONOU PAUL | 388 voix | 2.51%"
082,5,8175,52.87,True,15,586.9,RHDP,YOBOUA KOUABENAN CEVERIN,RHDP,YOBOUA KOUABENAN CEVERIN,False,1,472,"[p.15] 082 ASSUEFRY, KOUASSIA-NIAGUINI ET TRANSUA, COMMUNES ET SOUS-PREFECTURES | RHDP | YOBOUA KOUABENAN CEVERIN | 8175 voix | 52.87% | ELU(E)"
083,1,13219,71.18,True,16,65.2,RHDP,UNE CÔTE D'IVOIRE EN PAIX PROSPERE ET SOLIDAIRE,RHDP,UNE COTE D IVOIRE EN PAIX PROSPERE ET SOLIDAIRE,True,1,473,"[p.16] 083 DABOU, LOPOU ET TOUPAH, COMMUNES ET SOUS-PREFECTURES | RHDP | UNE CÔTE D'IVOIRE EN PAIX PROSPERE ET SOLIDAIRE | 13219 voix | 71.18% | ELU(E)"
083,2,992,5.34,False,16,84.7,MGC,POUR LA NATION,MGC,POUR LA NATION,True,3,474,"[p.16] 083 DABOU, LOPOU ET TOUPAH, COMMUNES ET SOUS-PREFECTURES | MGC | POUR LA NATION | 992 voix | 5.34%"
083,3,4189,22.56,False,16,103.8,PDCI-RDA,TOUS UNIS POUR LA CÔTE DIVOIRE,PDCIRDA,TOUS UNIS POUR LA COTE DIVOIRE,True,2,475,"[p.16] 083 DABOU, LOPOU ET TOUPAH, COMMUNES ET SOUS-PREFECTURES | PDCI-RDA | TOUS UNIS POUR LA CÔTE DIVOIRE | 4189 voix | 22.56%"
084,1,45,0.39,False,16,123.1,INDEPENDANT,KAKOU DIDIER PAUL AKA,INDEPENDANT,KAKOU DIDIER PAUL AKA,False,6,476,"[p.16] 084 AHOUANOU, BACANDA, EBONOU, GRAND-LAHOU ET TOUKOUZOU, COMMUNES ET SOUS-PREFECTURES | INDEPENDANT | KAKOU DIDIER PAUL AKA | 45 voix | 0.39%"
084,2,1478,12.94,False,16,142.6,INDEPENDANT,KOUASSI ANDRE,INDEPENDANT,KOUASSI ANDRE,False,3,477,"[p.16] 084 AHOUANOU, BACANDA, EBONOU, GRAND-LAHOU ET TOUKOUZOU, COMMUNES ET SOUS-PREFECTURES | INDEPENDANT | KOUASSI ANDRE | 1478 voix | 12.94%"
084,3,1001,8.76,False,16,162.0,INDEPENDANT,AMIE LEBA YOLANDE EPOUSE ADO,INDEPENDANT,AMIE LEBA YOLANDE EPOUSE ADO,False,4,478,"[p.16] 084 AHOUANOU, BACANDA, EBONOU, GRAND-LAHOU ET TOUKOUZOU, COMMUNES ET SOUS-PREFECTURES | INDEPENDANT | AMIE LEBA YOLANDE EPOUSE ADO | 1001 voix | 8.76%"
084,4,4567,39.98,True,16,181.3,RHDP,YAO N'GUESSAN ALFRED,RHDP,YAO N GUESSAN ALFRED,False,1,479,"[p.16] 084 AHOUANOU, BACANDA, EBONOU, GRAND-LAHOU ET TOUKOUZOU, COMMUNES ET SOUS-PREFECTURES | RHDP | YAO N'GUESSAN ALFRED | 4567 voix | 39.98% | ELU(E)"
084,5,191,1.67,False,16,200.6,INDEPENDANT,KOUASSI ERHARD LUC,INDEPENDANT,KOUASSI ERHARD LUC,False,5,480,"[p.16] 084 AHOUANOU, BACANDA, EBONOU, GRAND-LAHOU ET TOUKOUZOU, COMMUNES ET SOUS-PREFECTURES | INDEPENDANT | KOUASSI ERHARD LUC | 191 voix | 1.67%"
084,6,4051,35.46,False,16,219.7,PDCI-RDA,YOBOUE MARIE LAURE,PDCIRDA,YOBOUE MARIE LAURE,False,2,481,"[p.16] 084 AHOUANOU, BACANDA, EBONOU, GRAND-LAHOU ET TOUKOUZOU, COMMUNES ET SOUS-PREFECTURES | PDCI-RDA | YOBOUE MARIE LAURE | 4051 voix | 35.46%"
085,1,1972,22.84,False,16,239.1,INDEPENDANT,ODA EDOUARD,INDEPENDANT,ODA EDOUARD,False,2,482,"[p.16] 085 ATOUTOU ET JACQUEVILLE, COMMUNES ET SOUS-PREFECTURES | INDEPENDANT | ODA EDOUARD | 1972 voix | 22.84%"
085,2,4630,53.63,True,16,258.6,RHDP,AMON-TANOH BENOIT MARCEL,RHDP,AMON TANOH BENOIT MARCEL,False,1,483,"[p.16] 085 ATOUTOU ET JACQUEVILLE, COMMUNES ET SOUS-PREFECTURES | RHDP | AMON-TANOH BENOIT MARCEL | 4630 voix | 53.63% | ELU(E)"
085,3,23,0.27,False,16,277.9,INDEPENDANT,ADJOUSSOU GUY-PEINE,INDEPENDANT,ADJOUSSOU GUY PEINE,False,7,484,"[p.16] 085 ATOUTOU ET JACQUEVILLE, COMMUNES ET SOUS-PREFECTURES | INDEPENDANT | ADJOUSSOU GUY-PEINE | 23 voix | 0.27%"
085,4,119,1.38,False,16,297.2,ADCI,GAHI GAHI INNOCENT,ADCI,GAHI GAHI INNOCENT,False,6,485,"[p.16] 085 ATOUTOU ET JACQUEVILLE, COMMUNES ET SOUS-PREFECTURES | ADCI | GAHI GAHI INNOCENT | 119 voix | 1.38%"
085,5,180,2.08,False,16,316.5,INDEPENDANT,GNANDUILLET ARSENE LUCAIN,INDEPENDANT,GNANDUILLET ARSENE LUCAIN,False,5,486,"[p.16] 085 ATOUTOU ET JACQUEVILLE, COMMUNES ET SOUS-PREFECTURES | INDEPENDANT | GNANDUILLET ARSENE LUCAIN | 180 voix | 2.08%"
085,6,285,3.3,False,16,335.9,FPI,N'GUESSAN DJIPRO GNANAGAHON VERONIQUE,FPI,N GUESSAN DJIPRO GNANAGAHON VERONIQUE,False,4,487,"[p.16] 085 ATOUTOU ET JACQUEVILLE, COMMUNES ET SOUS-PREFECTURES | FPI | N'GUESSAN DJIPRO GNANAGAHON VERONIQUE | 285 voix | 3.30%"
085,7,1355,15.69,False,16,355.0,PDCI-RDA,KOUASSI EPSE AKA-ADJO MARIE-ANGE GEORGETTE AYA-BONI,PDCIRDA,KOUASSI EPSE AKA ADJO MARIE ANGE GEORGETTE AYA BONI,False,3,488,"[p.16] 085 ATOUTOU ET JACQUEVILLE, COMMUNES ET SOUS-PREFECTURES | PDCI-RDA | KOUASSI EPSE AKA-ADJO MARIE-ANGE GEORGETTE AYA-BONI | 1355 voix | 15.69%"
086,1,586,4.31,False,16,374.3,INDEPENDANT,TAH GLAO AGUILAS,INDEPENDANT,TAH GLAO AGUILAS,False,5,489,"[p.16] 086 BANGOLO, GOHOUO-ZAGNA, KAHIN-ZARABAON ET ZOU, COMMUNES ET SOUS-PREFECTURES | INDEPENDANT | TAH GLAO AGUILAS | 586 voix | 4.31%"
086,2,505,3.71,False,16,393.8,PDCI-RDA,LEDIEHI KEMONDE CHRISTOPHE,PDCIRDA,LEDIEHI KEMONDE CHRISTOPHE,False,7,490,"[p.16] 086 BANGOLO, GOHOUO-ZAGNA, KAHIN-ZARABAON ET ZOU, COMMUNES ET SOUS-PREFECTURES | PDCI-RDA | LEDIEHI KEMONDE CHRISTOPHE | 505 voix | 3.71%"
086,3,556,4.09,False,16,413.2,INDEPENDANT,BAKO JEAN PONDERE NESTOR,INDEPENDANT,BAKO JEAN PONDERE NESTOR,False,6,491,"[p.16] 086 BANGOLO, GOHOUO-ZAGNA, KAHIN-ZARABAON ET ZOU, COMMUNES ET SOUS-PREFECTURES | INDEPENDANT | BAKO JEAN PONDERE NESTOR | 556 voix | 4.09%"
086,4,3315,24.38,False,16,432.5,INDEPENDANT,TAILLY THIERRY HERMANE,INDEPENDANT,TAILLY THIERRY HERMANE,False,2,492,"[p.16] 086 BANGOLO, GOHOUO-ZAGNA, KAHIN-ZARABAON ET ZOU, COMMUNES ET SOUS-PREFECTURES | INDEPENDANT | TAILLY THIERRY HERMANE | 3315 voix | 24.38%"
086,5,939,6.91,False,16,451.8,INDEPENDANT,DIET DAZAMIN ANGE LAURE,INDEPENDANT,DIET DAZAMIN ANGE LAURE,False,3,493,"[p.16] 086 BANGOLO, GOHOUO-ZAGNA, KAHIN-ZARABAON ET ZOU, COMMUNES ET SOUS-PREFECTURES | INDEPENDANT | DIET DAZAMIN ANGE LAURE | 939 voix | 6.91%"
086,6,273,2.01,False,16,471.1,INDEPENDANT,DOUAROU ZOH ANDREE JOSELYNE,INDEPENDANT,DOUAROU ZOH ANDREE JOSELYNE,False,8,494,"[p.16] 086 BANGOLO, GOHOUO-ZAGNA, KAHIN-ZARABAON ET ZOU, COMMUNES ET SOUS-PREFECTURES | INDEPENDANT | DOUAROU ZOH ANDREE JOSELYNE | 273 voix | 2.01%"
086,7,214,1.57,False,16,490.4,APR.CI,DJEHI MONHYA HYPPOLITE,APRCI,DJEHI MONHYA HYPPOLITE,False,9,495,"[p.16] 086 BANGOLO, GOHOUO-ZAGNA, KAHIN-ZARABAON ET ZOU, COMMUNES ET SOUS-PREFECTURES | APR.CI | DJEHI MONHYA HYPPOLITE | 214 voix | 1.57%"
086,8,6394,47.03,True,16,509.8,RHDP,SEREY DOH CELESTIN,RHDP,SEREY DOH CELESTIN,False,1,496,"[p.16] 086 BANGOLO, GOHOUO-ZAGNA, KAHIN-ZARABAON ET ZOU, COMMUNES ET SOUS-PREFECTURES | RHDP | SEREY DOH CELESTIN | 6394 voix | 47.03% | ELU(E)"
086,9,662,4.87,False,16,528.9,INDEPENDANT,FOUEMON NEMET DESCANE WILFRIED,INDEPENDANT,FOUEMON NEMET DESCANE WILFRIED,False,4,497,"[p.16] 086 BANGOLO, GOHOUO-ZAGNA, KAHIN-ZARABAON ET ZOU, COMMUNES ET SOUS-PREFECTURES | INDEPENDANT | FOUEMON NEMET DESCANE WILFRIED | 662 voix | 4.87%"
087,1,190,2.01,False,16,548.2,INDEPENDANT,TAE SYLVAIN,INDEPENDANT,TAE SYLVAIN,False,7,498,"[p.16] 087 BEOUE-ZIBIAO, BLENIMEOUIN, DIEOUZON, GUINGLO-TAHOUAKE ET ZEO, COMMUNES ET SOUS-PREFECTURES | INDEPENDANT | TAE SYLVAIN | 190 voix | 2.01%"
087,2,390,4.13,False,16,567.7,INDEPENDANT,TAILLY JEAN CHARLES FELIX LAMBERT,INDEPENDANT,TAILLY JEAN CHARLES FELIX LAMBERT,False,6,499,"[p.16] 087 BEOUE-ZIBIAO, BLENIMEOUIN, DIEOUZON, GUINGLO-TAHOUAKE ET ZEO, COMMUNES ET SOUS-PREFECTURES | INDEPENDANT | TAILLY JEAN CHARLES FELIX LAMBERT | 390 voix | 4.13%"
087,3,461,4.88,False,16,587.1,INDEPENDANT,GUIHIN DIOUFO NOMASSO,INDEPENDANT,GUIHIN DIOUFO NOMASSO,False,5,500,"[p.16] 087 BEOUE-ZIBIAO, BLENIMEOUIN, DIEOUZON, GUINGLO-TAHOUAKE ET ZEO, COMMUNES ET SOUS-PREFECTURES | INDEPENDANT | GUIHIN DIOUFO NOMASSO | 461 voix | 4.88%"
087,4,2414,25.54,False,16,606.4,PDCI-RDA,DOHO ZONSELOUE SIMON,PDCIRDA,DOHO ZONSELOUE SIMON,False,2,501,"[p.16] 087 BEOUE-ZIBIAO, BLENIMEOUIN, DIEOUZON, GUINGLO-TAHOUAKE ET ZEO, COMMUNES ET SOUS-PREFECTURES | PDCI-RDA | DOHO ZONSELOUE SIMON | 2414 voix | 25.54%"
087,5,2341,24.77,False,16,625.7,INDEPENDANT,MARCEL TABA,INDEPENDANT,MARCEL TABA,False,3,502,"[p.16] 087 BEOUE-ZIBIAO, BLENIMEOUIN, DIEOUZON, GUINGLO-TAHOUAKE ET ZEO, COMMUNES ET SOUS-PREFECTURES | INDEPENDANT | MARCEL TABA | 2341 voix | 24.77%"
087,6,756,8.0,False,16,645.0,INDEPENDANT,GUELADE DOUE GHISLAIN STANISLAS,INDEPENDANT,GUELADE DOUE GHISLAIN STANISLAS,False,4,503,"[p.16] 087 BEOUE-ZIBIAO, BLENIMEOUIN, DIEOUZON, GUINGLO-TAHOUAKE ET ZEO, COMMUNES ET SOUS-PREFECTURES | INDEPENDANT | GUELADE DOUE GHISLAIN STANISLAS | 756 voix | 8.00%"
087,7,2702,28.59,True,16,664.2,RHDP,BOHOUO DEHOUROU MATHURIN,RHDP,BOHOUO DEHOUROU MATHURIN,False,1,504,"[p.16] 087 BEOUE-ZIBIAO, BLENIMEOUIN, DIEOUZON, GUINGLO-TAHOUAKE ET ZEO, COMMUNES ET SOUS-PREFECTURES | RHDP | BOHOUO DEHOUROU MATHURIN | 2702 voix | 28.59% | ELU(E)"
088,1,156,1.34,False,17,65.2,INDEPENDANT,THE MANDE STEPHANE,INDEPENDANT,THE MANDE STEPHANE,False,5,505,"[p.17] 088 BAGOHOUO, GBAPLEU ET GUEZON, COMMUNES ET SOUS-PREFECTURES | INDEPENDANT | THE MANDE STEPHANE | 156 voix | 1.34%"
088,2,1183,10.17,False,17,84.7,PDCI-RDA,GUI-DIBO DESIRE MAGLOIRE GNOMBLEHI,PDCIRDA,GUI DIBO DESIRE MAGLOIRE GNOMBLEHI,False,3,506,"[p.17] 088 BAGOHOUO, GBAPLEU ET GUEZON, COMMUNES ET SOUS-PREFECTURES | PDCI-RDA | GUI-DIBO DESIRE MAGLOIRE GNOMBLEHI | 1183 voix | 10.17%"
088,3,8300,71.34,True,17,104.0,RHDP,DOUMBIA IBRAHIMA,RHDP,DOUMBIA IBRAHIMA,False,1,507,"[p.17] 088 BAGOHOUO, GBAPLEU ET GUEZON, COMMUNES ET SOUS-PREFECTURES | RHDP | DOUMBIA IBRAHIMA | 8300 voix | 71.34% | ELU(E)"
088,4,1490,12.81,False,17,123.3,INDEPENDANT,KONE BAKARY,INDEPENDANT,KONE BAKARY,False,2,508,"[p.17] 088 BAGOHOUO, GBAPLEU ET GUEZON, COMMUNES ET SOUS-PREFECTURES | INDEPENDANT | KONE BAKARY | 1490 voix | 12.81%"
088,5,214,1.84,False,17,142.6,INDEPENDANT,MOUHON BOZON ELVIS DESTY,INDEPENDANT,MOUHON BOZON ELVIS DESTY,False,4,509,"[p.17] 088 BAGOHOUO, GBAPLEU ET GUEZON, COMMUNES ET SOUS-PREFECTURES | INDEPENDANT | MOUHON BOZON ELVIS DESTY | 214 voix | 1.84%"
088,6,64,0.55,False,17,161.8,CODE,YOMI KAPEU,CODE,YOMI KAPEU,False,6,510,"[p.17] 088 BAGOHOUO, GBAPLEU ET GUEZON, COMMUNES ET SOUS-PREFECTURES | CODE | YOMI KAPEU | 64 voix | 0.55%"
089,1,45,0.37,False,17,181.1,INDEPENDANT,TAE AUBIN,INDEPENDANT,TAE AUBIN,False,10,511,"[p.17] 089 DUEKOUE, COMMUNE | INDEPENDANT | TAE AUBIN | 45 voix | 0.37%"
089,2,122,0.99,False,17,200.6,MGC,KAHAN ANGELINE,MGC,KAHAN ANGELINE,False,8,512,"[p.17] 089 DUEKOUE, COMMUNE | MGC | KAHAN ANGELINE | 122 voix | 0.99%"
089,3,23,0.19,False,17,219.9,INDEPENDANT,GNONBLESSON PIERRE QUINTUS,INDEPENDANT,GNONBLESSON PIERRE QUINTUS,False,11,513,"[p.17] 089 DUEKOUE, COMMUNE | INDEPENDANT | GNONBLESSON PIERRE QUINTUS | 23 voix | 0.19%"
089,4,3404,27.7,False,17,239.2,PDCI-RDA,SOMDA FOVIN GEORGETTE EPOUSE GIELEN,PDCIRDA,SOMDA FOVIN GEORGETTE EPOUSE GIELEN,False,2,514,"[p.17] 089 DUEKOUE, COMMUNE | PDCI-RDA | SOMDA FOVIN GEORGETTE EPOUSE GIELEN | 3404 voix | 27.70%"
089,5,135,1.1,False,17,258.6,INDEPENDANT,GNAHE GOUSSE FRANCK,INDEPENDANT,GNAHE GOUSSE FRANCK,False,7,515,"[p.17] 089 DUEKOUE, COMMUNE | INDEPENDANT | GNAHE GOUSSE FRANCK | 135 voix | 1.10%"
089,6,50,0.41,False,17,277.9,INDEPENDANT,TEHE FLORE BENEDICTE,INDEPENDANT,TEHE FLORE BENEDICTE,False,9,516,"[p.17] 089 DUEKOUE, COMMUNE | INDEPENDANT | TEHE FLORE BENEDICTE | 50 voix | 0.41%"
089,7,654,5.32,False,17,297.2,INDEPENDANT,TOURE YACOUBA,INDEPENDANT,TOURE YACOUBA,False,4,517,"[p.17] 089 DUEKOUE, COMMUNE | INDEPENDANT | TOURE YACOUBA | 654 voix | 5.32%"
089,8,226,1.84,False,17,316.5,ADCI,GNENE BASILE,ADCI,GNENE BASILE,False,6,518,"[p.17] 089 DUEKOUE, COMMUNE | ADCI | GNENE BASILE | 226 voix | 1.84%"
089,9,566,4.61,False,17,335.9,AIRD,KAHE KPLOHOUROU ERIC VICTOR,AIRD,KAHE KPLOHOUROU ERIC VICTOR,False,5,519,"[p.17] 089 DUEKOUE, COMMUNE | AIRD | KAHE KPLOHOUROU ERIC VICTOR | 566 voix | 4.61%"
089,10,5608,45.63,True,17,355.2,RHDP,TOURE FLANIZARA,RHDP,TOURE FLANIZARA,False,1,520,"[p.17] 089 DUEKOUE, COMMUNE | RHDP | TOURE FLANIZARA | 5608 voix | 45.63% | ELU(E)"
089,11,1329,10.81,False,17,374.3,FPI,TEHY MONSETEMON BASILE,FPI,TEHY MONSETEMON BASILE,False,3,521,"[p.17] 089 DUEKOUE, COMMUNE | FPI | TEHY MONSETEMON BASILE | 1329 voix | 10.81%"
090,1,832,12.86,False,17,393.6,PDCI-RDA,THE JASMIN ROGER,PDCIRDA,THE JASMIN ROGER,False,3,522,"[p.17] 090 DUEKOUE, SOUS-PREFECTURE ET GUEHIEBLY, COMMUNES ET SOUS-PREFECTURE | PDCI-RDA | THE JASMIN ROGER | 832 voix | 12.86%"
090,2,2709,41.86,False,17,413.2,RHDP,OULLA GUELADET EPHREM PRIVAT,RHDP,OULLA GUELADET EPHREM PRIVAT,False,2,523,"[p.17] 090 DUEKOUE, SOUS-PREFECTURE ET GUEHIEBLY, COMMUNES ET SOUS-PREFECTURE | RHDP | OULLA GUELADET EPHREM PRIVAT | 2709 voix | 41.86%"
090,3,2814,43.48,True,17,432.3,INDEPENDANT,GNONKA ANGES,INDEPENDANT,GNONKA ANGES,False,1,524,"[p.17] 090 DUEKOUE, SOUS-PREFECTURE ET GUEHIEBLY, COMMUNES ET SOUS-PREFECTURE | INDEPENDANT | GNONKA ANGES | 2814 voix | 43.48% | ELU(E)"
091,1,223,2.66,False,17,451.6,INDEPENDANT,TIE FELICIEN SERGE-ALAIN,INDEPENDANT,TIE FELICIEN SERGE ALAIN,False,8,525,"[p.17] 091 FACOBLY, GUEZON, KOUA, SEMIEN ET TIENY-SEABLY, COMMUNES ET SOUS-PREFECTURES | INDEPENDANT | TIE FELICIEN SERGE-ALAIN | 223 voix | 2.66%"
091,2,518,6.18,False,17,471.1,INDEPENDANT,BLEKAHI PHILIPPE,INDEPENDANT,BLEKAHI PHILIPPE,False,4,526,"[p.17] 091 FACOBLY, GUEZON, KOUA, SEMIEN ET TIENY-SEABLY, COMMUNES ET SOUS-PREFECTURES | INDEPENDANT | BLEKAHI PHILIPPE | 518 voix | 6.18%"
091,3,347,4.14,False,17,490.4,ADCI,KINDRAUD MIANTE ALIDA VERONIQUE,ADCI,KINDRAUD MIANTE ALIDA VERONIQUE,False,7,527,"[p.17] 091 FACOBLY, GUEZON, KOUA, SEMIEN ET TIENY-SEABLY, COMMUNES ET SOUS-PREFECTURES | ADCI | KINDRAUD MIANTE ALIDA VERONIQUE | 347 voix | 4.14%"
091,4,2551,30.43,False,17,509.8,INDEPENDANT,MEAMBLY TIE EVARISTE EDOUARD,INDEPENDANT,MEAMBLY TIE EVARISTE EDOUARD,False,2,528,"[p.17] 091 FACOBLY, GUEZON, KOUA, SEMIEN ET TIENY-SEABLY, COMMUNES ET SOUS-PREFECTURES | INDEPENDANT | MEAMBLY TIE EVARISTE EDOUARD | 2551 voix | 30.43%"
091,5,817,9.75,False,17,529.1,INDEPENDANT,TROH KELASSON ADELPHE,INDEPENDANT,TROH KELASSON ADELPHE,False,3,529,"[p.17] 091 FACOBLY, GUEZON, KOUA, SEMIEN ET TIENY-SEABLY, COMMUNES ET SOUS-PREFECTURES | INDEPENDANT | TROH KELASSON ADELPHE | 817 voix | 9.75%"
091,6,408,4.87,False,17,548.4,INDEPENDANT,TIEPOHO DOHANEMON ALAIN,INDEPENDANT,TIEPOHO DOHANEMON ALAIN,False,5,530,"[p.17] 091 FACOBLY, GUEZON, KOUA, SEMIEN ET TIENY-SEABLY, COMMUNES ET SOUS-PREFECTURES | INDEPENDANT | TIEPOHO DOHANEMON ALAIN | 408 voix | 4.87%"
091,7,375,4.47,False,17,567.7,INDEPENDANT,SEHI GUEHI PATRICK,INDEPENDANT,SEHI GUEHI PATRICK,False,6,531,"[p.17] 091 FACOBLY, GUEZON, KOUA, SEMIEN ET TIENY-SEABLY, COMMUNES ET SOUS-PREFECTURES | INDEPENDANT | SEHI GUEHI PATRICK | 375 voix | 4.47%"
091,8,3033,36.18,True,17,586.9,RHDP,SEA JEAN HONORE,RHDP,SEA JEAN HONORE,False,1,532,"[p.17] 091 FACOBLY, GUEZON, KOUA, SEMIEN ET TIENY-SEABLY, COMMUNES ET SOUS-PREFECTURES | RHDP | SEA JEAN HONORE | 3033 voix | 36.18% | ELU(E)"
092,1,492,4.84,False,17,606.2,PPSD,TIEHI EMMANUEL,PPSD,TIEHI EMMANUEL,False,5,533,"[p.17] 092 KOUIBLY, NIDROU, OUYABLY-GNONDROU ET TOTRODROU, COMMUNES ET SOUS-PREFECTURES | PPSD | TIEHI EMMANUEL | 492 voix | 4.84%"
092,2,1977,19.45,False,17,625.7,EDS,YOUTE WONSEBEO INNOCENT,EDS,YOUTE WONSEBEO INNOCENT,False,2,534,"[p.17] 092 KOUIBLY, NIDROU, OUYABLY-GNONDROU ET TOTRODROU, COMMUNES ET SOUS-PREFECTURES | EDS | YOUTE WONSEBEO INNOCENT | 1977 voix | 19.45%"
092,3,380,3.74,False,17,645.0,MGC,KPEYA MONHESSEA,MGC,KPEYA MONHESSEA,False,6,535,"[p.17] 092 KOUIBLY, NIDROU, OUYABLY-GNONDROU ET TOTRODROU, COMMUNES ET SOUS-PREFECTURES | MGC | KPEYA MONHESSEA | 380 voix | 3.74%"
092,4,1402,13.79,False,17,664.4,INDEPENDANT,WOMBLEGNON EPSE LEMMENS JULIE,INDEPENDANT,WOMBLEGNON EPSE LEMMENS JULIE,False,4,536,"[p.17] 092 KOUIBLY, NIDROU, OUYABLY-GNONDROU ET TOTRODROU, COMMUNES ET SOUS-PREFECTURES | INDEPENDANT | WOMBLEGNON EPSE LEMMENS JULIE | 1402 voix | 13.79%"
092,5,1488,14.64,False,17,683.7,INDEPENDANT,BEAT-SEKI SEANDJE ANGE,INDEPENDANT,BEAT SEKI SEANDJE ANGE,False,3,537,"[p.17] 092 KOUIBLY, NIDROU, OUYABLY-GNONDROU ET TOTRODROU, COMMUNES ET SOUS-PREFECTURES | INDEPENDANT | BEAT-SEKI SEANDJE ANGE | 1488 voix | 14.64%"
092,6,193,1.9,False,17,703.0,ACI,BAH FERDINAND,ACI,BAH FERDINAND,False,8,538,"[p.17] 092 KOUIBLY, NIDROU, OUYABLY-GNONDROU ET TOTRODROU, COMMUNES ET SOUS-PREFECTURES | ACI | BAH FERDINAND | 193 voix | 1.90%"
092,7,3858,37.95,True,17,722.3,RHDP,TAHOU THIERRY,RHDP,TAHOU THIERRY,False,1,539,"[p.17] 092 KOUIBLY, NIDROU, OUYABLY-GNONDROU ET TOTRODROU, COMMUNES ET SOUS-PREFECTURES | RHDP | TAHOU THIERRY | 3858 voix | 37.95% | ELU(E)"
092,8,258,2.54,False,17,741.5,GP-PAIX,GBE GNIONTY ANGELESSE JACQUELIN,GPPAIX,GBE GNIONTY ANGELESSE JACQUELIN,False,7,540,"[p.17] 092 KOUIBLY, NIDROU, OUYABLY-GNONDROU ET TOTRODROU, COMMUNES ET SOUS-PREFECTURES | GP-PAIX | GBE GNIONTY ANGELESSE JACQUELIN | 258 voix | 2.54%"
093,1,3946,37.19,False,18,65.2,INDEPENDANT,KARIDIOULA SOULEYMANE,INDEPENDANT,KARIDIOULA SOULEYMANE,False,2,541,"[p.18] 093 BASSAWA, SATAMA-SOKORO ET SATAMA-SOKOURA, COMMUNES ET SOUS-PREFECTURES | INDEPENDANT | KARIDIOULA SOULEYMANE | 3946 voix | 37.19%"
093,2,6542,61.65,True,18,84.5,RHDP,FOFANA BASSATIGUI,RHDP,FOFANA BASSATIGUI,False,1,542,"[p.18] 093 BASSAWA, SATAMA-SOKORO ET SATAMA-SOKOURA, COMMUNES ET SOUS-PREFECTURES | RHDP | FOFANA BASSATIGUI | 6542 voix | 61.65% | ELU(E)"
094,1,3373,20.25,False,18,103.8,INDEPENDANT,COULIBALY ABOUBAKARY,INDEPENDANT,COULIBALY ABOUBAKARY,False,2,543,"[p.18] 094 DABAKALA, SOKALA-SOBARA, TENDENE-BAMBARASSO ET YAOSSEDOUGOU, COMMUNES ET SOUS-PREFECTURES | INDEPENDANT | COULIBALY ABOUBAKARY | 3373 voix | 20.25%"
094,2,311,1.87,False,18,123.3,INDEPENDANT,COULIBALY DROUGNAN MOHAMED,INDEPENDANT,COULIBALY DROUGNAN MOHAMED,False,3,544,"[p.18] 094 DABAKALA, SOKALA-SOBARA, TENDENE-BAMBARASSO ET YAOSSEDOUGOU, COMMUNES ET SOUS-PREFECTURES | INDEPENDANT | COULIBALY DROUGNAN MOHAMED | 311 voix | 1.87%"
094,3,12798,76.84,True,18,142.5,RHDP,KONATE IBRAHIM KALIL,RHDP,KONATE IBRAHIM KALIL,False,1,545,"[p.18] 094 DABAKALA, SOKALA-SOBARA, TENDENE-BAMBARASSO ET YAOSSEDOUGOU, COMMUNES ET SOUS-PREFECTURES | RHDP | KONATE IBRAHIM KALIL | 12798 voix | 76.84% | ELU(E)"
095,1,555,4.89,False,18,161.8,ADCI,KARIDIOULA NIEHINAPARAN,ADCI,KARIDIOULA NIEHINAPARAN,False,3,546,"[p.18] 095 BONIEREDOUGOU ET FOUMBOLO, COMMUNES ET SOUS-PREFECTURES | ADCI | KARIDIOULA NIEHINAPARAN | 555 voix | 4.89%"
095,2,2475,21.79,False,18,181.3,INDEPENDANT,OUATTARA DOKOLIO GERARD,INDEPENDANT,OUATTARA DOKOLIO GERARD,False,2,547,"[p.18] 095 BONIEREDOUGOU ET FOUMBOLO, COMMUNES ET SOUS-PREFECTURES | INDEPENDANT | OUATTARA DOKOLIO GERARD | 2475 voix | 21.79%"
095,3,7762,68.35,True,18,200.6,RHDP,COULIBALY AMADOU TIDIANE,RHDP,COULIBALY AMADOU TIDIANE,False,1,548,"[p.18] 095 BONIEREDOUGOU ET FOUMBOLO, COMMUNES ET SOUS-PREFECTURES | RHDP | COULIBALY AMADOU TIDIANE | 7762 voix | 68.35% | ELU(E)"
095,4,390,3.43,False,18,219.7,INDEPENDANT,COULIBALY SOULEYMANE,INDEPENDANT,COULIBALY SOULEYMANE,False,4,549,"[p.18] 095 BONIEREDOUGOU ET FOUMBOLO, COMMUNES ET SOUS-PREFECTURES | INDEPENDANT | COULIBALY SOULEYMANE | 390 voix | 3.43%"
096,1,5146,29.8,False,18,239.1,INDEPENDANT,TRAORE KARIME,INDEPENDANT,TRAORE KARIME,False,2,550,"[p.18] 096 FRONAN, KATIOLA ET TIMBE, COMMUNES ET SOUS-PREFECTURES | INDEPENDANT | TRAORE KARIME | 5146 voix | 29.80%"
096,2,11788,68.25,True,18,258.6,RHDP,CAMARA POGABAHA THOMAS,RHDP,CAMARA POGABAHA THOMAS,False,1,551,"[p.18] 096 FRONAN, KATIOLA ET TIMBE, COMMUNES ET SOUS-PREFECTURES | RHDP | CAMARA POGABAHA THOMAS | 11788 voix | 68.25% | ELU(E)"
096,3,66,0.38,False,18,277.7,AIDE,PARE KATITCHO BINTOU CATHERINE,AIDE,PARE KATITCHO BINTOU CATHERINE,False,3,552,"[p.18] 096 FRONAN, KATIOLA ET TIMBE, COMMUNES ET SOUS-PREFECTURES | AIDE | PARE KATITCHO BINTOU CATHERINE | 66 voix | 0.38%"
097,1,2808,22.51,False,18,297.1,INDEPENDANT,TRAORE KARIDIA,INDEPENDANT,TRAORE KARIDIA,False,2,553,"[p.18] 097 ARIKOKAHA, NIAKARAMANDOUGOU ET TORTIYA, COMMUNES ET SOUS-PREFECTURES | INDEPENDANT | TRAORE KARIDIA | 2808 voix | 22.51%"
097,2,8915,71.47,True,18,316.5,RHDP,KONE CATHERINE,RHDP,KONE CATHERINE,False,1,554,"[p.18] 097 ARIKOKAHA, NIAKARAMANDOUGOU ET TORTIYA, COMMUNES ET SOUS-PREFECTURES | RHDP | KONE CATHERINE | 8915 voix | 71.47% | ELU(E)"
097,3,590,4.73,False,18,335.7,PDCI-RDA,TOURE ISSOUF,PDCIRDA,TOURE ISSOUF,False,3,555,"[p.18] 097 ARIKOKAHA, NIAKARAMANDOUGOU ET TORTIYA, COMMUNES ET SOUS-PREFECTURES | PDCI-RDA | TOURE ISSOUF | 590 voix | 4.73%"
098,1,23329,99.93,True,18,354.8,RHDP,KONE TIEMOKO MEYLIET,RHDP,KONE TIEMOKO MEYLIET,False,1,556,"[p.18] 098 BADIKAHA, NIEDEKAHA ET TAFIRE, COMMUNES ET SOUS-PREFECTURES | RHDP | KONE TIEMOKO MEYLIET | 23329 voix | 99.93% | ELU(E)"
099,1,3602,29.69,False,18,374.3,INDEPENDANT,ALLIANCE POUR LA DEMOCRATIE ET LE DEVELOPPEMENT,INDEPENDANT,ALLIANCE POUR LA DEMOCRATIE ET LE DEVELOPPEMENT,True,2,557,"[p.18] 099 BEDIALA, GADOUAN ET GONATE, COMMUNES ET SOUS-PREFECTURES | INDEPENDANT | ALLIANCE POUR LA DEMOCRATIE ET LE DEVELOPPEMENT | 3602 voix | 29.69%"
099,2,5873,48.41,True,18,393.8,RHDP,"UNE COTE DIVOIRE EN PAIX, PROSPERE ET SOLIDAIRE",RHDP,UNE COTE DIVOIRE EN PAIX PROSPERE ET SOLIDAIRE,True,1,558,"[p.18] 099 BEDIALA, GADOUAN ET GONATE, COMMUNES ET SOUS-PREFECTURES | RHDP | UNE COTE DIVOIRE EN PAIX, PROSPERE ET SOLIDAIRE | 5873 voix | 48.41% | ELU(E)"
099,3,2512,20.7,False,18,413.0,PDCI-RDA,TOUS ENSEMBLE POUR LA CÔTE D'IVOIRE,PDCIRDA,TOUS ENSEMBLE POUR LA COTE D IVOIRE,True,3,559,"[p.18] 099 BEDIALA, GADOUAN ET GONATE, COMMUNES ET SOUS-PREFECTURES | PDCI-RDA | TOUS ENSEMBLE POUR LA CÔTE D'IVOIRE | 2512 voix | 20.70%"
100,1,412,1.53,False,18,432.3,INDEPENDANT,PRO COTE D'IVOIRE POUR UN PARLEMENT DEFENSEUR DES POPULATIONS,INDEPENDANT,PRO COTE D IVOIRE POUR UN PARLEMENT DEFENSEUR DES POPULATIONS,True,6,560,"[p.18] 100 DALOA, VILLE ET SOUS-PREFECTURE | INDEPENDANT | PRO COTE D'IVOIRE POUR UN PARLEMENT DEFENSEUR DES POPULATIONS | 412 voix | 1.53%"
100,2,1035,3.83,False,18,451.8,INDEPENDANT,ENSEMBLE REALISONS,INDEPENDANT,ENSEMBLE REALISONS,False,3,561,"[p.18] 100 DALOA, VILLE ET SOUS-PREFECTURE | INDEPENDANT | ENSEMBLE REALISONS | 1035 voix | 3.83%"
100,3,990,3.67,False,18,471.1,INDEPENDANT,LESPOIR POLITIQUE DE DALOA,INDEPENDANT,LESPOIR POLITIQUE DE DALOA,True,4,562,"[p.18] 100 DALOA, VILLE ET SOUS-PREFECTURE | INDEPENDANT | LESPOIR POLITIQUE DE DALOA | 990 voix | 3.67%"
100,4,987,3.66,False,18,490.4,INDEPENDANT,EGALITE POUR LEQUILIBRE SOCIO-ECONOMIQUE,INDEPENDANT,EGALITE POUR LEQUILIBRE SOCIO ECONOMIQUE,True,5,563,"[p.18] 100 DALOA, VILLE ET SOUS-PREFECTURE | INDEPENDANT | EGALITE POUR LEQUILIBRE SOCIO-ECONOMIQUE | 987 voix | 3.66%"
100,5,21340,79.06,True,18,509.8,RHDP,"UNE COTE D""IVOIRE EN PAIX, PROSPERE ET SOLIDAIRE",RHDP,UNE COTE D IVOIRE EN PAIX PROSPERE ET SOLIDAIRE,True,1,564,"[p.18] 100 DALOA, VILLE ET SOUS-PREFECTURE | RHDP | UNE COTE D""IVOIRE EN PAIX, PROSPERE ET SOLIDAIRE | 21340 voix | 79.06% | ELU(E)"
100,6,1844,6.83,False,18,529.1,INDEPENDANT,POUR NOUS CEST DALOA,INDEPENDANT,POUR NOUS CEST DALOA,True,2,565,"[p.18] 100 DALOA, VILLE ET SOUS-PREFECTURE | INDEPENDANT | POUR NOUS CEST DALOA | 1844 voix | 6.83%"
100,7,120,0.44,False,18,548.2,INDEPENDANT,JEUNESSE UNIE DE DALOA,INDEPENDANT,JEUNESSE UNIE DE DALOA,True,7,566,"[p.18] 100 DALOA, VILLE ET SOUS-PREFECTURE | INDEPENDANT | JEUNESSE UNIE DE DALOA | 120 voix | 0.44%"
101,1,366,3.43,False,18,567.5,INDEPENDANT,DIGBEU TOH LAMBERT,INDEPENDANT,DIGBEU TOH LAMBERT,False,4,567,"[p.18] 101 GBOGUHE ET ZAHIBO, COMMUNES ET SOUS-PREFECTURES | INDEPENDANT | DIGBEU TOH LAMBERT | 366 voix | 3.43%"
101,2,34,0.32,False,18,587.1,ADCI,TETIALY TETIALY ADOLPHE,ADCI,TETIALY TETIALY ADOLPHE,False,5,568,"[p.18] 101 GBOGUHE ET ZAHIBO, COMMUNES ET SOUS-PREFECTURES | ADCI | TETIALY TETIALY ADOLPHE | 34 voix | 0.32%"
101,3,3511,32.94,False,18,606.4,RHDP,OUATTARA BAKARY,RHDP,OUATTARA BAKARY,False,2,569,"[p.18] 101 GBOGUHE ET ZAHIBO, COMMUNES ET SOUS-PREFECTURES | RHDP | OUATTARA BAKARY | 3511 voix | 32.94%"
101,4,5907,55.42,True,18,625.7,INDEPENDANT,KIPRE STEPHANE AYMAR AUGUSTIN,INDEPENDANT,KIPRE STEPHANE AYMAR AUGUSTIN,False,1,570,"[p.18] 101 GBOGUHE ET ZAHIBO, COMMUNES ET SOUS-PREFECTURES | INDEPENDANT | KIPRE STEPHANE AYMAR AUGUSTIN | 5907 voix | 55.42% | ELU(E)"
101,5,21,0.2,False,18,645.0,MGC,BIAHI FLORA ESTELLE DESIREE,MGC,BIAHI FLORA ESTELLE DESIREE,False,6,571,"[p.18] 101 GBOGUHE ET ZAHIBO, COMMUNES ET SOUS-PREFECTURES | MGC | BIAHI FLORA ESTELLE DESIREE | 21 voix | 0.20%"
101,6,698,6.55,False,18,664.2,PDCI-RDA,LIKANE-YAGUI JEAN,PDCIRDA,LIKANE YAGUI JEAN,False,3,572,"[p.18] 101 GBOGUHE ET ZAHIBO, COMMUNES ET SOUS-PREFECTURES | PDCI-RDA | LIKANE-YAGUI JEAN | 698 voix | 6.55%"
102,1,264,2.01,False,18,683.5,INDEPENDANT,UNION DES JEUNES POUR LE DEVELOPPEMENT,INDEPENDANT,UNION DES JEUNES POUR LE DEVELOPPEMENT,True,5,573,"[p.18] 102 BOGUEDIA, ISSIA ET TAPEGUIA, COMMUNES ET SOUS-PREFECTURES | INDEPENDANT | UNION DES JEUNES POUR LE DEVELOPPEMENT | 264 voix | 2.01%"
102,2,5651,43.0,True,18,703.0,RHDP,"UNE COTE DIVOIRE EN PAIX, PROSPERE ET SOLIDAIRE",RHDP,UNE COTE DIVOIRE EN PAIX PROSPERE ET SOLIDAIRE,True,1,574,"[p.18] 102 BOGUEDIA, ISSIA ET TAPEGUIA, COMMUNES ET SOUS-PREFECTURES | RHDP | UNE COTE DIVOIRE EN PAIX, PROSPERE ET SOLIDAIRE | 5651 voix | 43.00% | ELU(E)"
102,3,2451,18.65,False,18,722.3,INDEPENDANT,EPI (ENSSEMBLE POUR ISSIA),INDEPENDANT,EPI ENSSEMBLE POUR ISSIA,True,3,575,"[p.18] 102 BOGUEDIA, ISSIA ET TAPEGUIA, COMMUNES ET SOUS-PREFECTURES | INDEPENDANT | EPI (ENSSEMBLE POUR ISSIA) | 2451 voix | 18.65%"
102,4,954,7.26,False,18,741.7,INDEPENDANT,ENSEMBLE POUR LA CAUSE D'ISSIA,INDEPENDANT,ENSEMBLE POUR LA CAUSE D ISSIA,True,4,576,"[p.18] 102 BOGUEDIA, ISSIA ET TAPEGUIA, COMMUNES ET SOUS-PREFECTURES | INDEPENDANT | ENSEMBLE POUR LA CAUSE D'ISSIA | 954 voix | 7.26%"
102,5,3691,28.09,False,18,760.8,INDEPENDANT,TOUS UNIS POUR ISSIA,INDEPENDANT,TOUS UNIS POUR ISSIA,True,2,577,"[p.18] 102 BOGUEDIA, ISSIA ET TAPEGUIA, COMMUNES ET SOUS-PREFECTURES | INDEPENDANT | TOUS UNIS POUR ISSIA | 3691 voix | 28.09%"
103,1,1793,29.58,False,19,65.2,INDEPENDANT,GOKOU YODE PATRICK,INDEPENDANT,GOKOU YODE PATRICK,False,2,578,"[p.19] 103 IBOGUHE ET NAMANE, COMMUNES ET SOUS-PREFECTURES | INDEPENDANT | GOKOU YODE PATRICK | 1793 voix | 29.58%"
103,2,308,5.08,False,19,84.7,INDEPENDANT,SERY GBOGUHE RICHARD,INDEPENDANT,SERY GBOGUHE RICHARD,False,5,579,"[p.19] 103 IBOGUHE ET NAMANE, COMMUNES ET SOUS-PREFECTURES | INDEPENDANT | SERY GBOGUHE RICHARD | 308 voix | 5.08%"
103,3,133,2.19,False,19,104.0,INDEPENDANT,LAGO DONWAHI CHARLES,INDEPENDANT,LAGO DONWAHI CHARLES,False,6,580,"[p.19] 103 IBOGUHE ET NAMANE, COMMUNES ET SOUS-PREFECTURES | INDEPENDANT | LAGO DONWAHI CHARLES | 133 voix | 2.19%"
103,4,727,11.99,False,19,123.3,MNRP,LOUOBA MICHAEL,MNRP,LOUOBA MICHAEL,False,4,581,"[p.19] 103 IBOGUHE ET NAMANE, COMMUNES ET SOUS-PREFECTURES | MNRP | LOUOBA MICHAEL | 727 voix | 11.99%"
103,5,1950,32.17,True,19,142.6,RHDP,TRAORE DOTEME,RHDP,TRAORE DOTEME,False,1,582,"[p.19] 103 IBOGUHE ET NAMANE, COMMUNES ET SOUS-PREFECTURES | RHDP | TRAORE DOTEME | 1950 voix | 32.17% | ELU(E)"
103,6,91,1.5,False,19,162.0,INDEPENDANT,PALLE PALLE ISIDORE,INDEPENDANT,PALLE PALLE ISIDORE,False,7,583,"[p.19] 103 IBOGUHE ET NAMANE, COMMUNES ET SOUS-PREFECTURES | INDEPENDANT | PALLE PALLE ISIDORE | 91 voix | 1.50%"
103,7,44,0.73,False,19,181.3,GP-PAIX,KOUAKOU KOFFI,GPPAIX,KOUAKOU KOFFI,False,9,584,"[p.19] 103 IBOGUHE ET NAMANE, COMMUNES ET SOUS-PREFECTURES | GP-PAIX | KOUAKOU KOFFI | 44 voix | 0.73%"
103,8,49,0.81,False,19,200.6,INDEPENDANT,YOBOUET KOUAKOU DIEUDONNE,INDEPENDANT,YOBOUET KOUAKOU DIEUDONNE,False,8,585,"[p.19] 103 IBOGUHE ET NAMANE, COMMUNES ET SOUS-PREFECTURES | INDEPENDANT | YOBOUET KOUAKOU DIEUDONNE | 49 voix | 0.81%"
103,9,891,14.7,False,19,219.7,PDCI-RDA,DIBAHI DODO AMEDEE,PDCIRDA,DIBAHI DODO AMEDEE,False,3,586,"[p.19] 103 IBOGUHE ET NAMANE, COMMUNES ET SOUS-PREFECTURES | PDCI-RDA | DIBAHI DODO AMEDEE | 891 voix | 14.70%"
104,1,342,2.59,False,19,239.1,CODE,SERI LANDRY,CODE,SERI LANDRY,False,3,587,"[p.19] 104 NAHIO ET SAIOUA, COMMUNES ET SOUS-PREFECTURES | CODE | SERI LANDRY | 342 voix | 2.59%"
104,2,216,1.64,False,19,258.6,INDEPENDANT,SOKORA SOKORA ARMAND,INDEPENDANT,SOKORA SOKORA ARMAND,False,5,588,"[p.19] 104 NAHIO ET SAIOUA, COMMUNES ET SOUS-PREFECTURES | INDEPENDANT | SOKORA SOKORA ARMAND | 216 voix | 1.64%"
104,3,9209,69.82,True,19,277.9,RHDP,LOKPO BRAHIMA,RHDP,LOKPO BRAHIMA,False,1,589,"[p.19] 104 NAHIO ET SAIOUA, COMMUNES ET SOUS-PREFECTURES | RHDP | LOKPO BRAHIMA | 9209 voix | 69.82% | ELU(E)"
104,4,76,0.58,False,19,297.2,INDEPENDANT,YOKOZO MARINA ANGELE,INDEPENDANT,YOKOZO MARINA ANGELE,False,6,590,"[p.19] 104 NAHIO ET SAIOUA, COMMUNES ET SOUS-PREFECTURES | INDEPENDANT | YOKOZO MARINA ANGELE | 76 voix | 0.58%"
104,5,258,1.96,False,19,316.5,MGC,MADI BOUABRE,MGC,MADI BOUABRE,False,4,591,"[p.19] 104 NAHIO ET SAIOUA, COMMUNES ET SOUS-PREFECTURES | MGC | MADI BOUABRE | 258 voix | 1.96%"
104,6,2926,22.19,False,19,335.7,PDCI-RDA,DJEDJE MADY ALPHONSE,PDCIRDA,DJEDJE MADY ALPHONSE,False,2,592,"[p.19] 104 NAHIO ET SAIOUA, COMMUNES ET SOUS-PREFECTURES | PDCI-RDA | DJEDJE MADY ALPHONSE | 2926 voix | 22.19%"
105,1,2990,24.81,False,19,355.0,INDEPENDANT,VAVOUA ENSEMBLE C'EST POSSIBLE,INDEPENDANT,VAVOUA ENSEMBLE C EST POSSIBLE,True,3,593,"[p.19] 105 BAZRA NATILS, DANANON, KETRO·BASSAM ET VAVOUA, COMMUNES ET SOUS·PREFECTURES | INDEPENDANT | VAVOUA ENSEMBLE C'EST POSSIBLE | 2990 voix | 24.81%"
105,2,205,1.7,False,19,374.5,INDEPENDANT,ENSEMBLE POUR LE DEVELOPPEMENT,INDEPENDANT,ENSEMBLE POUR LE DEVELOPPEMENT,True,6,594,"[p.19] 105 BAZRA NATILS, DANANON, KETRO·BASSAM ET VAVOUA, COMMUNES ET SOUS·PREFECTURES | INDEPENDANT | ENSEMBLE POUR LE DEVELOPPEMENT | 205 voix | 1.70%"
105,3,4576,37.97,True,19,393.8,RHDP,"UNE COTE DIVOIRE EN PAIX, PROSPERE ET SOLIDAIRE",RHDP,UNE COTE DIVOIRE EN PAIX PROSPERE ET SOLIDAIRE,True,1,595,"[p.19] 105 BAZRA NATILS, DANANON, KETRO·BASSAM ET VAVOUA, COMMUNES ET SOUS·PREFECTURES | RHDP | UNE COTE DIVOIRE EN PAIX, PROSPERE ET SOLIDAIRE | 4576 voix | 37.97% | ELU(E)"
105,4,324,2.69,False,19,413.2,INDEPENDANT,LE CHANGEMENT C'EST MAINTENANT,INDEPENDANT,LE CHANGEMENT C EST MAINTENANT,True,4,596,"[p.19] 105 BAZRA NATILS, DANANON, KETRO·BASSAM ET VAVOUA, COMMUNES ET SOUS·PREFECTURES | INDEPENDANT | LE CHANGEMENT C'EST MAINTENANT | 324 voix | 2.69%"
105,5,297,2.46,False,19,432.5,INDEPENDANT,"VAVOUA, JEUNESSE DEBOUT",INDEPENDANT,VAVOUA JEUNESSE DEBOUT,True,5,597,"[p.19] 105 BAZRA NATILS, DANANON, KETRO·BASSAM ET VAVOUA, COMMUNES ET SOUS·PREFECTURES | INDEPENDANT | VAVOUA, JEUNESSE DEBOUT | 297 voix | 2.46%"
105,6,58,0.48,False,19,451.8,INDEPENDANT,ENSEMBLE POUR LA RELEVE,INDEPENDANT,ENSEMBLE POUR LA RELEVE,True,9,598,"[p.19] 105 BAZRA NATILS, DANANON, KETRO·BASSAM ET VAVOUA, COMMUNES ET SOUS·PREFECTURES | INDEPENDANT | ENSEMBLE POUR LA RELEVE | 58 voix | 0.48%"
105,7,115,0.95,False,19,471.1,INDEPENDANT,VAVOUA LE CHANGEMENT C'EST MAINTENANT,INDEPENDANT,VAVOUA LE CHANGEMENT C EST MAINTENANT,True,7,599,"[p.19] 105 BAZRA NATILS, DANANON, KETRO·BASSAM ET VAVOUA, COMMUNES ET SOUS·PREFECTURES | INDEPENDANT | VAVOUA LE CHANGEMENT C'EST MAINTENANT | 115 voix | 0.95%"
105,8,65,0.54,False,19,490.4,INDEPENDANT,UN NOUVEAU DEPART,INDEPENDANT,UN NOUVEAU DEPART,True,8,600,"[p.19] 105 BAZRA NATILS, DANANON, KETRO·BASSAM ET VAVOUA, COMMUNES ET SOUS·PREFECTURES | INDEPENDANT | UN NOUVEAU DEPART | 65 voix | 0.54%"
105,9,2993,24.84,False,19,509.6,PDCI-RDA,TOUS ENSEMBLE POUR LA CÔTE D'IVOIRE,PDCIRDA,TOUS ENSEMBLE POUR LA COTE D IVOIRE,True,2,601,"[p.19] 105 BAZRA NATILS, DANANON, KETRO·BASSAM ET VAVOUA, COMMUNES ET SOUS·PREFECTURES | PDCI-RDA | TOUS ENSEMBLE POUR LA CÔTE D'IVOIRE | 2993 voix | 24.84%"
106,1,1090,21.19,False,19,528.9,INDEPENDANT,KOUAME KOUADIO ANDERSON,INDEPENDANT,KOUAME KOUADIO ANDERSON,False,2,602,"[p.19] 106 DANIA, COMMUNE ET SOUS-PREFECTURE | INDEPENDANT | KOUAME KOUADIO ANDERSON | 1090 voix | 21.19%"
106,2,59,1.15,False,19,548.4,INDEPENDANT,N'GUESSAN KOUAKOU SALOMON,INDEPENDANT,N GUESSAN KOUAKOU SALOMON,False,6,603,"[p.19] 106 DANIA, COMMUNE ET SOUS-PREFECTURE | INDEPENDANT | N'GUESSAN KOUAKOU SALOMON | 59 voix | 1.15%"
106,3,310,6.03,False,19,567.7,INDEPENDANT,SERY SOKO,INDEPENDANT,SERY SOKO,False,4,604,"[p.19] 106 DANIA, COMMUNE ET SOUS-PREFECTURE | INDEPENDANT | SERY SOKO | 310 voix | 6.03%"
106,4,2374,46.14,True,19,587.1,RHDP,VEDEA BLIKAN ELISABETH,RHDP,VEDEA BLIKAN ELISABETH,False,1,605,"[p.19] 106 DANIA, COMMUNE ET SOUS-PREFECTURE | RHDP | VEDEA BLIKAN ELISABETH | 2374 voix | 46.14% | ELU(E)"
106,5,173,3.36,False,19,606.4,INDEPENDANT,GBEDEGNE NADJE HUGUES,INDEPENDANT,GBEDEGNE NADJE HUGUES,False,5,606,"[p.19] 106 DANIA, COMMUNE ET SOUS-PREFECTURE | INDEPENDANT | GBEDEGNE NADJE HUGUES | 173 voix | 3.36%"
106,6,57,1.11,False,19,625.7,INDEPENDANT,BERTE NADO AMARA,INDEPENDANT,BERTE NADO AMARA,False,7,607,"[p.19] 106 DANIA, COMMUNE ET SOUS-PREFECTURE | INDEPENDANT | BERTE NADO AMARA | 57 voix | 1.11%"
106,7,975,18.95,False,19,644.9,PDCI-RDA,TAPE TOUAPLI,PDCIRDA,TAPE TOUAPLI,False,3,608,"[p.19] 106 DANIA, COMMUNE ET SOUS-PREFECTURE | PDCI-RDA | TAPE TOUAPLI | 975 voix | 18.95%"
107,1,3312,66.36,True,20,65.2,RHDP,TRA BI SUI GUILLAUME,RHDP,TRA BI SUI GUILLAUME,False,1,609,"[p.20] 107 SEITIFLA, COMMUNE ET SOUS-PREFECTURE | RHDP | TRA BI SUI GUILLAUME | 3312 voix | 66.36% | ELU(E)"
107,2,1416,28.37,False,20,84.7,INDEPENDANT,OUIGNAN MARTIN,INDEPENDANT,OUIGNAN MARTIN,False,2,610,"[p.20] 107 SEITIFLA, COMMUNE ET SOUS-PREFECTURE | INDEPENDANT | OUIGNAN MARTIN | 1416 voix | 28.37%"
107,3,175,3.51,False,20,103.8,INDEPENDANT,KOUASSI BROU GAUTHIER,INDEPENDANT,KOUASSI BROU GAUTHIER,False,3,611,"[p.20] 107 SEITIFLA, COMMUNE ET SOUS-PREFECTURE | INDEPENDANT | KOUASSI BROU GAUTHIER | 175 voix | 3.51%"
108,1,37,0.47,False,20,123.1,FPP,BAMBA KALIFA,FPP,BAMBA KALIFA,False,4,612,"[p.20] 108 DOMANGBEU, GREGBEU, GUESSABO ET ZOUKOUGBEU, COMMUNES ET SOUS·PREFECTURES | FPP | BAMBA KALIFA | 37 voix | 0.47%"
108,2,4276,54.19,True,20,142.6,RHDP,DOH DIBAHI MARCELLIN,RHDP,DOH DIBAHI MARCELLIN,False,1,613,"[p.20] 108 DOMANGBEU, GREGBEU, GUESSABO ET ZOUKOUGBEU, COMMUNES ET SOUS·PREFECTURES | RHDP | DOH DIBAHI MARCELLIN | 4276 voix | 54.19% | ELU(E)"
108,3,357,4.52,False,20,162.0,INDEPENDANT,TETEA ZAMOSSE LEONARD,INDEPENDANT,TETEA ZAMOSSE LEONARD,False,3,614,"[p.20] 108 DOMANGBEU, GREGBEU, GUESSABO ET ZOUKOUGBEU, COMMUNES ET SOUS·PREFECTURES | INDEPENDANT | TETEA ZAMOSSE LEONARD | 357 voix | 4.52%"
108,4,3136,39.74,False,20,181.1,PDCI-RDA,GOZE SEPLE BERNARD,PDCIRDA,GOZE SEPLE BERNARD,False,2,615,"[p.20] 108 DOMANGBEU, GREGBEU, GUESSABO ET ZOUKOUGBEU, COMMUNES ET SOUS·PREFECTURES | PDCI-RDA | GOZE SEPLE BERNARD | 3136 voix | 39.74%"
109,1,48,0.65,False,20,200.4,INDEPENDANT,KOUASSI KOUADIO FRANCOIS,INDEPENDANT,KOUASSI KOUADIO FRANCOIS,False,5,616,"[p.20] 109 AKPASSANOU, ANANDA ET OUELLE COMMUNES ET SOUS-PREFECTURES | INDEPENDANT | KOUASSI KOUADIO FRANCOIS | 48 voix | 0.65%"
109,2,98,1.32,False,20,219.9,GP-PAIX,KONAN KOUAKOU,GPPAIX,KONAN KOUAKOU,False,4,617,"[p.20] 109 AKPASSANOU, ANANDA ET OUELLE COMMUNES ET SOUS-PREFECTURES | GP-PAIX | KONAN KOUAKOU | 98 voix | 1.32%"
109,3,4346,58.51,True,20,239.2,PDCI-RDA,YAO N'GUESSAN JUSTIN INNOCENT,PDCIRDA,YAO N GUESSAN JUSTIN INNOCENT,False,1,618,"[p.20] 109 AKPASSANOU, ANANDA ET OUELLE COMMUNES ET SOUS-PREFECTURES | PDCI-RDA | YAO N'GUESSAN JUSTIN INNOCENT | 4346 voix | 58.51% | ELU(E)"
109,4,709,9.54,False,20,258.6,INDEPENDANT,KOUAKOU KOUADIO JEAN-ARSENE,INDEPENDANT,KOUAKOU KOUADIO JEAN ARSENE,False,3,619,"[p.20] 109 AKPASSANOU, ANANDA ET OUELLE COMMUNES ET SOUS-PREFECTURES | INDEPENDANT | KOUAKOU KOUADIO JEAN-ARSENE | 709 voix | 9.54%"
109,5,2173,29.25,False,20,277.7,RHDP,KOUAKOU KOUASSI HUBERT,RHDP,KOUAKOU KOUASSI HUBERT,False,2,620,"[p.20] 109 AKPASSANOU, ANANDA ET OUELLE COMMUNES ET SOUS-PREFECTURES | RHDP | KOUAKOU KOUASSI HUBERT | 2173 voix | 29.25%"
110,1,2411,23.13,False,20,297.1,INDEPENDANT,AKOTO KOUASSI OLIVIER,INDEPENDANT,AKOTO KOUASSI OLIVIER,False,2,621,"[p.20] 110 DAOUKRO ET N'GATTAKRO, COMMUNES ET SOUS-PREFECTURES | INDEPENDANT | AKOTO KOUASSI OLIVIER | 2411 voix | 23.13%"
110,2,939,9.01,False,20,316.5,RHDP,KOUAKOU KOUADIO GERMAIN,RHDP,KOUAKOU KOUADIO GERMAIN,False,3,622,"[p.20] 110 DAOUKRO ET N'GATTAKRO, COMMUNES ET SOUS-PREFECTURES | RHDP | KOUAKOU KOUADIO GERMAIN | 939 voix | 9.01%"
110,3,5907,56.67,True,20,335.9,PDCI-RDA,KOUASSI TEOPHILE,PDCIRDA,KOUASSI TEOPHILE,False,1,623,"[p.20] 110 DAOUKRO ET N'GATTAKRO, COMMUNES ET SOUS-PREFECTURES | PDCI-RDA | KOUASSI TEOPHILE | 5907 voix | 56.67% | ELU(E)"
110,4,658,6.31,False,20,355.2,INDEPENDANT,TRAORE ABOU,INDEPENDANT,TRAORE ABOU,False,4,624,"[p.20] 110 DAOUKRO ET N'GATTAKRO, COMMUNES ET SOUS-PREFECTURES | INDEPENDANT | TRAORE ABOU | 658 voix | 6.31%"
110,5,437,4.19,False,20,374.3,INDEPENDANT,KOUAME KOUASSI BENSON,INDEPENDANT,KOUAME KOUASSI BENSON,False,5,625,"[p.20] 110 DAOUKRO ET N'GATTAKRO, COMMUNES ET SOUS-PREFECTURES | INDEPENDANT | KOUAME KOUASSI BENSON | 437 voix | 4.19%"
111,1,1753,32.93,True,20,393.6,PDCI-RDA,N'DOUFOU KOUASSI RICHARD,PDCIRDA,N DOUFOU KOUASSI RICHARD,False,1,626,"[p.20] 111 E T T R O K R O E T SAMANZA, COMMUNES ET SOUS-P R E F EC T U R E S | PDCI-RDA | N'DOUFOU KOUASSI RICHARD | 1753 voix | 32.93% | ELU(E)"
111,2,765,14.37,False,20,413.2,INDEPENDANT,KOUA MORO JEAN-BAPTISTE,INDEPENDANT,KOUA MORO JEAN BAPTISTE,False,4,627,"[p.20] 111 E T T R O K R O E T SAMANZA, COMMUNES ET SOUS-P R E F EC T U R E S | INDEPENDANT | KOUA MORO JEAN-BAPTISTE | 765 voix | 14.37%"
111,3,1590,29.86,False,20,432.5,INDEPENDANT,EKRA KOFFI JEAN-JACQUES,INDEPENDANT,EKRA KOFFI JEAN JACQUES,False,2,628,"[p.20] 111 E T T R O K R O E T SAMANZA, COMMUNES ET SOUS-P R E F EC T U R E S | INDEPENDANT | EKRA KOFFI JEAN-JACQUES | 1590 voix | 29.86%"
111,4,1163,21.84,False,20,451.6,RHDP,KOFFI KONIEN MOISE,RHDP,KOFFI KONIEN MOISE,False,3,629,"[p.20] 111 E T T R O K R O E T SAMANZA, COMMUNES ET SOUS-P R E F EC T U R E S | RHDP | KOFFI KONIEN MOISE | 1163 voix | 21.84%"
112,1,2500,17.66,False,20,470.9,INDEPENDANT,KOUAKOU ATCHELAUD FAUSTO LEWIS,INDEPENDANT,KOUAKOU ATCHELAUD FAUSTO LEWIS,False,4,630,"[p.20] 112 BONGUERA, KONDOSSOU ET M'BAHIAKRO, COMMUNES ET SOUS-PREFECTURES | INDEPENDANT | KOUAKOU ATCHELAUD FAUSTO LEWIS | 2500 voix | 17.66%"
112,2,4697,33.18,True,20,490.4,INDEPENDANT,TRAORE AHMED PARFAIT,INDEPENDANT,TRAORE AHMED PARFAIT,False,1,631,"[p.20] 112 BONGUERA, KONDOSSOU ET M'BAHIAKRO, COMMUNES ET SOUS-PREFECTURES | INDEPENDANT | TRAORE AHMED PARFAIT | 4697 voix | 33.18% | ELU(E)"
112,3,2516,17.77,False,20,509.8,PDCI-RDA,KOUAME TIALY HONORE,PDCIRDA,KOUAME TIALY HONORE,False,3,632,"[p.20] 112 BONGUERA, KONDOSSOU ET M'BAHIAKRO, COMMUNES ET SOUS-PREFECTURES | PDCI-RDA | KOUAME TIALY HONORE | 2516 voix | 17.77%"
112,4,168,1.19,False,20,529.1,INDEPENDANT,KOUAME KOUADIO JEAN JACQUES,INDEPENDANT,KOUAME KOUADIO JEAN JACQUES,False,6,633,"[p.20] 112 BONGUERA, KONDOSSOU ET M'BAHIAKRO, COMMUNES ET SOUS-PREFECTURES | INDEPENDANT | KOUAME KOUADIO JEAN JACQUES | 168 voix | 1.19%"
112,5,3004,21.22,False,20,548.4,INDEPENDANT,KOUAKOU KOUADIO,INDEPENDANT,KOUAKOU KOUADIO,False,2,634,"[p.20] 112 BONGUERA, KONDOSSOU ET M'BAHIAKRO, COMMUNES ET SOUS-PREFECTURES | INDEPENDANT | KOUAKOU KOUADIO | 3004 voix | 21.22%"
112,6,1074,7.59,False,20,567.6,RHDP,OUATTARA BAKARY,RHDP,OUATTARA BAKARY,False,5,635,"[p.20] 112 BONGUERA, KONDOSSOU ET M'BAHIAKRO, COMMUNES ET SOUS-PREFECTURES | RHDP | OUATTARA BAKARY | 1074 voix | 7.59%"
113,1,6704,44.41,False,20,586.9,PDCI-RDA,ADI KOUAME ISAC,PDCIRDA,ADI KOUAME ISAC,False,2,636,"[p.20] 113 ANIANOU, FAMIENKRO, KOFFI-AMONKRO, NAFANA ET PRIKRO, COMMUNESETSOU~PREFECTURES | PDCI-RDA | ADI KOUAME ISAC | 6704 voix | 44.41%"
113,2,278,1.84,False,20,606.4,INDEPENDANT,DRAMANE KOUAKOU AMADOU,INDEPENDANT,DRAMANE KOUAKOU AMADOU,False,3,637,"[p.20] 113 ANIANOU, FAMIENKRO, KOFFI-AMONKRO, NAFANA ET PRIKRO, COMMUNESETSOU~PREFECTURES | INDEPENDANT | DRAMANE KOUAKOU AMADOU | 278 voix | 1.84%"
113,3,7888,52.26,True,20,625.5,RHDP,KOUASSI KOUASSI JEAN CLAUDE,RHDP,KOUASSI KOUASSI JEAN CLAUDE,False,1,638,"[p.20] 113 ANIANOU, FAMIENKRO, KOFFI-AMONKRO, NAFANA ET PRIKRO, COMMUNESETSOU~PREFECTURES | RHDP | KOUASSI KOUASSI JEAN CLAUDE | 7888 voix | 52.26% | ELU(E)"
114,1,1039,8.91,False,20,644.9,INDEPENDANT,KONE MOUSSA,INDEPENDANT,KONE MOUSSA,False,3,639,"[p.20] 114 ABENGOUROU, COMMUNE | INDEPENDANT | KONE MOUSSA | 1039 voix | 8.91%"
114,2,1006,8.62,False,20,664.4,INDEPENDANT,NINTANE MAMADOU,INDEPENDANT,NINTANE MAMADOU,False,4,640,"[p.20] 114 ABENGOUROU, COMMUNE | INDEPENDANT | NINTANE MAMADOU | 1006 voix | 8.62%"
114,3,5872,50.33,True,20,683.7,RHDP,BAH ABDOULAYE,RHDP,BAH ABDOULAYE,False,1,641,"[p.20] 114 ABENGOUROU, COMMUNE | RHDP | BAH ABDOULAYE | 5872 voix | 50.33% | ELU(E)"
114,4,76,0.65,False,20,703.0,INDEPENDANT,FOFANA ABDOUL KARIM,INDEPENDANT,FOFANA ABDOUL KARIM,False,5,642,"[p.20] 114 ABENGOUROU, COMMUNE | INDEPENDANT | FOFANA ABDOUL KARIM | 76 voix | 0.65%"
114,5,3626,31.08,False,20,722.1,PDCI-RDA,BREDOU BREDOU ATHANASE,PDCIRDA,BREDOU BREDOU ATHANASE,False,2,643,"[p.20] 114 ABENGOUROU, COMMUNE | PDCI-RDA | BREDOU BREDOU ATHANASE | 3626 voix | 31.08%"
115,1,17921,82.26,True,20,741.5,RHDP,"UNE CÔTE DIVOIRE EN PAIX, PROSPÈRE ET SOLIDAIRE",RHDP,UNE COTE DIVOIRE EN PAIX PROSPERE ET SOLIDAIRE,True,1,644,"[p.20] 115 ABENGOUROU, SOUS-PREFECTURE, AMELEKIA, ANIANSSUE, EBILASSOKRO, NIABLE, YAKASSE-FEYASSE ET ZARANOU, COMMUNES ET SOUS-PREFECTURES | RHDP | UNE CÔTE DIVOIRE EN PAIX, PROSPÈRE ET SOLIDAIRE | 17921 voix | 82.26% | ELU(E)"
115,2,3760,17.26,False,20,784.7,PDCI-RDA,TOUS ENSEMBLE POUR LA CÔTE D'IVOIRE,PDCIRDA,TOUS ENSEMBLE POUR LA COTE D IVOIRE,True,2,645,"[p.20] 115 ABENGOUROU, SOUS-PREFECTURE, AMELEKIA, ANIANSSUE, EBILASSOKRO, NIABLE, YAKASSE-FEYASSE ET ZARANOU, COMMUNES ET SOUS-PREFECTURES | PDCI-RDA | TOUS ENSEMBLE POUR LA CÔTE D'IVOIRE | 3760 voix | 17.26%"
116,1,51,0.45,False,21,65.2,INDEPENDANT,KOUAME BELLEBA MYRIAM ASHELEY,INDEPENDANT,KOUAME BELLEBA MYRIAM ASHELEY,False,4,646,"[p.21] 116 AGNIBILEKROU, COMMUNE ET SOUS-PREFECTURES | INDEPENDANT | KOUAME BELLEBA MYRIAM ASHELEY | 51 voix | 0.45%"
116,2,32,0.28,False,21,84.7,INDEPENDANT,ASSEMIAN EPSE TAHI AKISSI MARIE-PAUL,INDEPENDANT,ASSEMIAN EPSE TAHI AKISSI MARIE PAUL,False,5,647,"[p.21] 116 AGNIBILEKROU, COMMUNE ET SOUS-PREFECTURES | INDEPENDANT | ASSEMIAN EPSE TAHI AKISSI MARIE-PAUL | 32 voix | 0.28%"
116,3,5744,51.05,True,21,104.0,RHDP,FOFANA SIANDOU,RHDP,FOFANA SIANDOU,False,1,648,"[p.21] 116 AGNIBILEKROU, COMMUNE ET SOUS-PREFECTURES | RHDP | FOFANA SIANDOU | 5744 voix | 51.05% | ELU(E)"
116,4,122,1.08,False,21,123.3,INDEPENDANT,BEUGRE KOFFI BOAFFE BRICE CYRILE,INDEPENDANT,BEUGRE KOFFI BOAFFE BRICE CYRILE,False,3,649,"[p.21] 116 AGNIBILEKROU, COMMUNE ET SOUS-PREFECTURES | INDEPENDANT | BEUGRE KOFFI BOAFFE BRICE CYRILE | 122 voix | 1.08%"
116,5,5226,46.45,False,21,142.5,PDCI-RDA,MANDODJA M'BIA ROGER,PDCIRDA,MANDODJA M BIA ROGER,False,2,650,"[p.21] 116 AGNIBILEKROU, COMMUNE ET SOUS-PREFECTURES | PDCI-RDA | MANDODJA M'BIA ROGER | 5226 voix | 46.45%"
117,1,54,0.7,False,21,161.8,INDEPENDANT,BARRY SOULEYMANE,INDEPENDANT,BARRY SOULEYMANE,False,5,651,"[p.21] 117 AKOBOISSUE ET DAME, DOUFFREBO ET TANGUELAN, COMMUNES ET SOUS-PREFECTURES | INDEPENDANT | BARRY SOULEYMANE | 54 voix | 0.70%"
117,2,68,0.89,False,21,181.3,INDEPENDANT,KAMBIRE SIE,INDEPENDANT,KAMBIRE SIE,False,4,652,"[p.21] 117 AKOBOISSUE ET DAME, DOUFFREBO ET TANGUELAN, COMMUNES ET SOUS-PREFECTURES | INDEPENDANT | KAMBIRE SIE | 68 voix | 0.89%"
117,3,3308,43.19,True,21,200.6,RHDP,ABOULAYE NANGO,RHDP,ABOULAYE NANGO,False,1,653,"[p.21] 117 AKOBOISSUE ET DAME, DOUFFREBO ET TANGUELAN, COMMUNES ET SOUS-PREFECTURES | RHDP | ABOULAYE NANGO | 3308 voix | 43.19% | ELU(E)"
117,4,1051,13.72,False,21,219.9,INDEPENDANT,KOUAKOU ADOU LEON,INDEPENDANT,KOUAKOU ADOU LEON,False,3,654,"[p.21] 117 AKOBOISSUE ET DAME, DOUFFREBO ET TANGUELAN, COMMUNES ET SOUS-PREFECTURES | INDEPENDANT | KOUAKOU ADOU LEON | 1051 voix | 13.72%"
117,5,3112,40.63,False,21,239.1,PDCI-RDA,AMANKOU JEAN MICHEL,PDCIRDA,AMANKOU JEAN MICHEL,False,2,655,"[p.21] 117 AKOBOISSUE ET DAME, DOUFFREBO ET TANGUELAN, COMMUNES ET SOUS-PREFECTURES | PDCI-RDA | AMANKOU JEAN MICHEL | 3112 voix | 40.63%"
118,1,1462,29.67,False,21,258.4,INDEPENDANT,KONAN JEAN DE DIEU,INDEPENDANT,KONAN JEAN DE DIEU,False,2,656,"[p.21] 118 BETTIE ET DIAMARAKRO, COMMUNES ET SOUS-PREFECTURES | INDEPENDANT | KONAN JEAN DE DIEU | 1462 voix | 29.67%"
118,2,94,1.91,False,21,277.9,ADCI,ANOH KOUAO STEPHANE,ADCI,ANOH KOUAO STEPHANE,False,5,657,"[p.21] 118 BETTIE ET DIAMARAKRO, COMMUNES ET SOUS-PREFECTURES | ADCI | ANOH KOUAO STEPHANE | 94 voix | 1.91%"
118,3,1740,35.32,True,21,297.2,RHDP,TANO MANIZAN ETIENNE,RHDP,TANO MANIZAN ETIENNE,False,1,658,"[p.21] 118 BETTIE ET DIAMARAKRO, COMMUNES ET SOUS-PREFECTURES | RHDP | TANO MANIZAN ETIENNE | 1740 voix | 35.32% | ELU(E)"
118,4,238,4.83,False,21,316.5,INDEPENDANT,ALIKO NCHO FRANCK ANGHUI,INDEPENDANT,ALIKO NCHO FRANCK ANGHUI,False,4,659,"[p.21] 118 BETTIE ET DIAMARAKRO, COMMUNES ET SOUS-PREFECTURES | INDEPENDANT | ALIKO NCHO FRANCK ANGHUI | 238 voix | 4.83%"
118,5,1363,27.66,False,21,335.7,PDCI-RDA,BROU MIAN,PDCIRDA,BROU MIAN,False,3,660,"[p.21] 118 BETTIE ET DIAMARAKRO, COMMUNES ET SOUS-PREFECTURES | PDCI-RDA | BROU MIAN | 1363 voix | 27.66%"
119,1,2571,31.46,False,21,355.0,INDEPENDANT,FOFANA MAMADOU,INDEPENDANT,FOFANA MAMADOU,False,2,661,"[p.21] 119 GBONGAHA ET SEGUELON, COMMUNES ET SOUS-PREFECTURES | INDEPENDANT | FOFANA MAMADOU | 2571 voix | 31.46%"
119,2,5439,66.55,True,21,374.5,RHDP,KONE IBRAHIMA,RHDP,KONE IBRAHIMA,False,1,662,"[p.21] 119 GBONGAHA ET SEGUELON, COMMUNES ET SOUS-PREFECTURES | RHDP | KONE IBRAHIMA | 5439 voix | 66.55% | ELU(E)"
119,3,59,0.72,False,21,393.6,PDCI-RDA,KONE SEYDOU,PDCIRDA,KONE SEYDOU,False,3,663,"[p.21] 119 GBONGAHA ET SEGUELON, COMMUNES ET SOUS-PREFECTURES | PDCI-RDA | KONE SEYDOU | 59 voix | 0.72%"
120,1,7042,60.6,True,21,413.0,RHDP,KONATE LADJI,RHDP,KONATE LADJI,False,1,664,"[p.21] 120 FENGOLO, MADINANI ET N'GOLOBLASSO, COMMUNES ET SOUS-PREFECTURES | RHDP | KONATE LADJI | 7042 voix | 60.60% | ELU(E)"
120,2,4430,38.12,False,21,432.3,INDEPENDANT,FOFANA LASSANA,INDEPENDANT,FOFANA LASSANA,False,2,665,"[p.21] 120 FENGOLO, MADINANI ET N'GOLOBLASSO, COMMUNES ET SOUS-PREFECTURES | INDEPENDANT | FOFANA LASSANA | 4430 voix | 38.12%"
121,1,283,2.15,False,21,451.6,INDEPENDANT,BAMBA MOUSSA,INDEPENDANT,BAMBA MOUSSA,False,5,666,"[p.21] 121 BAKO, BOUGOUSSO ET DIOULATIEDOUGOU, COMMUNES ET SOUS-PREFECTURES | INDEPENDANT | BAMBA MOUSSA | 283 voix | 2.15%"
121,2,170,1.29,False,21,471.1,INDEPENDANT,KONE DAVID MEBRA,INDEPENDANT,KONE DAVID MEBRA,False,6,667,"[p.21] 121 BAKO, BOUGOUSSO ET DIOULATIEDOUGOU, COMMUNES ET SOUS-PREFECTURES | INDEPENDANT | KONE DAVID MEBRA | 170 voix | 1.29%"
121,3,521,3.97,False,21,490.4,INDEPENDANT,TRAORE DRISSA,INDEPENDANT,TRAORE DRISSA,False,4,668,"[p.21] 121 BAKO, BOUGOUSSO ET DIOULATIEDOUGOU, COMMUNES ET SOUS-PREFECTURES | INDEPENDANT | TRAORE DRISSA | 521 voix | 3.97%"
121,4,2018,15.36,False,21,509.8,INDEPENDANT,TRAORE SOUALIHO,INDEPENDANT,TRAORE SOUALIHO,False,2,669,"[p.21] 121 BAKO, BOUGOUSSO ET DIOULATIEDOUGOU, COMMUNES ET SOUS-PREFECTURES | INDEPENDANT | TRAORE SOUALIHO | 2018 voix | 15.36%"
121,5,960,7.31,False,21,529.1,INDEPENDANT,ISSOUF TRAORE,INDEPENDANT,ISSOUF TRAORE,False,3,670,"[p.21] 121 BAKO, BOUGOUSSO ET DIOULATIEDOUGOU, COMMUNES ET SOUS-PREFECTURES | INDEPENDANT | ISSOUF TRAORE | 960 voix | 7.31%"
121,6,9026,68.71,True,21,548.2,RHDP,DIARRA CEDRIC TIDIANE,RHDP,DIARRA CEDRIC TIDIANE,False,1,671,"[p.21] 121 BAKO, BOUGOUSSO ET DIOULATIEDOUGOU, COMMUNES ET SOUS-PREFECTURES | RHDP | DIARRA CEDRIC TIDIANE | 9026 voix | 68.71% | ELU(E)"
122,1,47,1.05,False,21,567.5,INDEPENDANT,SANOGO AMADOU,INDEPENDANT,SANOGO AMADOU,False,6,672,"[p.21] 122 GBELEBAN ET SEYDOUGOU, COMMUNES ET SOUS-PREFECTURES | INDEPENDANT | SANOGO AMADOU | 47 voix | 1.05%"
122,2,215,4.79,False,21,587.1,INDEPENDANT,TRAORE BOURAHIMA,INDEPENDANT,TRAORE BOURAHIMA,False,3,673,"[p.21] 122 GBELEBAN ET SEYDOUGOU, COMMUNES ET SOUS-PREFECTURES | INDEPENDANT | TRAORE BOURAHIMA | 215 voix | 4.79%"
122,3,199,4.44,False,21,606.4,INDEPENDANT,TRAORE SOULEIMANE,INDEPENDANT,TRAORE SOULEIMANE,False,4,674,"[p.21] 122 GBELEBAN ET SEYDOUGOU, COMMUNES ET SOUS-PREFECTURES | INDEPENDANT | TRAORE SOULEIMANE | 199 voix | 4.44%"
122,4,1916,42.72,True,21,625.7,RHDP,DOUMBIA ALASSANE,RHDP,DOUMBIA ALASSANE,False,1,675,"[p.21] 122 GBELEBAN ET SEYDOUGOU, COMMUNES ET SOUS-PREFECTURES | RHDP | DOUMBIA ALASSANE | 1916 voix | 42.72% | ELU(E)"
122,5,1914,42.68,False,21,645.0,INDEPENDANT,VAKABA FOFANA,INDEPENDANT,VAKABA FOFANA,False,2,676,"[p.21] 122 GBELEBAN ET SEYDOUGOU, COMMUNES ET SOUS-PREFECTURES | INDEPENDANT | VAKABA FOFANA | 1914 voix | 42.68%"
122,6,7,0.16,False,21,664.4,INDEPENDANT,TRAORE ABDOULAYE,INDEPENDANT,TRAORE ABDOULAYE,False,7,677,"[p.21] 122 GBELEBAN ET SEYDOUGOU, COMMUNES ET SOUS-PREFECTURES | INDEPENDANT | TRAORE ABDOULAYE | 7 voix | 0.16%"
122,7,112,2.5,False,21,683.5,PDCI-RDA,DIAKITE BOUAKARY SIDIKI,PDCIRDA,DIAKITE BOUAKARY SIDIKI,False,5,678,"[p.21] 122 GBELEBAN ET SEYDOUGOU, COMMUNES ET SOUS-PREFECTURES | PDCI-RDA | DIAKITE BOUAKARY SIDIKI | 112 voix | 2.50%"
123,1,32107,100.0,True,21,702.6,RHDP,UNE COTE DIVOIRE EN PAIX PROSPERE ET SOLIDAIRE,RHDP,UNE COTE DIVOIRE EN PAIX PROSPERE ET SOLIDAIRE,True,1,679,"[p.21] 123 ODIENNE , COMMUNE | RHDP | UNE COTE DIVOIRE EN PAIX PROSPERE ET SOLIDAIRE | 32107 voix | 100.00% | ELU(E)"
124,1,2160,12.77,False,22,65.2,INDEPENDANT,SYLLA MARIAME,INDEPENDANT,SYLLA MARIAME,False,3,680,"[p.22] 124 KIMBIRILA-SUD, TIEME, SAMATIGUILA, ET SAMANGO, COMMUNES ET SOUS-PREFECTURES, ODIENNE, SOUS PREFECTURE | INDEPENDANT | SYLLA MARIAME | 2160 voix | 12.77%"
124,2,89,0.53,False,22,84.7,INDEPENDANT,KONE BEN IDRISS,INDEPENDANT,KONE BEN IDRISS,False,6,681,"[p.22] 124 KIMBIRILA-SUD, TIEME, SAMATIGUILA, ET SAMANGO, COMMUNES ET SOUS-PREFECTURES, ODIENNE, SOUS PREFECTURE | INDEPENDANT | KONE BEN IDRISS | 89 voix | 0.53%"
124,3,388,2.29,False,22,104.0,INDEPENDANT,DOUMBIA ALPHA,INDEPENDANT,DOUMBIA ALPHA,False,4,682,"[p.22] 124 KIMBIRILA-SUD, TIEME, SAMATIGUILA, ET SAMANGO, COMMUNES ET SOUS-PREFECTURES, ODIENNE, SOUS PREFECTURE | INDEPENDANT | DOUMBIA ALPHA | 388 voix | 2.29%"
124,4,11278,66.65,True,22,123.3,RHDP,DIABY LANCINE,RHDP,DIABY LANCINE,False,1,683,"[p.22] 124 KIMBIRILA-SUD, TIEME, SAMATIGUILA, ET SAMANGO, COMMUNES ET SOUS-PREFECTURES, ODIENNE, SOUS PREFECTURE | RHDP | DIABY LANCINE | 11278 voix | 66.65% | ELU(E)"
124,5,2685,15.87,False,22,142.6,INDEPENDANT,KEITA ADAMA,INDEPENDANT,KEITA ADAMA,False,2,684,"[p.22] 124 KIMBIRILA-SUD, TIEME, SAMATIGUILA, ET SAMANGO, COMMUNES ET SOUS-PREFECTURES, ODIENNE, SOUS PREFECTURE | INDEPENDANT | KEITA ADAMA | 2685 voix | 15.87%"
124,6,169,1.0,False,22,161.8,PDCI-RDA,VASSIRIKI DOUMBIA,PDCIRDA,VASSIRIKI DOUMBIA,False,5,685,"[p.22] 124 KIMBIRILA-SUD, TIEME, SAMATIGUILA, ET SAMANGO, COMMUNES ET SOUS-PREFECTURES, ODIENNE, SOUS PREFECTURE | PDCI-RDA | VASSIRIKI DOUMBIA | 169 voix | 1.00%"
141,1,84,0.96,False,22,181.1,INDEPENDANT,ASSY NCHO GUY SERGE,INDEPENDANT,ASSY NCHO GUY SERGE,False,5,686,"[p.22] 141 ADZOPE, COMMUNE | INDEPENDANT | ASSY NCHO GUY SERGE | 84 voix | 0.96%"
141,2,593,6.77,False,22,200.6,INDEPENDANT,ATSE URBAIN,INDEPENDANT,ATSE URBAIN,False,2,687,"[p.22] 141 ADZOPE, COMMUNE | INDEPENDANT | ATSE URBAIN | 593 voix | 6.77%"
141,3,430,4.91,False,22,219.9,INDEPENDANT,BLE N'GUESSAN ALAIN CARLOS,INDEPENDANT,BLE N GUESSAN ALAIN CARLOS,False,3,688,"[p.22] 141 ADZOPE, COMMUNE | INDEPENDANT | BLE N'GUESSAN ALAIN CARLOS | 430 voix | 4.91%"
141,4,308,3.52,False,22,239.2,INDEPENDANT,DIARRA CHEICK HAMMALAH,INDEPENDANT,DIARRA CHEICK HAMMALAH,False,4,689,"[p.22] 141 ADZOPE, COMMUNE | INDEPENDANT | DIARRA CHEICK HAMMALAH | 308 voix | 3.52%"
141,5,7246,82.75,True,22,258.6,RHDP,ACHI PATRICK JEROME,RHDP,ACHI PATRICK JEROME,False,1,690,"[p.22] 141 ADZOPE, COMMUNE | RHDP | ACHI PATRICK JEROME | 7246 voix | 82.75% | ELU(E)"
141,6,53,0.61,False,22,277.7,INDEPENDANT,EBY FOLY ANGE MARIUS,INDEPENDANT,EBY FOLY ANGE MARIUS,False,6,691,"[p.22] 141 ADZOPE, COMMUNE | INDEPENDANT | EBY FOLY ANGE MARIUS | 53 voix | 0.61%"
142,1,1755,17.46,False,22,297.1,INDEPENDANT,ASSI KANON JEAN SYLVESTRE,INDEPENDANT,ASSI KANON JEAN SYLVESTRE,False,2,692,"[p.22] 142 AGOU, BECEDI-BRIGNAN ET YAKASSE-ME, COMMUNES ET SOUS-PREFECTURES | INDEPENDANT | ASSI KANON JEAN SYLVESTRE | 1755 voix | 17.46%"
142,2,911,9.06,False,22,316.5,INDEPENDANT,AMON NCHO KOUADIO PATRICK,INDEPENDANT,AMON NCHO KOUADIO PATRICK,False,3,693,"[p.22] 142 AGOU, BECEDI-BRIGNAN ET YAKASSE-ME, COMMUNES ET SOUS-PREFECTURES | INDEPENDANT | AMON NCHO KOUADIO PATRICK | 911 voix | 9.06%"
142,3,492,4.89,False,22,335.9,INDEPENDANT,ASSY YAPO GHISLAIN,INDEPENDANT,ASSY YAPO GHISLAIN,False,6,694,"[p.22] 142 AGOU, BECEDI-BRIGNAN ET YAKASSE-ME, COMMUNES ET SOUS-PREFECTURES | INDEPENDANT | ASSY YAPO GHISLAIN | 492 voix | 4.89%"
142,4,848,8.44,False,22,355.2,INDEPENDANT,YAPI YATTE ALPHONSE,INDEPENDANT,YAPI YATTE ALPHONSE,False,4,695,"[p.22] 142 AGOU, BECEDI-BRIGNAN ET YAKASSE-ME, COMMUNES ET SOUS-PREFECTURES | INDEPENDANT | YAPI YATTE ALPHONSE | 848 voix | 8.44%"
142,5,508,5.05,False,22,374.5,INDEPENDANT,ASSEUHI AKA JULIEN SERGE,INDEPENDANT,ASSEUHI AKA JULIEN SERGE,False,5,696,"[p.22] 142 AGOU, BECEDI-BRIGNAN ET YAKASSE-ME, COMMUNES ET SOUS-PREFECTURES | INDEPENDANT | ASSEUHI AKA JULIEN SERGE | 508 voix | 5.05%"
142,6,5019,49.93,True,22,393.8,RHDP,YAPI N'CHO FLORENT,RHDP,YAPI N CHO FLORENT,False,1,697,"[p.22] 142 AGOU, BECEDI-BRIGNAN ET YAKASSE-ME, COMMUNES ET SOUS-PREFECTURES | RHDP | YAPI N'CHO FLORENT | 5019 voix | 49.93% | ELU(E)"
142,7,83,0.83,False,22,413.2,INDEPENDANT,YAPI ADEPO FELIX,INDEPENDANT,YAPI ADEPO FELIX,False,8,698,"[p.22] 142 AGOU, BECEDI-BRIGNAN ET YAKASSE-ME, COMMUNES ET SOUS-PREFECTURES | INDEPENDANT | YAPI ADEPO FELIX | 83 voix | 0.83%"
142,8,366,3.64,False,22,432.3,MGC,YAPI CLOTIDE OHOUOCHI,MGC,YAPI CLOTIDE OHOUOCHI,False,7,699,"[p.22] 142 AGOU, BECEDI-BRIGNAN ET YAKASSE-ME, COMMUNES ET SOUS-PREFECTURES | MGC | YAPI CLOTIDE OHOUOCHI | 366 voix | 3.64%"
143,1,1351,11.19,False,22,451.6,INDEPENDANT,ASSAMOI ODI ANGE MITTERAND BIENVENU,INDEPENDANT,ASSAMOI ODI ANGE MITTERAND BIENVENU,False,2,700,"[p.22] 143 ADZOPE, SOUS-PREFECTURE, ANNEPE ET ASSIKOI, COMMUNES ET SOUS-PREFECTURES | INDEPENDANT | ASSAMOI ODI ANGE MITTERAND BIENVENU | 1351 voix | 11.19%"
143,2,8207,67.96,True,22,471.1,RHDP,BOTCHI ASSI ABEL,RHDP,BOTCHI ASSI ABEL,False,1,701,"[p.22] 143 ADZOPE, SOUS-PREFECTURE, ANNEPE ET ASSIKOI, COMMUNES ET SOUS-PREFECTURES | RHDP | BOTCHI ASSI ABEL | 8207 voix | 67.96% | ELU(E)"
143,3,207,1.71,False,22,490.4,ADCI,KAKOU SEKA MARCEL SYLVESTRE,ADCI,KAKOU SEKA MARCEL SYLVESTRE,False,5,702,"[p.22] 143 ADZOPE, SOUS-PREFECTURE, ANNEPE ET ASSIKOI, COMMUNES ET SOUS-PREFECTURES | ADCI | KAKOU SEKA MARCEL SYLVESTRE | 207 voix | 1.71%"
143,4,1339,11.09,False,22,509.8,INDEPENDANT,ABENIN YAPO,INDEPENDANT,ABENIN YAPO,False,3,703,"[p.22] 143 ADZOPE, SOUS-PREFECTURE, ANNEPE ET ASSIKOI, COMMUNES ET SOUS-PREFECTURES | INDEPENDANT | ABENIN YAPO | 1339 voix | 11.09%"
143,5,875,7.25,False,22,528.9,FPI,ASSI ROMEO,FPI,ASSI ROMEO,False,4,704,"[p.22] 143 ADZOPE, SOUS-PREFECTURE, ANNEPE ET ASSIKOI, COMMUNES ET SOUS-PREFECTURES | FPI | ASSI ROMEO | 875 voix | 7.25%"
144,1,934,13.95,False,22,548.2,FNDR,BROU BEDA ROGER,FNDR,BROU BEDA ROGER,False,3,705,"[p.22] 144 AFFERY, COMMUNE ET SOUS-PREFECTURE | FNDR | BROU BEDA ROGER | 934 voix | 13.95%"
144,2,2686,40.13,False,22,567.7,INDEPENDANT,N'GUESSAN-BECHIE PAUL,INDEPENDANT,N GUESSAN BECHIE PAUL,False,2,706,"[p.22] 144 AFFERY, COMMUNE ET SOUS-PREFECTURE | INDEPENDANT | N'GUESSAN-BECHIE PAUL | 2686 voix | 40.13%"
144,3,133,1.99,False,22,587.1,ADCI,YAPO BEDA ARSENE DESIRE,ADCI,YAPO BEDA ARSENE DESIRE,False,4,707,"[p.22] 144 AFFERY, COMMUNE ET SOUS-PREFECTURE | ADCI | YAPO BEDA ARSENE DESIRE | 133 voix | 1.99%"
144,4,65,0.97,False,22,606.4,INDEPENDANT,YAO AKA JAURES ROLAND STEPHANE,INDEPENDANT,YAO AKA JAURES ROLAND STEPHANE,False,5,708,"[p.22] 144 AFFERY, COMMUNE ET SOUS-PREFECTURE | INDEPENDANT | YAO AKA JAURES ROLAND STEPHANE | 65 voix | 0.97%"
144,5,2855,42.66,True,22,625.5,RHDP,ASSOI ASSI APPOLINAIRE,RHDP,ASSOI ASSI APPOLINAIRE,False,1,709,"[p.22] 144 AFFERY, COMMUNE ET SOUS-PREFECTURE | RHDP | ASSOI ASSI APPOLINAIRE | 2855 voix | 42.66% | ELU(E)"
145,1,1294,9.91,False,23,65.2,INDEPENDANT,YAPO VALERIE-YOLANDE,INDEPENDANT,YAPO VALERIE YOLANDE,False,3,710,"[p.23] 145 AKOUPE ET BECOUEFIN, COMMUNES ET SOUS-PREFECTURES | INDEPENDANT | YAPO VALERIE-YOLANDE | 1294 voix | 9.91%"
145,2,483,3.7,False,23,84.7,INDEPENDANT,ANON AGUIE CLOTAIRE,INDEPENDANT,ANON AGUIE CLOTAIRE,False,5,711,"[p.23] 145 AKOUPE ET BECOUEFIN, COMMUNES ET SOUS-PREFECTURES | INDEPENDANT | ANON AGUIE CLOTAIRE | 483 voix | 3.70%"
145,3,130,1.0,False,23,104.0,INDEPENDANT,KOISSY SECKA RENE NOEL FABRICE,INDEPENDANT,KOISSY SECKA RENE NOEL FABRICE,False,8,712,"[p.23] 145 AKOUPE ET BECOUEFIN, COMMUNES ET SOUS-PREFECTURES | INDEPENDANT | KOISSY SECKA RENE NOEL FABRICE | 130 voix | 1.00%"
145,4,3066,23.47,False,23,123.3,INDEPENDANT,ASSEU ELOLO SIDONIE,INDEPENDANT,ASSEU ELOLO SIDONIE,False,2,713,"[p.23] 145 AKOUPE ET BECOUEFIN, COMMUNES ET SOUS-PREFECTURES | INDEPENDANT | ASSEU ELOLO SIDONIE | 3066 voix | 23.47%"
145,5,207,1.58,False,23,142.6,INDEPENDANT,KIMOU ACHY JOEL FABRICE,INDEPENDANT,KIMOU ACHY JOEL FABRICE,False,7,714,"[p.23] 145 AKOUPE ET BECOUEFIN, COMMUNES ET SOUS-PREFECTURES | INDEPENDANT | KIMOU ACHY JOEL FABRICE | 207 voix | 1.58%"
145,6,499,3.82,False,23,162.0,FPI,YAPO ATSE HERMANN NDAH,FPI,YAPO ATSE HERMANN NDAH,False,4,715,"[p.23] 145 AKOUPE ET BECOUEFIN, COMMUNES ET SOUS-PREFECTURES | FPI | YAPO ATSE HERMANN NDAH | 499 voix | 3.82%"
145,7,6859,52.5,True,23,181.3,RHDP,ASSI JEAN-LUC,RHDP,ASSI JEAN LUC,False,1,716,"[p.23] 145 AKOUPE ET BECOUEFIN, COMMUNES ET SOUS-PREFECTURES | RHDP | ASSI JEAN-LUC | 6859 voix | 52.50% | ELU(E)"
145,8,440,3.37,False,23,200.4,INDEPENDANT,KIMOU KOFFI FLORENT,INDEPENDANT,KIMOU KOFFI FLORENT,False,6,717,"[p.23] 145 AKOUPE ET BECOUEFIN, COMMUNES ET SOUS-PREFECTURES | INDEPENDANT | KIMOU KOFFI FLORENT | 440 voix | 3.37%"
146,1,3494,25.6,False,23,219.7,INDEPENDANT,OSSIN YAPI SIMPLICE,INDEPENDANT,OSSIN YAPI SIMPLICE,False,2,718,"[p.23] 146 ABOISSO-COMOE, ALEPE, ALLOSSO, DANGUIRA ET OGHLWAPO, COMMUNES ET SOUS-PREFECTURES | INDEPENDANT | OSSIN YAPI SIMPLICE | 3494 voix | 25.60%"
146,2,169,1.24,False,23,239.2,ADCI,AGUIE ABOA LAURENTINE,ADCI,AGUIE ABOA LAURENTINE,False,6,719,"[p.23] 146 ABOISSO-COMOE, ALEPE, ALLOSSO, DANGUIRA ET OGHLWAPO, COMMUNES ET SOUS-PREFECTURES | ADCI | AGUIE ABOA LAURENTINE | 169 voix | 1.24%"
146,3,6034,44.21,True,23,258.6,RHDP,NCHO NCHO CHRISTOPHE,RHDP,NCHO NCHO CHRISTOPHE,False,1,720,"[p.23] 146 ABOISSO-COMOE, ALEPE, ALLOSSO, DANGUIRA ET OGHLWAPO, COMMUNES ET SOUS-PREFECTURES | RHDP | NCHO NCHO CHRISTOPHE | 6034 voix | 44.21% | ELU(E)"
146,4,1531,11.22,False,23,277.9,INDEPENDANT,ABOA HERMANN,INDEPENDANT,ABOA HERMANN,False,3,721,"[p.23] 146 ABOISSO-COMOE, ALEPE, ALLOSSO, DANGUIRA ET OGHLWAPO, COMMUNES ET SOUS-PREFECTURES | INDEPENDANT | ABOA HERMANN | 1531 voix | 11.22%"
146,5,889,6.51,False,23,297.2,INDEPENDANT,YAPO MARTIAL AUGUSTE,INDEPENDANT,YAPO MARTIAL AUGUSTE,False,5,722,"[p.23] 146 ABOISSO-COMOE, ALEPE, ALLOSSO, DANGUIRA ET OGHLWAPO, COMMUNES ET SOUS-PREFECTURES | INDEPENDANT | YAPO MARTIAL AUGUSTE | 889 voix | 6.51%"
146,6,1433,10.5,False,23,316.4,PDCI-RDA,DIALLO IBRAHIMA SORY,PDCIRDA,DIALLO IBRAHIMA SORY,False,4,723,"[p.23] 146 ABOISSO-COMOE, ALEPE, ALLOSSO, DANGUIRA ET OGHLWAPO, COMMUNES ET SOUS-PREFECTURES | PDCI-RDA | DIALLO IBRAHIMA SORY | 1433 voix | 10.50%"
147,1,2863,28.56,False,23,335.7,INDEPENDANT,AMON EDY JEAN-ERIC,INDEPENDANT,AMON EDY JEAN ERIC,False,2,724,"[p.23] 147 ABONGOUA, BIEBY ET YAKASSE-ATTOBROU, COMMUNES ET SOUS-PREFECTURES | INDEPENDANT | AMON EDY JEAN-ERIC | 2863 voix | 28.56%"
147,2,289,2.88,False,23,355.2,UFD,ACAFOU BEKOIN,UFD,ACAFOU BEKOIN,False,4,725,"[p.23] 147 ABONGOUA, BIEBY ET YAKASSE-ATTOBROU, COMMUNES ET SOUS-PREFECTURES | UFD | ACAFOU BEKOIN | 289 voix | 2.88%"
147,3,2833,28.26,False,23,374.5,INDEPENDANT,ASSI NDIN THEODORE,INDEPENDANT,ASSI NDIN THEODORE,False,3,726,"[p.23] 147 ABONGOUA, BIEBY ET YAKASSE-ATTOBROU, COMMUNES ET SOUS-PREFECTURES | INDEPENDANT | ASSI NDIN THEODORE | 2833 voix | 28.26%"
147,4,3962,39.52,True,23,393.6,RHDP,ADEPO YAPO FRANCOIS,RHDP,ADEPO YAPO FRANCOIS,False,1,727,"[p.23] 147 ABONGOUA, BIEBY ET YAKASSE-ATTOBROU, COMMUNES ET SOUS-PREFECTURES | RHDP | ADEPO YAPO FRANCOIS | 3962 voix | 39.52% | ELU(E)"
125,1,1113,7.99,False,23,413.0,ADCI,ADCI,ADCI,ADCI,False,3,728,"[p.23] 125 CHIEPO, DIDOKO, NEBO ET OGOUDOU, COMMUNES ET SOUS-PREFECTURES, DIVO, SOUS-PREFECTURE | ADCI | ADCI | 1113 voix | 7.99%"
125,2,10432,74.9,True,23,432.5,RHDP,"UNE CÔTE DIVOIRE EN PAIX, PROSPÈRE ET SOLIDAIRE",RHDP,UNE COTE DIVOIRE EN PAIX PROSPERE ET SOLIDAIRE,True,1,729,"[p.23] 125 CHIEPO, DIDOKO, NEBO ET OGOUDOU, COMMUNES ET SOUS-PREFECTURES, DIVO, SOUS-PREFECTURE | RHDP | UNE CÔTE DIVOIRE EN PAIX, PROSPÈRE ET SOLIDAIRE | 10432 voix | 74.90% | ELU(E)"
125,3,2208,15.85,False,23,451.6,PDCI-RDA,TOUS ENSEMBLE POUR LA CÔTE D'IVOIRE,PDCIRDA,TOUS ENSEMBLE POUR LA COTE D IVOIRE,True,2,730,"[p.23] 125 CHIEPO, DIDOKO, NEBO ET OGOUDOU, COMMUNES ET SOUS-PREFECTURES, DIVO, SOUS-PREFECTURE | PDCI-RDA | TOUS ENSEMBLE POUR LA CÔTE D'IVOIRE | 2208 voix | 15.85%"
126,1,17141,62.34,True,23,470.9,INDEPENDANT,DIAKITE ALAHASSANE,INDEPENDANT,DIAKITE ALAHASSANE,False,1,731,"[p.23] 126 DIVO, COMMUNE | INDEPENDANT | DIAKITE ALAHASSANE | 17141 voix | 62.34% | ELU(E)"
126,2,8675,31.55,False,23,490.4,RHDP,FAMOUSSA COULIBALY,RHDP,FAMOUSSA COULIBALY,False,2,732,"[p.23] 126 DIVO, COMMUNE | RHDP | FAMOUSSA COULIBALY | 8675 voix | 31.55%"
126,3,71,0.26,False,23,509.8,INDEPENDANT,BAMBA FATOU,INDEPENDANT,BAMBA FATOU,False,5,733,"[p.23] 126 DIVO, COMMUNE | INDEPENDANT | BAMBA FATOU | 71 voix | 0.26%"
126,4,129,0.47,False,23,529.1,INDEPENDANT,GNIGOU AYEREHONON GENEVIEVE MIMYELLE,INDEPENDANT,GNIGOU AYEREHONON GENEVIEVE MIMYELLE,False,4,734,"[p.23] 126 DIVO, COMMUNE | INDEPENDANT | GNIGOU AYEREHONON GENEVIEVE MIMYELLE | 129 voix | 0.47%"
126,5,41,0.15,False,23,548.4,INDEPENDANT,DJEGBI PRINCE HUSTER FRANCIS,INDEPENDANT,DJEGBI PRINCE HUSTER FRANCIS,False,7,735,"[p.23] 126 DIVO, COMMUNE | INDEPENDANT | DJEGBI PRINCE HUSTER FRANCIS | 41 voix | 0.15%"
126,6,46,0.17,False,23,567.7,INDEPENDANT,KONE MOUSSA,INDEPENDANT,KONE MOUSSA,False,6,736,"[p.23] 126 DIVO, COMMUNE | INDEPENDANT | KONE MOUSSA | 46 voix | 0.17%"
126,7,1253,4.56,False,23,586.9,PDCI-RDA,AKOUN STEPHANE JOEL ANDREA,PDCIRDA,AKOUN STEPHANE JOEL ANDREA,False,3,737,"[p.23] 126 DIVO, COMMUNE | PDCI-RDA | AKOUN STEPHANE JOEL ANDREA | 1253 voix | 4.56%"
127,1,183,2.45,False,23,606.2,INDEPENDANT,KONATE LAMINE,INDEPENDANT,KONATE LAMINE,False,5,738,"[p.23] 127 HIRE ET ZEGO, COMMUNES ET SOUS-PREFECTURES | INDEPENDANT | KONATE LAMINE | 183 voix | 2.45%"
127,2,3899,52.23,True,23,625.7,RHDP,DJA-BLE JOSEPH,RHDP,DJA BLE JOSEPH,False,1,739,"[p.23] 127 HIRE ET ZEGO, COMMUNES ET SOUS-PREFECTURES | RHDP | DJA-BLE JOSEPH | 3899 voix | 52.23% | ELU(E)"
127,3,726,9.73,False,23,645.0,INDEPENDANT,OUREGA AGNEZA KOUASSI LANDRY,INDEPENDANT,OUREGA AGNEZA KOUASSI LANDRY,False,3,740,"[p.23] 127 HIRE ET ZEGO, COMMUNES ET SOUS-PREFECTURES | INDEPENDANT | OUREGA AGNEZA KOUASSI LANDRY | 726 voix | 9.73%"
127,4,165,2.21,False,23,664.4,INDEPENDANT,AMANE KOUASSI VINCENT,INDEPENDANT,AMANE KOUASSI VINCENT,False,6,741,"[p.23] 127 HIRE ET ZEGO, COMMUNES ET SOUS-PREFECTURES | INDEPENDANT | AMANE KOUASSI VINCENT | 165 voix | 2.21%"
127,5,97,1.3,False,23,683.7,INDEPENDANT,KONAN KOUAME ABEL,INDEPENDANT,KONAN KOUAME ABEL,False,8,742,"[p.23] 127 HIRE ET ZEGO, COMMUNES ET SOUS-PREFECTURES | INDEPENDANT | KONAN KOUAME ABEL | 97 voix | 1.30%"
127,6,16,0.21,False,23,703.0,EDS,DAGO KOUASSI AUGUSTE,EDS,DAGO KOUASSI AUGUSTE,False,9,743,"[p.23] 127 HIRE ET ZEGO, COMMUNES ET SOUS-PREFECTURES | EDS | DAGO KOUASSI AUGUSTE | 16 voix | 0.21%"
127,7,285,3.82,False,23,722.3,INDEPENDANT,N'DA YAO ALEXANDRE,INDEPENDANT,N DA YAO ALEXANDRE,False,4,744,"[p.23] 127 HIRE ET ZEGO, COMMUNES ET SOUS-PREFECTURES | INDEPENDANT | N'DA YAO ALEXANDRE | 285 voix | 3.82%"
127,8,109,1.46,False,23,741.7,INDEPENDANT,KOUASSI EPSE ABOURLAY TITRE MARIE-MADELEINE,INDEPENDANT,KOUASSI EPSE ABOURLAY TITRE MARIE MADELEINE,False,7,745,"[p.23] 127 HIRE ET ZEGO, COMMUNES ET SOUS-PREFECTURES | INDEPENDANT | KOUASSI EPSE ABOURLAY TITRE MARIE-MADELEINE | 109 voix | 1.46%"
127,9,1897,25.41,False,23,760.8,PDCI-RDA,N'GUESSAN YAO SERGE,PDCIRDA,N GUESSAN YAO SERGE,False,2,746,"[p.23] 127 HIRE ET ZEGO, COMMUNES ET SOUS-PREFECTURES | PDCI-RDA | N'GUESSAN YAO SERGE | 1897 voix | 25.41%"
128,1,30,0.23,False,24,65.2,MLPCI,TRAORE NAMORY,MLPCI,TRAORE NAMORY,False,4,747,"[p.24] 128 DAIRO-DIDIZO ET GUITRY, COMMUNES ET SOUS-PREFECTURES | MLPCI | TRAORE NAMORY | 30 voix | 0.23%"
128,2,4959,37.38,False,24,84.7,INDEPENDANT,KRAGBE BEHIBRO PHILIPPE MICHAEL,INDEPENDANT,KRAGBE BEHIBRO PHILIPPE MICHAEL,False,2,748,"[p.24] 128 DAIRO-DIDIZO ET GUITRY, COMMUNES ET SOUS-PREFECTURES | INDEPENDANT | KRAGBE BEHIBRO PHILIPPE MICHAEL | 4959 voix | 37.38%"
128,3,7622,57.45,True,24,104.0,RHDP,KOKO PATRICIA SYLVIE EPSE YAO,RHDP,KOKO PATRICIA SYLVIE EPSE YAO,False,1,749,"[p.24] 128 DAIRO-DIDIZO ET GUITRY, COMMUNES ET SOUS-PREFECTURES | RHDP | KOKO PATRICIA SYLVIE EPSE YAO | 7622 voix | 57.45% | ELU(E)"
128,4,497,3.75,False,24,123.1,PDCI-RDA,KOUAME KOUASSI INNOCENT,PDCIRDA,KOUAME KOUASSI INNOCENT,False,3,750,"[p.24] 128 DAIRO-DIDIZO ET GUITRY, COMMUNES ET SOUS-PREFECTURES | PDCI-RDA | KOUAME KOUASSI INNOCENT | 497 voix | 3.75%"
129,1,4260,86.99,True,24,142.5,RHDP,GNEBA NADINE MELANIE,RHDP,GNEBA NADINE MELANIE,False,1,751,"[p.24] 129 LAUZOUA ET YOCOBOUE, COMMUNES ET SOUS-PREFECTURES | RHDP | GNEBA NADINE MELANIE | 4260 voix | 86.99% | ELU(E)"
129,2,546,11.15,False,24,161.8,MGC,LAGO DOUGROU DOMINIQUE,MGC,LAGO DOUGROU DOMINIQUE,False,2,752,"[p.24] 129 LAUZOUA ET YOCOBOUE, COMMUNES ET SOUS-PREFECTURES | MGC | LAGO DOUGROU DOMINIQUE | 546 voix | 11.15%"
130,1,24,0.56,False,24,181.1,INDEPENDANT,YAO ASSABLI YAO,INDEPENDANT,YAO ASSABLI YAO,False,4,753,"[p.24] 130 DJIDJI, GAGORE ET ZIKISSO, COMMUNES ET SOUS-PREFECTURES | INDEPENDANT | YAO ASSABLI YAO | 24 voix | 0.56%"
130,2,1155,26.74,False,24,200.6,INDEPENDANT,BREUDJI HERMANN LANDRY,INDEPENDANT,BREUDJI HERMANN LANDRY,False,2,754,"[p.24] 130 DJIDJI, GAGORE ET ZIKISSO, COMMUNES ET SOUS-PREFECTURES | INDEPENDANT | BREUDJI HERMANN LANDRY | 1155 voix | 26.74%"
130,3,2758,63.84,True,24,219.9,RHDP,ABADI MIEZAN CHARLES,RHDP,ABADI MIEZAN CHARLES,False,1,755,"[p.24] 130 DJIDJI, GAGORE ET ZIKISSO, COMMUNES ET SOUS-PREFECTURES | RHDP | ABADI MIEZAN CHARLES | 2758 voix | 63.84% | ELU(E)"
130,4,14,0.32,False,24,239.2,INDEPENDANT,GNATTO BAHIE SEBASTIEN,INDEPENDANT,GNATTO BAHIE SEBASTIEN,False,5,756,"[p.24] 130 DJIDJI, GAGORE ET ZIKISSO, COMMUNES ET SOUS-PREFECTURES | INDEPENDANT | GNATTO BAHIE SEBASTIEN | 14 voix | 0.32%"
130,5,311,7.2,False,24,258.4,PDCI-RDA,GAYE GNAFFOU DOGOLIE JEAN,PDCIRDA,GAYE GNAFFOU DOGOLIE JEAN,False,3,757,"[p.24] 130 DJIDJI, GAGORE ET ZIKISSO, COMMUNES ET SOUS-PREFECTURES | PDCI-RDA | GAYE GNAFFOU DOGOLIE JEAN | 311 voix | 7.20%"
131,1,1042,16.15,False,24,277.7,INDEPENDANT,DAGO WAKOUBO SAMUEL,INDEPENDANT,DAGO WAKOUBO SAMUEL,False,2,758,"[p.24] 131 GOUDOUKO ET NIAMBEZARIA, COMMUNES ET SOUS-PREFECTURES | INDEPENDANT | DAGO WAKOUBO SAMUEL | 1042 voix | 16.15%"
131,2,15,0.23,False,24,297.2,INDEPENDANT,DOUKOURE AMANDA,INDEPENDANT,DOUKOURE AMANDA,False,6,759,"[p.24] 131 GOUDOUKO ET NIAMBEZARIA, COMMUNES ET SOUS-PREFECTURES | INDEPENDANT | DOUKOURE AMANDA | 15 voix | 0.23%"
131,3,4166,64.58,True,24,316.5,RHDP,MERHY SAMY,RHDP,MERHY SAMY,False,1,760,"[p.24] 131 GOUDOUKO ET NIAMBEZARIA, COMMUNES ET SOUS-PREFECTURES | RHDP | MERHY SAMY | 4166 voix | 64.58% | ELU(E)"
131,4,267,4.14,False,24,335.9,EDS,AHIPEAUD AHIPEAUD JEAN-ANDRE,EDS,AHIPEAUD AHIPEAUD JEAN ANDRE,False,5,761,"[p.24] 131 GOUDOUKO ET NIAMBEZARIA, COMMUNES ET SOUS-PREFECTURES | EDS | AHIPEAUD AHIPEAUD JEAN-ANDRE | 267 voix | 4.14%"
131,5,298,4.62,False,24,355.2,INDEPENDANT,DAGO KOUASSI JUSTIN AIME,INDEPENDANT,DAGO KOUASSI JUSTIN AIME,False,4,762,"[p.24] 131 GOUDOUKO ET NIAMBEZARIA, COMMUNES ET SOUS-PREFECTURES | INDEPENDANT | DAGO KOUASSI JUSTIN AIME | 298 voix | 4.62%"
131,6,589,9.13,False,24,374.3,PDCI-RDA,GUEBO DOUKOURE MARCEL,PDCIRDA,GUEBO DOUKOURE MARCEL,False,3,763,"[p.24] 131 GOUDOUKO ET NIAMBEZARIA, COMMUNES ET SOUS-PREFECTURES | PDCI-RDA | GUEBO DOUKOURE MARCEL | 589 voix | 9.13%"
132,1,100,1.18,False,24,393.6,INDEPENDANT,KAMBOU SANSAN SYLVAIN,INDEPENDANT,KAMBOU SANSAN SYLVAIN,False,7,764,"[p.24] 132 LAKOTA, COMMUNE ET SOUS-PREFECTURE | INDEPENDANT | KAMBOU SANSAN SYLVAIN | 100 voix | 1.18%"
132,2,153,1.81,False,24,413.2,INDEPENDANT,KONE CHEVA ADAM MOHAMED,INDEPENDANT,KONE CHEVA ADAM MOHAMED,False,6,765,"[p.24] 132 LAKOTA, COMMUNE ET SOUS-PREFECTURE | INDEPENDANT | KONE CHEVA ADAM MOHAMED | 153 voix | 1.81%"
132,3,891,10.51,False,24,432.5,INDEPENDANT,LAGO LAVRI SOLANGE EPSE KONE,INDEPENDANT,LAGO LAVRI SOLANGE EPSE KONE,False,3,766,"[p.24] 132 LAKOTA, COMMUNE ET SOUS-PREFECTURE | INDEPENDANT | LAGO LAVRI SOLANGE EPSE KONE | 891 voix | 10.51%"
132,4,4455,52.57,True,24,451.8,RHDP,KOUYATE ABDOULAYE,RHDP,KOUYATE ABDOULAYE,False,1,767,"[p.24] 132 LAKOTA, COMMUNE ET SOUS-PREFECTURE | RHDP | KOUYATE ABDOULAYE | 4455 voix | 52.57% | ELU(E)"
132,5,1762,20.79,False,24,471.1,INDEPENDANT,DALLI ARTHUR PRINCE-RICHARD,INDEPENDANT,DALLI ARTHUR PRINCE RICHARD,False,2,768,"[p.24] 132 LAKOTA, COMMUNE ET SOUS-PREFECTURE | INDEPENDANT | DALLI ARTHUR PRINCE-RICHARD | 1762 voix | 20.79%"
132,6,289,3.41,False,24,490.4,INDEPENDANT,GODI DADIE JUSTIN,INDEPENDANT,GODI DADIE JUSTIN,False,5,769,"[p.24] 132 LAKOTA, COMMUNE ET SOUS-PREFECTURE | INDEPENDANT | GODI DADIE JUSTIN | 289 voix | 3.41%"
132,7,754,8.9,False,24,509.6,PDCI-RDA,MAGOU MANDY CARMEN,PDCIRDA,MAGOU MANDY CARMEN,False,4,770,"[p.24] 132 LAKOTA, COMMUNE ET SOUS-PREFECTURE | PDCI-RDA | MAGOU MANDY CARMEN | 754 voix | 8.90%"
133,1,4392,41.41,True,25,65.2,INDEPENDANT,HOURA KOUASSI MARC,INDEPENDANT,HOURA KOUASSI MARC,False,1,771,"[p.25] 133 BEGBESSOU, N'DOUFFOUKANKRO ET TIBEITA, COMMUNES ET SOUS-PREFECTURES, BOUAFLE, SOUS-PREFECTURE | INDEPENDANT | HOURA KOUASSI MARC | 4392 voix | 41.41% | ELU(E)"
133,2,499,4.7,False,25,84.7,INDEPENDANT,KOUADIO KOUADIO AURELIEN,INDEPENDANT,KOUADIO KOUADIO AURELIEN,False,4,772,"[p.25] 133 BEGBESSOU, N'DOUFFOUKANKRO ET TIBEITA, COMMUNES ET SOUS-PREFECTURES, BOUAFLE, SOUS-PREFECTURE | INDEPENDANT | KOUADIO KOUADIO AURELIEN | 499 voix | 4.70%"
133,3,2522,23.78,False,25,104.0,RHDP,KOUASSI ALLOMO FLORE FAITAY,RHDP,KOUASSI ALLOMO FLORE FAITAY,False,3,773,"[p.25] 133 BEGBESSOU, N'DOUFFOUKANKRO ET TIBEITA, COMMUNES ET SOUS-PREFECTURES, BOUAFLE, SOUS-PREFECTURE | RHDP | KOUASSI ALLOMO FLORE FAITAY | 2522 voix | 23.78%"
133,4,303,2.86,False,25,123.3,INDEPENDANT,GOORE BI GOLE JEAN BAPTISTE,INDEPENDANT,GOORE BI GOLE JEAN BAPTISTE,False,5,774,"[p.25] 133 BEGBESSOU, N'DOUFFOUKANKRO ET TIBEITA, COMMUNES ET SOUS-PREFECTURES, BOUAFLE, SOUS-PREFECTURE | INDEPENDANT | GOORE BI GOLE JEAN BAPTISTE | 303 voix | 2.86%"
133,5,2703,25.49,False,25,142.5,INDEPENDANT,KOFFI LOUKOU LEON,INDEPENDANT,KOFFI LOUKOU LEON,False,2,775,"[p.25] 133 BEGBESSOU, N'DOUFFOUKANKRO ET TIBEITA, COMMUNES ET SOUS-PREFECTURES, BOUAFLE, SOUS-PREFECTURE | INDEPENDANT | KOFFI LOUKOU LEON | 2703 voix | 25.49%"
134,1,131,1.1,False,25,161.8,INDEPENDANT,KAMAGATE MOUSSA EL FADHEL,INDEPENDANT,KAMAGATE MOUSSA EL FADHEL,False,9,776,"[p.25] 134 BOUAFLE, COMMUNE | INDEPENDANT | KAMAGATE MOUSSA EL FADHEL | 131 voix | 1.10%"
134,2,556,4.66,False,25,181.3,INDEPENDANT,NDIA FREDERIK,INDEPENDANT,NDIA FREDERIK,False,4,777,"[p.25] 134 BOUAFLE, COMMUNE | INDEPENDANT | NDIA FREDERIK | 556 voix | 4.66%"
134,3,209,1.75,False,25,200.6,INDEPENDANT,COWPPLI BONY AFFOUE ELISABETH,INDEPENDANT,COWPPLI BONY AFFOUE ELISABETH,False,6,778,"[p.25] 134 BOUAFLE, COMMUNE | INDEPENDANT | COWPPLI BONY AFFOUE ELISABETH | 209 voix | 1.75%"
134,4,90,0.75,False,25,219.9,INDEPENDANT,TIE BI IRIE MODESTE,INDEPENDANT,TIE BI IRIE MODESTE,False,11,779,"[p.25] 134 BOUAFLE, COMMUNE | INDEPENDANT | TIE BI IRIE MODESTE | 90 voix | 0.75%"
134,5,254,2.13,False,25,239.2,INDEPENDANT,DJE BI TCHAN,INDEPENDANT,DJE BI TCHAN,False,5,780,"[p.25] 134 BOUAFLE, COMMUNE | INDEPENDANT | DJE BI TCHAN | 254 voix | 2.13%"
134,6,106,0.89,False,25,258.6,INDEPENDANT,BLE BI BONAVENTURE,INDEPENDANT,BLE BI BONAVENTURE,False,10,781,"[p.25] 134 BOUAFLE, COMMUNE | INDEPENDANT | BLE BI BONAVENTURE | 106 voix | 0.89%"
134,7,146,1.22,False,25,277.9,INDEPENDANT,OUATTARA IBRAHIM,INDEPENDANT,OUATTARA IBRAHIM,False,8,782,"[p.25] 134 BOUAFLE, COMMUNE | INDEPENDANT | OUATTARA IBRAHIM | 146 voix | 1.22%"
134,8,6712,56.2,True,25,297.2,RHDP,KONE ADAMA,RHDP,KONE ADAMA,False,1,783,"[p.25] 134 BOUAFLE, COMMUNE | RHDP | KONE ADAMA | 6712 voix | 56.20% | ELU(E)"
134,9,190,1.59,False,25,316.5,ADCI,TIBE BI N'GUESSAN MARCEL,ADCI,TIBE BI N GUESSAN MARCEL,False,7,784,"[p.25] 134 BOUAFLE, COMMUNE | ADCI | TIBE BI N'GUESSAN MARCEL | 190 voix | 1.59%"
134,10,24,0.2,False,25,335.9,INDEPENDANT,OUEDRAOGO AMIDOU,INDEPENDANT,OUEDRAOGO AMIDOU,False,12,785,"[p.25] 134 BOUAFLE, COMMUNE | INDEPENDANT | OUEDRAOGO AMIDOU | 24 voix | 0.20%"
134,11,2511,21.02,False,25,355.2,PDCI-RDA,KOFFI SERGES AZI,PDCIRDA,KOFFI SERGES AZI,False,2,786,"[p.25] 134 BOUAFLE, COMMUNE | PDCI-RDA | KOFFI SERGES AZI | 2511 voix | 21.02%"
134,12,924,7.74,False,25,374.3,INDEPENDANT,KONE ISSIAKA,INDEPENDANT,KONE ISSIAKA,False,3,787,"[p.25] 134 BOUAFLE, COMMUNE | INDEPENDANT | KONE ISSIAKA | 924 voix | 7.74%"
135,1,5653,65.43,True,25,393.6,RHDP,YACOUBA KONE,RHDP,YACOUBA KONE,False,1,788,"[p.25] 135 BONON ET ZAGUIETA, COMMUNES ET SOUS-PREFECTURES | RHDP | YACOUBA KONE | 5653 voix | 65.43% | ELU(E)"
135,2,216,2.5,False,25,413.2,INDEPENDANT,ZORO BI BALLO FRANCK,INDEPENDANT,ZORO BI BALLO FRANCK,False,3,789,"[p.25] 135 BONON ET ZAGUIETA, COMMUNES ET SOUS-PREFECTURES | INDEPENDANT | ZORO BI BALLO FRANCK | 216 voix | 2.50%"
135,3,2570,29.75,False,25,432.5,PDCI-RDA,TRAZIE BI GUESSAN,PDCIRDA,TRAZIE BI GUESSAN,False,2,790,"[p.25] 135 BONON ET ZAGUIETA, COMMUNES ET SOUS-PREFECTURES | PDCI-RDA | TRAZIE BI GUESSAN | 2570 voix | 29.75%"
135,4,92,1.06,False,25,451.6,MGC,KOUAME BI BLI ROBERT,MGC,KOUAME BI BLI ROBERT,False,4,791,"[p.25] 135 BONON ET ZAGUIETA, COMMUNES ET SOUS-PREFECTURES | MGC | KOUAME BI BLI ROBERT | 92 voix | 1.06%"
136,1,849,12.43,False,25,470.9,INDEPENDANT,KEITA ABDOULAYE,INDEPENDANT,KEITA ABDOULAYE,False,3,792,"[p.25] 136 BAZRE ET KONONFLA, COMMUNES ET SOUS-PREFECTURES | INDEPENDANT | KEITA ABDOULAYE | 849 voix | 12.43%"
136,2,477,6.99,False,25,490.4,CNDCI,KONAN BLE OSWALD ANATOLE N'KONIAN,CNDCI,KONAN BLE OSWALD ANATOLE N KONIAN,False,5,793,"[p.25] 136 BAZRE ET KONONFLA, COMMUNES ET SOUS-PREFECTURES | CNDCI | KONAN BLE OSWALD ANATOLE N'KONIAN | 477 voix | 6.99%"
136,3,284,4.16,False,25,509.8,INDEPENDANT,KOUAKOU KOUADIO PATRICE,INDEPENDANT,KOUAKOU KOUADIO PATRICE,False,8,794,"[p.25] 136 BAZRE ET KONONFLA, COMMUNES ET SOUS-PREFECTURES | INDEPENDANT | KOUAKOU KOUADIO PATRICE | 284 voix | 4.16%"
136,4,1026,15.03,False,25,529.1,INDEPENDANT,KOUAKOU MESMER BECANTY,INDEPENDANT,KOUAKOU MESMER BECANTY,False,2,795,"[p.25] 136 BAZRE ET KONONFLA, COMMUNES ET SOUS-PREFECTURES | INDEPENDANT | KOUAKOU MESMER BECANTY | 1026 voix | 15.03%"
136,5,388,5.68,False,25,548.4,INDEPENDANT,KOUADIO ATOBE JACOB ANDERSON,INDEPENDANT,KOUADIO ATOBE JACOB ANDERSON,False,6,796,"[p.25] 136 BAZRE ET KONONFLA, COMMUNES ET SOUS-PREFECTURES | INDEPENDANT | KOUADIO ATOBE JACOB ANDERSON | 388 voix | 5.68%"
136,6,236,3.46,False,25,567.7,INDEPENDANT,YAO AFFOUE MARINA,INDEPENDANT,YAO AFFOUE MARINA,False,9,797,"[p.25] 136 BAZRE ET KONONFLA, COMMUNES ET SOUS-PREFECTURES | INDEPENDANT | YAO AFFOUE MARINA | 236 voix | 3.46%"
136,7,135,1.98,False,25,587.1,INDEPENDANT,KOUASSI BI KOUASSI GUILLAUME,INDEPENDANT,KOUASSI BI KOUASSI GUILLAUME,False,10,798,"[p.25] 136 BAZRE ET KONONFLA, COMMUNES ET SOUS-PREFECTURES | INDEPENDANT | KOUASSI BI KOUASSI GUILLAUME | 135 voix | 1.98%"
136,8,2402,35.18,True,25,606.4,RHDP,BEMA COULIBALY,RHDP,BEMA COULIBALY,False,1,799,"[p.25] 136 BAZRE ET KONONFLA, COMMUNES ET SOUS-PREFECTURES | RHDP | BEMA COULIBALY | 2402 voix | 35.18% | ELU(E)"
136,9,17,0.25,False,25,625.7,INDEPENDANT,CAHIE KAKOU GUY JOEL,INDEPENDANT,CAHIE KAKOU GUY JOEL,False,13,800,"[p.25] 136 BAZRE ET KONONFLA, COMMUNES ET SOUS-PREFECTURES | INDEPENDANT | CAHIE KAKOU GUY JOEL | 17 voix | 0.25%"
136,10,64,0.94,False,25,645.0,INDEPENDANT,KOFFI AHOU MICHELE DEBORAH KOUADIO,INDEPENDANT,KOFFI AHOU MICHELE DEBORAH KOUADIO,False,11,801,"[p.25] 136 BAZRE ET KONONFLA, COMMUNES ET SOUS-PREFECTURES | INDEPENDANT | KOFFI AHOU MICHELE DEBORAH KOUADIO | 64 voix | 0.94%"
136,11,353,5.17,False,25,664.4,INDEPENDANT,OUADI NDRI LOU YALOU RACHELLE,INDEPENDANT,OUADI NDRI LOU YALOU RACHELLE,False,7,802,"[p.25] 136 BAZRE ET KONONFLA, COMMUNES ET SOUS-PREFECTURES | INDEPENDANT | OUADI NDRI LOU YALOU RACHELLE | 353 voix | 5.17%"
136,12,54,0.79,False,25,683.7,INDEPENDANT,TOUVOLI BI KOUADIO MARTIAL,INDEPENDANT,TOUVOLI BI KOUADIO MARTIAL,False,12,803,"[p.25] 136 BAZRE ET KONONFLA, COMMUNES ET SOUS-PREFECTURES | INDEPENDANT | TOUVOLI BI KOUADIO MARTIAL | 54 voix | 0.79%"
136,13,484,7.09,False,25,702.8,PDCI-RDA,GAULLY SAHOUA ANTOINE SYLVAIN PEPIN,PDCIRDA,GAULLY SAHOUA ANTOINE SYLVAIN PEPIN,False,4,804,"[p.25] 136 BAZRE ET KONONFLA, COMMUNES ET SOUS-PREFECTURES | PDCI-RDA | GAULLY SAHOUA ANTOINE SYLVAIN PEPIN | 484 voix | 7.09%"
137,1,1023,7.15,False,26,65.2,INDEPENDANT,MA BI MONOUIN STEPHANE DE-DEN,INDEPENDANT,MA BI MONOUIN STEPHANE DE DEN,False,3,805,"[p.26] 137 KOUETINFLA ET SINFRA, COMMUNES ET SOUS-PREFECTURES | INDEPENDANT | MA BI MONOUIN STEPHANE DE-DEN | 1023 voix | 7.15%"
137,2,7447,52.08,True,26,84.7,RHDP,SATI LOU GOLENAN MADELEINE EPSE TOUVOLI,RHDP,SATI LOU GOLENAN MADELEINE EPSE TOUVOLI,False,1,806,"[p.26] 137 KOUETINFLA ET SINFRA, COMMUNES ET SOUS-PREFECTURES | RHDP | SATI LOU GOLENAN MADELEINE EPSE TOUVOLI | 7447 voix | 52.08% | ELU(E)"
137,3,154,1.08,False,26,104.0,INDEPENDANT,SEYBOU DIARRA,INDEPENDANT,SEYBOU DIARRA,False,9,807,"[p.26] 137 KOUETINFLA ET SINFRA, COMMUNES ET SOUS-PREFECTURES | INDEPENDANT | SEYBOU DIARRA | 154 voix | 1.08%"
137,4,173,1.21,False,26,123.3,INDEPENDANT,KOFFI YAO APPOLINAIRE,INDEPENDANT,KOFFI YAO APPOLINAIRE,False,8,808,"[p.26] 137 KOUETINFLA ET SINFRA, COMMUNES ET SOUS-PREFECTURES | INDEPENDANT | KOFFI YAO APPOLINAIRE | 173 voix | 1.21%"
137,5,2913,20.37,False,26,142.6,INDEPENDANT,BOTTY BI NEDRO SERGE,INDEPENDANT,BOTTY BI NEDRO SERGE,False,2,809,"[p.26] 137 KOUETINFLA ET SINFRA, COMMUNES ET SOUS-PREFECTURES | INDEPENDANT | BOTTY BI NEDRO SERGE | 2913 voix | 20.37%"
137,6,123,0.86,False,26,162.0,INDEPENDANT,KONE NGOLO LASSINA KONE,INDEPENDANT,KONE NGOLO LASSINA KONE,False,10,810,"[p.26] 137 KOUETINFLA ET SINFRA, COMMUNES ET SOUS-PREFECTURES | INDEPENDANT | KONE NGOLO LASSINA KONE | 123 voix | 0.86%"
137,7,313,2.19,False,26,181.3,INDEPENDANT,YEO SOULEYMANE OUATTARA,INDEPENDANT,YEO SOULEYMANE OUATTARA,False,6,811,"[p.26] 137 KOUETINFLA ET SINFRA, COMMUNES ET SOUS-PREFECTURES | INDEPENDANT | YEO SOULEYMANE OUATTARA | 313 voix | 2.19%"
137,8,741,5.18,False,26,200.6,INDEPENDANT,KOUYATE SANAKRO,INDEPENDANT,KOUYATE SANAKRO,False,5,812,"[p.26] 137 KOUETINFLA ET SINFRA, COMMUNES ET SOUS-PREFECTURES | INDEPENDANT | KOUYATE SANAKRO | 741 voix | 5.18%"
137,9,95,0.66,False,26,219.9,GP-PAIX,SERY BI BOLY EMMANUEL,GPPAIX,SERY BI BOLY EMMANUEL,False,12,813,"[p.26] 137 KOUETINFLA ET SINFRA, COMMUNES ET SOUS-PREFECTURES | GP-PAIX | SERY BI BOLY EMMANUEL | 95 voix | 0.66%"
137,10,97,0.68,False,26,239.2,CODE,BOTTY KOMON ALEXIS,CODE,BOTTY KOMON ALEXIS,False,11,814,"[p.26] 137 KOUETINFLA ET SINFRA, COMMUNES ET SOUS-PREFECTURES | CODE | BOTTY KOMON ALEXIS | 97 voix | 0.68%"
137,11,910,6.36,False,26,258.6,PDCI-RDA,TCHEL-BI LAHORE GHISLAIN,PDCIRDA,TCHEL BI LAHORE GHISLAIN,False,4,815,"[p.26] 137 KOUETINFLA ET SINFRA, COMMUNES ET SOUS-PREFECTURES | PDCI-RDA | TCHEL-BI LAHORE GHISLAIN | 910 voix | 6.36%"
137,12,205,1.43,False,26,277.7,INDEPENDANT,GOORE BI GNAMIEN WILLY TAUNIN,INDEPENDANT,GOORE BI GNAMIEN WILLY TAUNIN,False,7,816,"[p.26] 137 KOUETINFLA ET SINFRA, COMMUNES ET SOUS-PREFECTURES | INDEPENDANT | GOORE BI GNAMIEN WILLY TAUNIN | 205 voix | 1.43%"
138,1,1209,17.98,False,26,297.1,UDP,GBAMENIN BI TRA,UDP,GBAMENIN BI TRA,False,2,817,"[p.26] 138 GOHITAFLA, IRIEFLA, MAMINIGUI, COMMUNES ET SOUS-PREFECTURES | UDP | GBAMENIN BI TRA | 1209 voix | 17.98%"
138,2,1055,15.69,False,26,316.5,INDEPENDANT,DJE BI GOHAI AUDRIC-LANDRY,INDEPENDANT,DJE BI GOHAI AUDRIC LANDRY,False,3,818,"[p.26] 138 GOHITAFLA, IRIEFLA, MAMINIGUI, COMMUNES ET SOUS-PREFECTURES | INDEPENDANT | DJE BI GOHAI AUDRIC-LANDRY | 1055 voix | 15.69%"
138,3,214,3.18,False,26,335.9,INDEPENDANT,DJE EPSE TIE BI LOU TRA,INDEPENDANT,DJE EPSE TIE BI LOU TRA,False,5,819,"[p.26] 138 GOHITAFLA, IRIEFLA, MAMINIGUI, COMMUNES ET SOUS-PREFECTURES | INDEPENDANT | DJE EPSE TIE BI LOU TRA | 214 voix | 3.18%"
138,4,3037,45.15,True,26,355.2,RHDP,ZAMBLE NAYA NAOMI JARVIS,RHDP,ZAMBLE NAYA NAOMI JARVIS,False,1,820,"[p.26] 138 GOHITAFLA, IRIEFLA, MAMINIGUI, COMMUNES ET SOUS-PREFECTURES | RHDP | ZAMBLE NAYA NAOMI JARVIS | 3037 voix | 45.15% | ELU(E)"
138,5,761,11.31,False,26,374.5,INDEPENDANT,YOUAN BI TRAZIE BERTRAND ATHANASE,INDEPENDANT,YOUAN BI TRAZIE BERTRAND ATHANASE,False,4,821,"[p.26] 138 GOHITAFLA, IRIEFLA, MAMINIGUI, COMMUNES ET SOUS-PREFECTURES | INDEPENDANT | YOUAN BI TRAZIE BERTRAND ATHANASE | 761 voix | 11.31%"
138,6,13,0.19,False,26,393.8,ADCI,IRIE BI ZOU FULBERT,ADCI,IRIE BI ZOU FULBERT,False,9,822,"[p.26] 138 GOHITAFLA, IRIEFLA, MAMINIGUI, COMMUNES ET SOUS-PREFECTURES | ADCI | IRIE BI ZOU FULBERT | 13 voix | 0.19%"
138,7,138,2.05,False,26,413.2,PDCI-RDA,DJE BI SAMEDI BERNARD ZEHOUA,PDCIRDA,DJE BI SAMEDI BERNARD ZEHOUA,False,6,823,"[p.26] 138 GOHITAFLA, IRIEFLA, MAMINIGUI, COMMUNES ET SOUS-PREFECTURES | PDCI-RDA | DJE BI SAMEDI BERNARD ZEHOUA | 138 voix | 2.05%"
138,8,67,1.0,False,26,432.5,MGC,IRIE BI IRIE AMBROISE,MGC,IRIE BI IRIE AMBROISE,False,8,824,"[p.26] 138 GOHITAFLA, IRIEFLA, MAMINIGUI, COMMUNES ET SOUS-PREFECTURES | MGC | IRIE BI IRIE AMBROISE | 67 voix | 1.00%"
138,9,138,2.05,False,26,451.6,INDEPENDANT,DIDI BI TRA SYLVAIN,INDEPENDANT,DIDI BI TRA SYLVAIN,False,6,825,"[p.26] 138 GOHITAFLA, IRIEFLA, MAMINIGUI, COMMUNES ET SOUS-PREFECTURES | INDEPENDANT | DIDI BI TRA SYLVAIN | 138 voix | 2.05%"
139,1,2210,28.71,True,26,470.9,INDEPENDANT,SEHI BI KOUE ALPHONSE,INDEPENDANT,SEHI BI KOUE ALPHONSE,False,1,826,"[p.26] 139 KANZRA, VOUEBOUFLA, ZANZRA, COMMUNES ET SOUS-PREFECTURES, ZUENOULA, SOUS-PREFECTURE | INDEPENDANT | SEHI BI KOUE ALPHONSE | 2210 voix | 28.71% | ELU(E)"
139,2,1720,22.34,False,26,490.4,RHDP,DJO BI MIZAN HONORE DES AMIS,RHDP,DJO BI MIZAN HONORE DES AMIS,True,3,827,"[p.26] 139 KANZRA, VOUEBOUFLA, ZANZRA, COMMUNES ET SOUS-PREFECTURES, ZUENOULA, SOUS-PREFECTURE | RHDP | DJO BI MIZAN HONORE DES AMIS | 1720 voix | 22.34%"
139,3,322,4.18,False,26,509.8,INDEPENDANT,ZA BI ZAN MARCEL PAGNOL,INDEPENDANT,ZA BI ZAN MARCEL PAGNOL,False,5,828,"[p.26] 139 KANZRA, VOUEBOUFLA, ZANZRA, COMMUNES ET SOUS-PREFECTURES, ZUENOULA, SOUS-PREFECTURE | INDEPENDANT | ZA BI ZAN MARCEL PAGNOL | 322 voix | 4.18%"
139,4,1841,23.91,False,26,529.1,INDEPENDANT,VAMI BI NENE JOSEPH,INDEPENDANT,VAMI BI NENE JOSEPH,False,2,829,"[p.26] 139 KANZRA, VOUEBOUFLA, ZANZRA, COMMUNES ET SOUS-PREFECTURES, ZUENOULA, SOUS-PREFECTURE | INDEPENDANT | VAMI BI NENE JOSEPH | 1841 voix | 23.91%"
139,5,878,11.4,False,26,548.4,INDEPENDANT,YOUAN BI TRA JEAN-CLAUDE,INDEPENDANT,YOUAN BI TRA JEAN CLAUDE,False,4,830,"[p.26] 139 KANZRA, VOUEBOUFLA, ZANZRA, COMMUNES ET SOUS-PREFECTURES, ZUENOULA, SOUS-PREFECTURE | INDEPENDANT | YOUAN BI TRA JEAN-CLAUDE | 878 voix | 11.40%"
139,6,223,2.9,False,26,567.7,ADCI,ZOHOU BI NENON HONORE,ADCI,ZOHOU BI NENON HONORE,False,6,831,"[p.26] 139 KANZRA, VOUEBOUFLA, ZANZRA, COMMUNES ET SOUS-PREFECTURES, ZUENOULA, SOUS-PREFECTURE | ADCI | ZOHOU BI NENON HONORE | 223 voix | 2.90%"
139,7,178,2.31,False,26,587.1,INDEPENDANT,IRIE BI ZORO SAMUEL,INDEPENDANT,IRIE BI ZORO SAMUEL,False,7,832,"[p.26] 139 KANZRA, VOUEBOUFLA, ZANZRA, COMMUNES ET SOUS-PREFECTURES, ZUENOULA, SOUS-PREFECTURE | INDEPENDANT | IRIE BI ZORO SAMUEL | 178 voix | 2.31%"
139,8,51,0.66,False,26,606.4,CODE,TRA BI CA PAUL,CODE,TRA BI CA PAUL,False,9,833,"[p.26] 139 KANZRA, VOUEBOUFLA, ZANZRA, COMMUNES ET SOUS-PREFECTURES, ZUENOULA, SOUS-PREFECTURE | CODE | TRA BI CA PAUL | 51 voix | 0.66%"
139,9,114,1.48,False,26,625.5,INDEPENDANT,SIKA BI BOLOU BERENGER,INDEPENDANT,SIKA BI BOLOU BERENGER,False,8,834,"[p.26] 139 KANZRA, VOUEBOUFLA, ZANZRA, COMMUNES ET SOUS-PREFECTURES, ZUENOULA, SOUS-PREFECTURE | INDEPENDANT | SIKA BI BOLOU BERENGER | 114 voix | 1.48%"
140,1,1462,28.03,False,27,65.2,INDEPENDANT,DJE-BI-DJE OLIVIER VAMY,INDEPENDANT,DJE BI DJE OLIVIER VAMY,False,2,835,"[p.27] 140 ZUENOULA, COMMUNE | INDEPENDANT | DJE-BI-DJE OLIVIER VAMY | 1462 voix | 28.03%"
140,2,73,1.4,False,27,84.7,INDEPENDANT,BOUE BI IRIE MARCELIN,INDEPENDANT,BOUE BI IRIE MARCELIN,False,6,836,"[p.27] 140 ZUENOULA, COMMUNE | INDEPENDANT | BOUE BI IRIE MARCELIN | 73 voix | 1.40%"
140,3,4,0.08,False,27,104.0,CODE,KAHOU BI KALOU ROMEO,CODE,KAHOU BI KALOU ROMEO,False,8,837,"[p.27] 140 ZUENOULA, COMMUNE | CODE | KAHOU BI KALOU ROMEO | 4 voix | 0.08%"
140,4,9,0.17,False,27,123.3,INDEPENDANT,TAH BI TIE EVARISTE,INDEPENDANT,TAH BI TIE EVARISTE,False,7,838,"[p.27] 140 ZUENOULA, COMMUNE | INDEPENDANT | TAH BI TIE EVARISTE | 9 voix | 0.17%"
140,5,1891,36.25,True,27,142.6,RHDP,SOULEYMANE KONE,RHDP,SOULEYMANE KONE,False,1,839,"[p.27] 140 ZUENOULA, COMMUNE | RHDP | SOULEYMANE KONE | 1891 voix | 36.25% | ELU(E)"
140,6,284,5.44,False,27,162.0,INDEPENDANT,KARAMOKO GAHOUSSOU,INDEPENDANT,KARAMOKO GAHOUSSOU,False,5,840,"[p.27] 140 ZUENOULA, COMMUNE | INDEPENDANT | KARAMOKO GAHOUSSOU | 284 voix | 5.44%"
140,7,766,14.69,False,27,181.3,INDEPENDANT,DIALLO HABIB PEGAHTIEN,INDEPENDANT,DIALLO HABIB PEGAHTIEN,False,3,841,"[p.27] 140 ZUENOULA, COMMUNE | INDEPENDANT | DIALLO HABIB PEGAHTIEN | 766 voix | 14.69%"
140,8,674,12.92,False,27,200.4,INDEPENDANT,TOURE KALPI GISELLE,INDEPENDANT,TOURE KALPI GISELLE,False,4,842,"[p.27] 140 ZUENOULA, COMMUNE | INDEPENDANT | TOURE KALPI GISELLE | 674 voix | 12.92%"
154,1,244,1.8,False,27,219.7,INDEPENDANT,BEKOIN EHORODOU JORIS BENJAMIN,INDEPENDANT,BEKOIN EHORODOU JORIS BENJAMIN,False,3,843,"[p.27] 154 ARRAH, KOTOBI ET KREGBE, COMMUNES ET SOUS-PREFECTURES | INDEPENDANT | BEKOIN EHORODOU JORIS BENJAMIN | 244 voix | 1.80%"
154,2,9625,70.83,True,27,239.2,RHDP,N'GUESSAN AHONDJOU,RHDP,N GUESSAN AHONDJOU,False,1,844,"[p.27] 154 ARRAH, KOTOBI ET KREGBE, COMMUNES ET SOUS-PREFECTURES | RHDP | N'GUESSAN AHONDJOU | 9625 voix | 70.83% | ELU(E)"
154,3,178,1.31,False,27,258.6,INDEPENDANT,KOUADIO KOUAKOU JULIEN,INDEPENDANT,KOUADIO KOUAKOU JULIEN,False,4,845,"[p.27] 154 ARRAH, KOTOBI ET KREGBE, COMMUNES ET SOUS-PREFECTURES | INDEPENDANT | KOUADIO KOUAKOU JULIEN | 178 voix | 1.31%"
154,4,3419,25.16,False,27,277.7,PDCI-RDA,KWABENA KOUASSI STEPHANE,PDCIRDA,KWABENA KOUASSI STEPHANE,False,2,846,"[p.27] 154 ARRAH, KOTOBI ET KREGBE, COMMUNES ET SOUS-PREFECTURES | PDCI-RDA | KWABENA KOUASSI STEPHANE | 3419 voix | 25.16%"
157,1,1152,16.49,False,27,297.1,INDEPENDANT,AKA BONI MARC,INDEPENDANT,AKA BONI MARC,False,2,847,"[p.27] 157 BONGOUANOU, COMMUNE | INDEPENDANT | AKA BONI MARC | 1152 voix | 16.49%"
157,2,76,1.09,False,27,316.5,INDEPENDANT,HAMIAN OI HAMIAN ETIENNE,INDEPENDANT,HAMIAN OI HAMIAN ETIENNE,False,7,848,"[p.27] 157 BONGOUANOU, COMMUNE | INDEPENDANT | HAMIAN OI HAMIAN ETIENNE | 76 voix | 1.09%"
157,3,177,2.53,False,27,335.9,INDEPENDANT,KOUAME NGUADAH GEORGES,INDEPENDANT,KOUAME NGUADAH GEORGES,False,6,849,"[p.27] 157 BONGOUANOU, COMMUNE | INDEPENDANT | KOUAME NGUADAH GEORGES | 177 voix | 2.53%"
157,4,2933,41.98,True,27,355.2,RHDP,ASSOUGBA JACOB AMOIN,RHDP,ASSOUGBA JACOB AMOIN,False,1,850,"[p.27] 157 BONGOUANOU, COMMUNE | RHDP | ASSOUGBA JACOB AMOIN | 2933 voix | 41.98% | ELU(E)"
157,5,51,0.73,False,27,374.5,INDEPENDANT,ETTIEN AKA JEAN-CHARLES,INDEPENDANT,ETTIEN AKA JEAN CHARLES,False,9,851,"[p.27] 157 BONGOUANOU, COMMUNE | INDEPENDANT | ETTIEN AKA JEAN-CHARLES | 51 voix | 0.73%"
157,6,72,1.03,False,27,393.8,INDEPENDANT,AKESSE TEHIA EMILIENNE,INDEPENDANT,AKESSE TEHIA EMILIENNE,False,8,852,"[p.27] 157 BONGOUANOU, COMMUNE | INDEPENDANT | AKESSE TEHIA EMILIENNE | 72 voix | 1.03%"
157,7,30,0.43,False,27,413.2,ADCI,EHUI ASSOUO BENOIT,ADCI,EHUI ASSOUO BENOIT,False,10,853,"[p.27] 157 BONGOUANOU, COMMUNE | ADCI | EHUI ASSOUO BENOIT | 30 voix | 0.43%"
157,8,624,8.93,False,27,432.5,INDEPENDANT,GOLI TINAN ESTELLE AURELIE,INDEPENDANT,GOLI TINAN ESTELLE AURELIE,False,5,854,"[p.27] 157 BONGOUANOU, COMMUNE | INDEPENDANT | GOLI TINAN ESTELLE AURELIE | 624 voix | 8.93%"
157,9,965,13.81,False,27,451.8,FPI,KASSI PASCAL TANO,FPI,KASSI PASCAL TANO,False,3,855,"[p.27] 157 BONGOUANOU, COMMUNE | FPI | KASSI PASCAL TANO | 965 voix | 13.81%"
157,10,852,12.2,False,27,470.9,PDCI-RDA,KABLAN ANZIAN ANDRE,PDCIRDA,KABLAN ANZIAN ANDRE,False,4,856,"[p.27] 157 BONGOUANOU, COMMUNE | PDCI-RDA | KABLAN ANZIAN ANDRE | 852 voix | 12.20%"
158,1,2214,22.2,False,27,490.3,INDEPENDANT,KOUAME MESMIN KOMOE,INDEPENDANT,KOUAME MESMIN KOMOE,False,3,857,"[p.27] 158 ANDE, ASSIE-KOUMASSI ET N'GUESSANKRO, COMMUNES ET SOUS-PREFECTURES ET BONGOUANOU SOUS-PREFECTURE | INDEPENDANT | KOUAME MESMIN KOMOE | 2214 voix | 22.20%"
158,2,472,4.73,False,27,509.8,INDEPENDANT,EHOUSSOU MELISSA SOMA FLORA,INDEPENDANT,EHOUSSOU MELISSA SOMA FLORA,False,5,858,"[p.27] 158 ANDE, ASSIE-KOUMASSI ET N'GUESSANKRO, COMMUNES ET SOUS-PREFECTURES ET BONGOUANOU SOUS-PREFECTURE | INDEPENDANT | EHOUSSOU MELISSA SOMA FLORA | 472 voix | 4.73%"
158,3,63,0.63,False,27,529.1,INDEPENDANT,ETILE ABOH FREDERIC,INDEPENDANT,ETILE ABOH FREDERIC,False,10,859,"[p.27] 158 ANDE, ASSIE-KOUMASSI ET N'GUESSANKRO, COMMUNES ET SOUS-PREFECTURES ET BONGOUANOU SOUS-PREFECTURE | INDEPENDANT | ETILE ABOH FREDERIC | 63 voix | 0.63%"
158,4,100,1.0,False,27,548.4,INDEPENDANT,TEHOUA KISSI THEOPHILE,INDEPENDANT,TEHOUA KISSI THEOPHILE,False,9,860,"[p.27] 158 ANDE, ASSIE-KOUMASSI ET N'GUESSANKRO, COMMUNES ET SOUS-PREFECTURES ET BONGOUANOU SOUS-PREFECTURE | INDEPENDANT | TEHOUA KISSI THEOPHILE | 100 voix | 1.00%"
158,5,2218,22.24,False,27,567.7,RHDP,FETE ANE BENJAMIN,RHDP,FETE ANE BENJAMIN,False,2,861,"[p.27] 158 ANDE, ASSIE-KOUMASSI ET N'GUESSANKRO, COMMUNES ET SOUS-PREFECTURES ET BONGOUANOU SOUS-PREFECTURE | RHDP | FETE ANE BENJAMIN | 2218 voix | 22.24%"
158,6,824,8.26,False,27,587.1,INDEPENDANT,AMOA EBY ANICET,INDEPENDANT,AMOA EBY ANICET,False,4,862,"[p.27] 158 ANDE, ASSIE-KOUMASSI ET N'GUESSANKRO, COMMUNES ET SOUS-PREFECTURES ET BONGOUANOU SOUS-PREFECTURE | INDEPENDANT | AMOA EBY ANICET | 824 voix | 8.26%"
158,7,327,3.28,False,27,606.4,INDEPENDANT,KOUA CHARLES-PHILIPPS KINIMO,INDEPENDANT,KOUA CHARLES PHILIPPS KINIMO,False,6,863,"[p.27] 158 ANDE, ASSIE-KOUMASSI ET N'GUESSANKRO, COMMUNES ET SOUS-PREFECTURES ET BONGOUANOU SOUS-PREFECTURE | INDEPENDANT | KOUA CHARLES-PHILIPPS KINIMO | 327 voix | 3.28%"
158,8,249,2.5,False,27,625.7,ADCI,BOSSON BROU KOWOUSSA EVARISTE,ADCI,BOSSON BROU KOWOUSSA EVARISTE,False,7,864,"[p.27] 158 ANDE, ASSIE-KOUMASSI ET N'GUESSANKRO, COMMUNES ET SOUS-PREFECTURES ET BONGOUANOU SOUS-PREFECTURE | ADCI | BOSSON BROU KOWOUSSA EVARISTE | 249 voix | 2.50%"
158,9,3093,31.01,True,27,645.0,FPI,DIBY KOKORA BOADY BERNARD,FPI,DIBY KOKORA BOADY BERNARD,False,1,865,"[p.27] 158 ANDE, ASSIE-KOUMASSI ET N'GUESSANKRO, COMMUNES ET SOUS-PREFECTURES ET BONGOUANOU SOUS-PREFECTURE | FPI | DIBY KOKORA BOADY BERNARD | 3093 voix | 31.01% | ELU(E)"
158,10,60,0.6,False,27,664.4,INDEPENDANT,AHONON ROMEO RAOUL ANE,INDEPENDANT,AHONON ROMEO RAOUL ANE,False,11,866,"[p.27] 158 ANDE, ASSIE-KOUMASSI ET N'GUESSANKRO, COMMUNES ET SOUS-PREFECTURES ET BONGOUANOU SOUS-PREFECTURE | INDEPENDANT | AHONON ROMEO RAOUL ANE | 60 voix | 0.60%"
158,11,245,2.46,False,27,683.5,INDEPENDANT,KASSI KOUAME JEAN-BAPTISTE,INDEPENDANT,KASSI KOUAME JEAN BAPTISTE,False,8,867,"[p.27] 158 ANDE, ASSIE-KOUMASSI ET N'GUESSANKRO, COMMUNES ET SOUS-PREFECTURES ET BONGOUANOU SOUS-PREFECTURE | INDEPENDANT | KASSI KOUAME JEAN-BAPTISTE | 245 voix | 2.46%"
161,1,2862,35.53,False,28,65.2,RHDP,KOUAKOU DAPA YAO KOSSONOU MARCELLIN,RHDP,KOUAKOU DAPA YAO KOSSONOU MARCELLIN,False,2,868,"[p.28] 161 ANOUMABA ET TIEMELEKRO, COMMUNES ET SOUS-PREFECTURES | RHDP | KOUAKOU DAPA YAO KOSSONOU MARCELLIN | 2862 voix | 35.53%"
161,2,121,1.5,False,28,84.7,ADCI,AKA NZI SEVERIN,ADCI,AKA NZI SEVERIN,False,5,869,"[p.28] 161 ANOUMABA ET TIEMELEKRO, COMMUNES ET SOUS-PREFECTURES | ADCI | AKA NZI SEVERIN | 121 voix | 1.50%"
161,3,1265,15.7,False,28,104.0,FPI,KOUAME KONGO GREGOIRE,FPI,KOUAME KONGO GREGOIRE,False,3,870,"[p.28] 161 ANOUMABA ET TIEMELEKRO, COMMUNES ET SOUS-PREFECTURES | FPI | KOUAME KONGO GREGOIRE | 1265 voix | 15.70%"
161,4,732,9.09,False,28,123.3,INDEPENDANT,NIAMIAN N'GUESSAN RAOUL THIBAUT,INDEPENDANT,NIAMIAN N GUESSAN RAOUL THIBAUT,False,4,871,"[p.28] 161 ANOUMABA ET TIEMELEKRO, COMMUNES ET SOUS-PREFECTURES | INDEPENDANT | NIAMIAN N'GUESSAN RAOUL THIBAUT | 732 voix | 9.09%"
161,5,2995,37.18,True,28,142.5,PDCI-RDA,AKA DESQUITH AMBROISE,PDCIRDA,AKA DESQUITH AMBROISE,False,1,872,"[p.28] 161 ANOUMABA ET TIEMELEKRO, COMMUNES ET SOUS-PREFECTURES | PDCI-RDA | AKA DESQUITH AMBROISE | 2995 voix | 37.18% | ELU(E)"
162,1,3346,35.89,True,28,161.8,INDEPENDANT,KANGA KACOU ANTOINE,INDEPENDANT,KANGA KACOU ANTOINE,False,1,873,"[p.28] 162 ASSAHARA ET M'BATTO, COMMUNES ET SOUS-PREFECTURES | INDEPENDANT | KANGA KACOU ANTOINE | 3346 voix | 35.89% | ELU(E)"
162,2,67,0.72,False,28,181.3,UDCY,KOUADIO DOUCA MARCELLIN,UDCY,KOUADIO DOUCA MARCELLIN,False,7,874,"[p.28] 162 ASSAHARA ET M'BATTO, COMMUNES ET SOUS-PREFECTURES | UDCY | KOUADIO DOUCA MARCELLIN | 67 voix | 0.72%"
162,3,2604,27.93,False,28,200.6,RHDP,NIAMIAN KOKOLO JEAN-PIERRE,RHDP,NIAMIAN KOKOLO JEAN PIERRE,False,2,875,"[p.28] 162 ASSAHARA ET M'BATTO, COMMUNES ET SOUS-PREFECTURES | RHDP | NIAMIAN KOKOLO JEAN-PIERRE | 2604 voix | 27.93%"
162,4,56,0.6,False,28,219.9,INDEPENDANT,COULIBALY ABIBA EPSE COULIBALY,INDEPENDANT,COULIBALY ABIBA EPSE COULIBALY,False,8,876,"[p.28] 162 ASSAHARA ET M'BATTO, COMMUNES ET SOUS-PREFECTURES | INDEPENDANT | COULIBALY ABIBA EPSE COULIBALY | 56 voix | 0.60%"
162,5,223,2.39,False,28,239.2,INDEPENDANT,MOREAU KABLAN BILE CHARLES ARMEL,INDEPENDANT,MOREAU KABLAN BILE CHARLES ARMEL,False,5,877,"[p.28] 162 ASSAHARA ET M'BATTO, COMMUNES ET SOUS-PREFECTURES | INDEPENDANT | MOREAU KABLAN BILE CHARLES ARMEL | 223 voix | 2.39%"
162,6,361,3.87,False,28,258.6,ADCI,KOUAME DJA ESSAN FRANCOIS,ADCI,KOUAME DJA ESSAN FRANCOIS,False,4,878,"[p.28] 162 ASSAHARA ET M'BATTO, COMMUNES ET SOUS-PREFECTURES | ADCI | KOUAME DJA ESSAN FRANCOIS | 361 voix | 3.87%"
162,7,72,0.77,False,28,277.9,INDEPENDANT,KOUAME TIEMELE,INDEPENDANT,KOUAME TIEMELE,False,6,879,"[p.28] 162 ASSAHARA ET M'BATTO, COMMUNES ET SOUS-PREFECTURES | INDEPENDANT | KOUAME TIEMELE | 72 voix | 0.77%"
162,8,2536,27.2,False,28,297.0,PDCI-RDA,AKA AMANAN VERONIQUE,PDCIRDA,AKA AMANAN VERONIQUE,False,3,880,"[p.28] 162 ASSAHARA ET M'BATTO, COMMUNES ET SOUS-PREFECTURES | PDCI-RDA | AKA AMANAN VERONIQUE | 2536 voix | 27.20%"
148,1,105,1.96,False,28,316.4,INDEPENDANT,KOFFI DJAH DANIEL,INDEPENDANT,KOFFI DJAH DANIEL,False,7,881,"[p.28] 148 DABOUYO ET GUEYO, COMMUNES ET SOUS-PREFECTURES | INDEPENDANT | KOFFI DJAH DANIEL | 105 voix | 1.96%"
148,2,117,2.18,False,28,335.9,INDEPENDANT,SALIA BLE SOLANGE,INDEPENDANT,SALIA BLE SOLANGE,False,6,882,"[p.28] 148 DABOUYO ET GUEYO, COMMUNES ET SOUS-PREFECTURES | INDEPENDANT | SALIA BLE SOLANGE | 117 voix | 2.18%"
148,3,1337,24.93,False,28,355.2,INDEPENDANT,BONI TANO N'GUESSAN NOELLE MARIE EPOUSE EKPONON,INDEPENDANT,BONI TANO N GUESSAN NOELLE MARIE EPOUSE EKPONON,False,2,883,"[p.28] 148 DABOUYO ET GUEYO, COMMUNES ET SOUS-PREFECTURES | INDEPENDANT | BONI TANO N'GUESSAN NOELLE MARIE EPOUSE EKPONON | 1337 voix | 24.93%"
148,4,174,3.25,False,28,374.5,GP-PAIX,KANGAH AMANI SERGE,GPPAIX,KANGAH AMANI SERGE,False,5,884,"[p.28] 148 DABOUYO ET GUEYO, COMMUNES ET SOUS-PREFECTURES | GP-PAIX | KANGAH AMANI SERGE | 174 voix | 3.25%"
148,5,1597,29.78,True,28,393.8,RHDP,ZEKRE ZADI CHRIST-YVAN,RHDP,ZEKRE ZADI CHRIST YVAN,False,1,885,"[p.28] 148 DABOUYO ET GUEYO, COMMUNES ET SOUS-PREFECTURES | RHDP | ZEKRE ZADI CHRIST-YVAN | 1597 voix | 29.78% | ELU(E)"
148,6,1256,23.42,False,28,413.2,INDEPENDANT,DOGUI MARIE-NOELLE,INDEPENDANT,DOGUI MARIE NOELLE,False,3,886,"[p.28] 148 DABOUYO ET GUEYO, COMMUNES ET SOUS-PREFECTURES | INDEPENDANT | DOGUI MARIE-NOELLE | 1256 voix | 23.42%"
148,7,57,1.06,False,28,432.5,ADCI,KOUADIO KONAN CALVIN,ADCI,KOUADIO KONAN CALVIN,False,8,887,"[p.28] 148 DABOUYO ET GUEYO, COMMUNES ET SOUS-PREFECTURES | ADCI | KOUADIO KONAN CALVIN | 57 voix | 1.06%"
148,8,669,12.48,False,28,451.6,PDCI-RDA,BLE SAILLY FELIX,PDCIRDA,BLE SAILLY FELIX,False,4,888,"[p.28] 148 DABOUYO ET GUEYO, COMMUNES ET SOUS-PREFECTURES | PDCI-RDA | BLE SAILLY FELIX | 669 voix | 12.48%"
149,1,2911,44.59,False,28,470.9,RHDP,"UNE COTE DIVOIRE EN PAIX, PROSPERE ET SOLIDAIRE",RHDP,UNE COTE DIVOIRE EN PAIX PROSPERE ET SOLIDAIRE,True,2,889,"[p.28] 149 BUYO ET DAPEOUA, COMMUNES ET SOUS-PREFECTURES | RHDP | UNE COTE DIVOIRE EN PAIX, PROSPERE ET SOLIDAIRE | 2911 voix | 44.59%"
149,2,3448,52.81,True,28,490.4,PDCI-RDA,TOUS ENSEMBLE POUR LA CÔTE D'IVOIRE,PDCIRDA,TOUS ENSEMBLE POUR LA COTE D IVOIRE,True,1,890,"[p.28] 149 BUYO ET DAPEOUA, COMMUNES ET SOUS-PREFECTURES | PDCI-RDA | TOUS ENSEMBLE POUR LA CÔTE D'IVOIRE | 3448 voix | 52.81% | ELU(E)"
149,3,71,1.09,False,28,509.6,INDEPENDANT,"POUR LE DEVELOPPEMENT DE BUYO, JE VOTE UTILE",INDEPENDANT,POUR LE DEVELOPPEMENT DE BUYO JE VOTE UTILE,True,3,891,"[p.28] 149 BUYO ET DAPEOUA, COMMUNES ET SOUS-PREFECTURES | INDEPENDANT | POUR LE DEVELOPPEMENT DE BUYO, JE VOTE UTILE | 71 voix | 1.09%"
150,1,2286,18.59,False,28,528.9,INDEPENDANT,ENSEMBLE POUR MEAGUI,INDEPENDANT,ENSEMBLE POUR MEAGUI,True,3,892,"[p.28] 150 GNAMANGUI, MEAGUI ET OUPOYO, COMMUNES ET SOUS-PREFECTURES | INDEPENDANT | ENSEMBLE POUR MEAGUI | 2286 voix | 18.59%"
150,2,2877,23.4,False,28,548.4,RHDP,"UNE CÔTE DIVOIRE EN PAIX, PROSPERE ET SOLIDAIRE",RHDP,UNE COTE DIVOIRE EN PAIX PROSPERE ET SOLIDAIRE,True,2,893,"[p.28] 150 GNAMANGUI, MEAGUI ET OUPOYO, COMMUNES ET SOUS-PREFECTURES | RHDP | UNE CÔTE DIVOIRE EN PAIX, PROSPERE ET SOLIDAIRE | 2877 voix | 23.40%"
150,3,6881,55.96,True,28,567.7,PDCI-RDA,TOUS ENSEMBLE POUR LA CÔTE D'IVOIRE,PDCIRDA,TOUS ENSEMBLE POUR LA COTE D IVOIRE,True,1,894,"[p.28] 150 GNAMANGUI, MEAGUI ET OUPOYO, COMMUNES ET SOUS-PREFECTURES | PDCI-RDA | TOUS ENSEMBLE POUR LA CÔTE D'IVOIRE | 6881 voix | 55.96% | ELU(E)"
150,4,117,0.95,False,28,586.9,INDEPENDANT,CITOYEN ENGAGE POUR LE PEUPLE,INDEPENDANT,CITOYEN ENGAGE POUR LE PEUPLE,True,4,895,"[p.28] 150 GNAMANGUI, MEAGUI ET OUPOYO, COMMUNES ET SOUS-PREFECTURES | INDEPENDANT | CITOYEN ENGAGE POUR LE PEUPLE | 117 voix | 0.95%"
151,1,1006,16.92,False,28,606.2,INDEPENDANT,SAYERE MARTIAL OUPOH,INDEPENDANT,SAYERE MARTIAL OUPOH,False,3,896,"[p.28] 151 GRAND-ZATIRY, COMMUNES ET SOUS-PREFECTURE | INDEPENDANT | SAYERE MARTIAL OUPOH | 1006 voix | 16.92%"
151,2,432,7.27,False,28,625.7,INDEPENDANT,SAHIFO ALIGBA ARNAUD,INDEPENDANT,SAHIFO ALIGBA ARNAUD,False,5,897,"[p.28] 151 GRAND-ZATIRY, COMMUNES ET SOUS-PREFECTURE | INDEPENDANT | SAHIFO ALIGBA ARNAUD | 432 voix | 7.27%"
151,3,199,3.35,False,28,645.0,INDEPENDANT,DJEDJE MADOU JOEL,INDEPENDANT,DJEDJE MADOU JOEL,False,6,898,"[p.28] 151 GRAND-ZATIRY, COMMUNES ET SOUS-PREFECTURE | INDEPENDANT | DJEDJE MADOU JOEL | 199 voix | 3.35%"
151,4,1559,26.22,False,28,664.4,RHDP,ZAKO OUPO ESAIE,RHDP,ZAKO OUPO ESAIE,False,2,899,"[p.28] 151 GRAND-ZATIRY, COMMUNES ET SOUS-PREFECTURE | RHDP | ZAKO OUPO ESAIE | 1559 voix | 26.22%"
151,5,171,2.88,False,28,683.7,INDEPENDANT,DOBO RENAUD MARCEL ANDREA,INDEPENDANT,DOBO RENAUD MARCEL ANDREA,False,7,900,"[p.28] 151 GRAND-ZATIRY, COMMUNES ET SOUS-PREFECTURE | INDEPENDANT | DOBO RENAUD MARCEL ANDREA | 171 voix | 2.88%"
151,6,619,10.41,False,28,703.0,INDEPENDANT,SERI HORTENSE EMMA,INDEPENDANT,SERI HORTENSE EMMA,False,4,901,"[p.28] 151 GRAND-ZATIRY, COMMUNES ET SOUS-PREFECTURE | INDEPENDANT | SERI HORTENSE EMMA | 619 voix | 10.41%"
151,7,1886,31.72,True,28,722.3,PDCI-RDA,GOBO YOKORE BERNARD,PDCIRDA,GOBO YOKORE BERNARD,False,1,902,"[p.28] 151 GRAND-ZATIRY, COMMUNES ET SOUS-PREFECTURE | PDCI-RDA | GOBO YOKORE BERNARD | 1886 voix | 31.72% | ELU(E)"
151,8,25,0.42,False,28,741.5,INDEPENDANT,SERY KOBOU FABRICE,INDEPENDANT,SERY KOBOU FABRICE,False,8,903,"[p.28] 151 GRAND-ZATIRY, COMMUNES ET SOUS-PREFECTURE | INDEPENDANT | SERY KOBOU FABRICE | 25 voix | 0.42%"
152,1,430,4.84,False,29,65.2,INDEPENDANT,KOUADIO GBOGBO ERIC,INDEPENDANT,KOUADIO GBOGBO ERIC,False,5,904,"[p.29] 152 LILIYO ET OKROUYO, COMMUNES ET SOUS-PREFECTURES | INDEPENDANT | KOUADIO GBOGBO ERIC | 430 voix | 4.84%"
152,2,3130,35.26,True,29,84.7,RHDP,KONE DOSSOGUI,RHDP,KONE DOSSOGUI,False,1,905,"[p.29] 152 LILIYO ET OKROUYO, COMMUNES ET SOUS-PREFECTURES | RHDP | KONE DOSSOGUI | 3130 voix | 35.26% | ELU(E)"
152,3,165,1.86,False,29,104.0,INDEPENDANT,BONI N'GUESSAN PLACIDE -STEPHANE,INDEPENDANT,BONI N GUESSAN PLACIDE STEPHANE,False,7,906,"[p.29] 152 LILIYO ET OKROUYO, COMMUNES ET SOUS-PREFECTURES | INDEPENDANT | BONI N'GUESSAN PLACIDE -STEPHANE | 165 voix | 1.86%"
152,4,1211,13.64,False,29,123.3,INDEPENDANT,GBAHI DJOUA LUC,INDEPENDANT,GBAHI DJOUA LUC,False,3,907,"[p.29] 152 LILIYO ET OKROUYO, COMMUNES ET SOUS-PREFECTURES | INDEPENDANT | GBAHI DJOUA LUC | 1211 voix | 13.64%"
152,5,182,2.05,False,29,142.6,INDEPENDANT,ADOU LANDRY JEAN-FRANCOIS,INDEPENDANT,ADOU LANDRY JEAN FRANCOIS,False,6,908,"[p.29] 152 LILIYO ET OKROUYO, COMMUNES ET SOUS-PREFECTURES | INDEPENDANT | ADOU LANDRY JEAN-FRANCOIS | 182 voix | 2.05%"
152,6,2457,27.68,False,29,162.0,PDCI-RDA,KOUADIA BEDI NOEL-OLIVIER,PDCIRDA,KOUADIA BEDI NOEL OLIVIER,False,2,909,"[p.29] 152 LILIYO ET OKROUYO, COMMUNES ET SOUS-PREFECTURES | PDCI-RDA | KOUADIA BEDI NOEL-OLIVIER | 2457 voix | 27.68%"
152,7,1184,13.34,False,29,181.1,INDEPENDANT,ZADI ZADI PATRICK ANDERSON,INDEPENDANT,ZADI ZADI PATRICK ANDERSON,False,4,910,"[p.29] 152 LILIYO ET OKROUYO, COMMUNES ET SOUS-PREFECTURES | INDEPENDANT | ZADI ZADI PATRICK ANDERSON | 1184 voix | 13.34%"
153,1,706,7.89,False,29,200.4,INDEPENDANT,COULIBALY SEKOU,INDEPENDANT,COULIBALY SEKOU,False,4,911,"[p.29] 153 SOUBRE, COMMUNES ET SOUS-PREFECTURE | INDEPENDANT | COULIBALY SEKOU | 706 voix | 7.89%"
153,2,1341,14.99,False,29,219.9,INDEPENDANT,ZIRIGNON SEKOU LIGNON,INDEPENDANT,ZIRIGNON SEKOU LIGNON,False,3,912,"[p.29] 153 SOUBRE, COMMUNES ET SOUS-PREFECTURE | INDEPENDANT | ZIRIGNON SEKOU LIGNON | 1341 voix | 14.99%"
153,3,87,0.97,False,29,239.2,INDEPENDANT,KOFFI KOUADIO OBED,INDEPENDANT,KOFFI KOUADIO OBED,False,5,913,"[p.29] 153 SOUBRE, COMMUNES ET SOUS-PREFECTURE | INDEPENDANT | KOFFI KOUADIO OBED | 87 voix | 0.97%"
153,4,20,0.22,False,29,258.6,INDEPENDANT,KOUADIO KONAN KANH JULIEN,INDEPENDANT,KOUADIO KONAN KANH JULIEN,False,7,914,"[p.29] 153 SOUBRE, COMMUNES ET SOUS-PREFECTURE | INDEPENDANT | KOUADIO KONAN KANH JULIEN | 20 voix | 0.22%"
153,5,4103,45.87,True,29,277.9,RHDP,SANGARE MOUSSA,RHDP,SANGARE MOUSSA,False,1,915,"[p.29] 153 SOUBRE, COMMUNES ET SOUS-PREFECTURE | RHDP | SANGARE MOUSSA | 4103 voix | 45.87% | ELU(E)"
153,6,85,0.95,False,29,297.2,INDEPENDANT,KONE MAMADOU,INDEPENDANT,KONE MAMADOU,False,6,916,"[p.29] 153 SOUBRE, COMMUNES ET SOUS-PREFECTURE | INDEPENDANT | KONE MAMADOU | 85 voix | 0.95%"
153,7,2524,28.22,False,29,316.4,PDCI-RDA,DABA DAGNOGO,PDCIRDA,DABA DAGNOGO,False,2,917,"[p.29] 153 SOUBRE, COMMUNES ET SOUS-PREFECTURE | PDCI-RDA | DABA DAGNOGO | 2524 voix | 28.22%"
155,1,2548,14.6,False,29,335.7,INDEPENDANT,BOCANDA CEST CHEZ NOUS,INDEPENDANT,BOCANDA CEST CHEZ NOUS,True,3,918,"[p.29] 155 BENGASSOU, BOCANDA, KOUADIOBLEKRO ET N'ZECREZESSOU, COMMUNES ET SOUS-PREFECTURES | INDEPENDANT | BOCANDA CEST CHEZ NOUS | 2548 voix | 14.60%"
155,2,752,4.31,False,29,355.2,INDEPENDANT,GENERATION UNIE ET SOLIDAIRE,INDEPENDANT,GENERATION UNIE ET SOLIDAIRE,True,4,919,"[p.29] 155 BENGASSOU, BOCANDA, KOUADIOBLEKRO ET N'ZECREZESSOU, COMMUNES ET SOUS-PREFECTURES | INDEPENDANT | GENERATION UNIE ET SOLIDAIRE | 752 voix | 4.31%"
155,3,404,2.32,False,29,374.5,CNDCI,COHESION-JUSTICE-DEVELOPPEMENT,CNDCI,COHESION JUSTICE DEVELOPPEMENT,True,5,920,"[p.29] 155 BENGASSOU, BOCANDA, KOUADIOBLEKRO ET N'ZECREZESSOU, COMMUNES ET SOUS-PREFECTURES | CNDCI | COHESION-JUSTICE-DEVELOPPEMENT | 404 voix | 2.32%"
155,4,5608,32.14,False,29,393.8,RHDP,"UNE CÔTE DIVOIRE EN PAIX, PROSPÈRE ET SOLIDAIRE",RHDP,UNE COTE DIVOIRE EN PAIX PROSPERE ET SOLIDAIRE,True,2,921,"[p.29] 155 BENGASSOU, BOCANDA, KOUADIOBLEKRO ET N'ZECREZESSOU, COMMUNES ET SOUS-PREFECTURES | RHDP | UNE CÔTE DIVOIRE EN PAIX, PROSPÈRE ET SOLIDAIRE | 5608 voix | 32.14%"
155,5,7887,45.2,True,29,413.0,PDCI-RDA,TOUS ENSEMBLE POUR LA CÔTE D'IVOIRE,PDCIRDA,TOUS ENSEMBLE POUR LA COTE D IVOIRE,True,1,922,"[p.29] 155 BENGASSOU, BOCANDA, KOUADIOBLEKRO ET N'ZECREZESSOU, COMMUNES ET SOUS-PREFECTURES | PDCI-RDA | TOUS ENSEMBLE POUR LA CÔTE D'IVOIRE | 7887 voix | 45.20% | ELU(E)"
156,1,1128,22.15,False,29,432.3,INDEPENDANT,KOUAKOU KOUADIO JOSEPH,INDEPENDANT,KOUAKOU KOUADIO JOSEPH,False,3,923,"[p.29] 156 KOUASSI-KOUASSIKRO, COMMUNES ET SOUS-PREFECTURE | INDEPENDANT | KOUAKOU KOUADIO JOSEPH | 1128 voix | 22.15%"
156,2,256,5.03,False,29,451.8,INDEPENDANT,KOFFI AMANI FERDINAND,INDEPENDANT,KOFFI AMANI FERDINAND,False,4,924,"[p.29] 156 KOUASSI-KOUASSIKRO, COMMUNES ET SOUS-PREFECTURE | INDEPENDANT | KOFFI AMANI FERDINAND | 256 voix | 5.03%"
156,3,2116,41.56,True,29,471.1,RHDP,KOUASSI KOUAKOU NARCISSE,RHDP,KOUASSI KOUAKOU NARCISSE,False,1,925,"[p.29] 156 KOUASSI-KOUASSIKRO, COMMUNES ET SOUS-PREFECTURE | RHDP | KOUASSI KOUAKOU NARCISSE | 2116 voix | 41.56% | ELU(E)"
156,4,35,0.69,False,29,490.4,INDEPENDANT,KANGAH KONAN DENIS,INDEPENDANT,KANGAH KONAN DENIS,False,6,926,"[p.29] 156 KOUASSI-KOUASSIKRO, COMMUNES ET SOUS-PREFECTURE | INDEPENDANT | KANGAH KONAN DENIS | 35 voix | 0.69%"
156,5,227,4.46,False,29,509.8,INDEPENDANT,YAPO BERTHE TATIANA,INDEPENDANT,YAPO BERTHE TATIANA,False,5,927,"[p.29] 156 KOUASSI-KOUASSIKRO, COMMUNES ET SOUS-PREFECTURE | INDEPENDANT | YAPO BERTHE TATIANA | 227 voix | 4.46%"
156,6,1260,24.74,False,29,528.9,PDCI-RDA,YAO KOFFI JEAN PAUL,PDCIRDA,YAO KOFFI JEAN PAUL,False,2,928,"[p.29] 156 KOUASSI-KOUASSIKRO, COMMUNES ET SOUS-PREFECTURE | PDCI-RDA | YAO KOFFI JEAN PAUL | 1260 voix | 24.74%"
159,1,117,2.06,False,29,548.2,INDEPENDANT,N'GUESSAN JOLIANE CLAIRE EPOUSE KOUAKOU,INDEPENDANT,N GUESSAN JOLIANE CLAIRE EPOUSE KOUAKOU,False,5,929,"[p.29] 159 ABIGUI, DIANGOKRO ET NOFOU, COMMUNES ET SOUS-PREFECTURES | INDEPENDANT | N'GUESSAN JOLIANE CLAIRE EPOUSE KOUAKOU | 117 voix | 2.06%"
159,2,1838,32.33,False,29,567.7,RHDP,KOFFI EUGENE,RHDP,KOFFI EUGENE,False,2,930,"[p.29] 159 ABIGUI, DIANGOKRO ET NOFOU, COMMUNES ET SOUS-PREFECTURES | RHDP | KOFFI EUGENE | 1838 voix | 32.33%"
159,3,1304,22.93,False,29,587.1,INDEPENDANT,ALLOU CHRISTOPHE N'GORAN,INDEPENDANT,ALLOU CHRISTOPHE N GORAN,False,3,931,"[p.29] 159 ABIGUI, DIANGOKRO ET NOFOU, COMMUNES ET SOUS-PREFECTURES | INDEPENDANT | ALLOU CHRISTOPHE N'GORAN | 1304 voix | 22.93%"
159,4,35,0.62,False,29,606.4,PIA/CODE,KOUADIO KOUASSI MARIUS,PIACODE,KOUADIO KOUASSI MARIUS,False,6,932,"[p.29] 159 ABIGUI, DIANGOKRO ET NOFOU, COMMUNES ET SOUS-PREFECTURES | PIA/CODE | KOUADIO KOUASSI MARIUS | 35 voix | 0.62%"
159,5,161,2.83,False,29,625.7,INDEPENDANT,KOUAME KOUADIO GERARD,INDEPENDANT,KOUAME KOUADIO GERARD,False,4,933,"[p.29] 159 ABIGUI, DIANGOKRO ET NOFOU, COMMUNES ET SOUS-PREFECTURES | INDEPENDANT | KOUAME KOUADIO GERARD | 161 voix | 2.83%"
159,6,2178,38.3,True,29,644.9,PDCI-RDA,LANGUI KOUADIO MARC,PDCIRDA,LANGUI KOUADIO MARC,False,1,934,"[p.29] 159 ABIGUI, DIANGOKRO ET NOFOU, COMMUNES ET SOUS-PREFECTURES | PDCI-RDA | LANGUI KOUADIO MARC | 2178 voix | 38.30% | ELU(E)"
160,1,405,3.99,False,29,664.2,INDEPENDANT,NZI YANN-GABRIEL DIBY,INDEPENDANT,NZI YANN GABRIEL DIBY,False,3,935,"[p.29] 160 DIMBOKRO, COMMUNE ET SOUS-PREFECTURE | INDEPENDANT | NZI YANN-GABRIEL DIBY | 405 voix | 3.99%"
160,2,157,1.54,False,29,683.7,INDEPENDANT,DJAHA JEAN PARNELL,INDEPENDANT,DJAHA JEAN PARNELL,False,5,936,"[p.29] 160 DIMBOKRO, COMMUNE ET SOUS-PREFECTURE | INDEPENDANT | DJAHA JEAN PARNELL | 157 voix | 1.54%"
160,3,231,2.27,False,29,703.0,INDEPENDANT,AKA AKESSE KOUADIO VINCENT,INDEPENDANT,AKA AKESSE KOUADIO VINCENT,False,4,937,"[p.29] 160 DIMBOKRO, COMMUNE ET SOUS-PREFECTURE | INDEPENDANT | AKA AKESSE KOUADIO VINCENT | 231 voix | 2.27%"
160,4,6793,66.84,True,29,722.3,RHDP,COULIBALY ADAMA,RHDP,COULIBALY ADAMA,False,1,938,"[p.29] 160 DIMBOKRO, COMMUNE ET SOUS-PREFECTURE | RHDP | COULIBALY ADAMA | 6793 voix | 66.84% | ELU(E)"
160,5,2513,24.73,False,29,741.5,PDCI-RDA,KONAN KOUAKOU RENE,PDCIRDA,KONAN KOUAKOU RENE,False,2,939,"[p.29] 160 DIMBOKRO, COMMUNE ET SOUS-PREFECTURE | PDCI-RDA | KONAN KOUAKOU RENE | 2513 voix | 24.73%"
163,1,6287,45.71,True,30,65.2,RHDP,COULIBALY ISSA,RHDP,COULIBALY ISSA,False,1,940,"[p.30] 163 BORON, DIKODOUGOU ET GUIEMBE, COMMUNES ET SOUS-PREFECTURES | RHDP | COULIBALY ISSA | 6287 voix | 45.71% | ELU(E)"
163,2,3849,27.99,False,30,84.7,INDEPENDANT,BAKAYOKO DAOUDA TENEMANGAN,INDEPENDANT,BAKAYOKO DAOUDA TENEMANGAN,False,2,941,"[p.30] 163 BORON, DIKODOUGOU ET GUIEMBE, COMMUNES ET SOUS-PREFECTURES | INDEPENDANT | BAKAYOKO DAOUDA TENEMANGAN | 3849 voix | 27.99%"
163,3,243,1.77,False,30,104.0,INDEPENDANT,SORO KADOGNON CHARLES,INDEPENDANT,SORO KADOGNON CHARLES,False,4,942,"[p.30] 163 BORON, DIKODOUGOU ET GUIEMBE, COMMUNES ET SOUS-PREFECTURES | INDEPENDANT | SORO KADOGNON CHARLES | 243 voix | 1.77%"
163,4,3011,21.89,False,30,123.1,INDEPENDANT,AMINATA OUATTARA,INDEPENDANT,AMINATA OUATTARA,False,3,943,"[p.30] 163 BORON, DIKODOUGOU ET GUIEMBE, COMMUNES ET SOUS-PREFECTURES | INDEPENDANT | AMINATA OUATTARA | 3011 voix | 21.89%"
164,1,7806,39.27,False,30,142.5,INDEPENDANT,SORO NGOLOGNINHE MAMADOU,INDEPENDANT,SORO NGOLOGNINHE MAMADOU,False,2,944,"[p.30] 164 BOUGOU, KATOGO ET M'BENGUE, COMMUNES ET SOUS-PREFECTURES | INDEPENDANT | SORO NGOLOGNINHE MAMADOU | 7806 voix | 39.27%"
164,2,11349,57.1,True,30,162.0,RHDP,COULIBALY ALI KADER,RHDP,COULIBALY ALI KADER,False,1,945,"[p.30] 164 BOUGOU, KATOGO ET M'BENGUE, COMMUNES ET SOUS-PREFECTURES | RHDP | COULIBALY ALI KADER | 11349 voix | 57.10% | ELU(E)"
164,3,82,0.41,False,30,181.1,INDEPENDANT,DIABATE HAMIDOU,INDEPENDANT,DIABATE HAMIDOU,False,3,946,"[p.30] 164 BOUGOU, KATOGO ET M'BENGUE, COMMUNES ET SOUS-PREFECTURES | INDEPENDANT | DIABATE HAMIDOU | 82 voix | 0.41%"
165,1,4605,40.09,False,30,200.4,RHDP,SORO FOBEH,RHDP,SORO FOBEH,False,2,947,"[p.30] 165 KATIALI ET NIOFOIN, COMMUNES ET SOUS-PREFECTURES | RHDP | SORO FOBEH | 4605 voix | 40.09%"
165,2,6656,57.95,True,30,219.7,INDEPENDANT,SORO ZANA,INDEPENDANT,SORO ZANA,False,1,948,"[p.30] 165 KATIALI ET NIOFOIN, COMMUNES ET SOUS-PREFECTURES | INDEPENDANT | SORO ZANA | 6656 voix | 57.95% | ELU(E)"
166,1,497,6.38,False,30,239.1,INDEPENDANT,YEO YALLAMISSA,INDEPENDANT,YEO YALLAMISSA,False,3,949,"[p.30] 166 DASSOUNGBOHO ET TIORONIARADOUGOU, COMMUNES ET SOUS-PREFECTURES | INDEPENDANT | YEO YALLAMISSA | 497 voix | 6.38%"
166,2,3022,38.79,False,30,258.6,INDEPENDANT,COULIBALY DIEUDONNE NANGA,INDEPENDANT,COULIBALY DIEUDONNE NANGA,False,2,950,"[p.30] 166 DASSOUNGBOHO ET TIORONIARADOUGOU, COMMUNES ET SOUS-PREFECTURES | INDEPENDANT | COULIBALY DIEUDONNE NANGA | 3022 voix | 38.79%"
166,3,4092,52.53,True,30,277.7,RHDP,BAMBA KASSOUM,RHDP,BAMBA KASSOUM,False,1,951,"[p.30] 166 DASSOUNGBOHO ET TIORONIARADOUGOU, COMMUNES ET SOUS-PREFECTURES | RHDP | BAMBA KASSOUM | 4092 voix | 52.53% | ELU(E)"
167,1,6484,58.22,True,30,297.1,INDEPENDANT,OUATTARA ADAMA BEMITIAN,INDEPENDANT,OUATTARA ADAMA BEMITIAN,False,1,952,"[p.30] 167 KARAKORO ET KOMBORODOUGOU, COMMUNES ET SOUS-PREFECTURES | INDEPENDANT | OUATTARA ADAMA BEMITIAN | 6484 voix | 58.22% | ELU(E)"
167,2,4535,40.72,False,30,316.4,RHDP,TUO SERIBA,RHDP,TUO SERIBA,False,2,953,"[p.30] 167 KARAKORO ET KOMBORODOUGOU, COMMUNES ET SOUS-PREFECTURES | RHDP | TUO SERIBA | 4535 voix | 40.72%"
168,1,2868,23.12,False,30,335.7,INDEPENDANT,SIRIKI SEKONGO PELEMON,INDEPENDANT,SIRIKI SEKONGO PELEMON,False,2,954,"[p.30] 168 KANOROBA, NAFOUN ET SIRASSO, COMMUNES ET SOUS-PREFECTURES | INDEPENDANT | SIRIKI SEKONGO PELEMON | 2868 voix | 23.12%"
168,2,2109,17.0,False,30,355.2,INDEPENDANT,SILUE NANZOUAN PATRICE,INDEPENDANT,SILUE NANZOUAN PATRICE,False,3,955,"[p.30] 168 KANOROBA, NAFOUN ET SIRASSO, COMMUNES ET SOUS-PREFECTURES | INDEPENDANT | SILUE NANZOUAN PATRICE | 2109 voix | 17.00%"
168,3,7092,57.17,True,30,374.3,RHDP,SORO KANIGUI MAMADOU,RHDP,SORO KANIGUI MAMADOU,False,1,956,"[p.30] 168 KANOROBA, NAFOUN ET SIRASSO, COMMUNES ET SOUS-PREFECTURES | RHDP | SORO KANIGUI MAMADOU | 7092 voix | 57.17% | ELU(E)"
169,1,1568,16.96,False,30,393.6,INDEPENDANT,SORO SETIENGOLO,INDEPENDANT,SORO SETIENGOLO,False,3,957,"[p.30] 169 KIEMOU ET NAPIE, COMMUNES ET SOUS-PREFECTURES | INDEPENDANT | SORO SETIENGOLO | 1568 voix | 16.96%"
169,2,4544,49.16,True,30,413.2,RHDP,SOULEYMANE SILUE,RHDP,SOULEYMANE SILUE,False,1,958,"[p.30] 169 KIEMOU ET NAPIE, COMMUNES ET SOUS-PREFECTURES | RHDP | SOULEYMANE SILUE | 4544 voix | 49.16% | ELU(E)"
169,3,2963,32.06,False,30,432.3,INDEPENDANT,SORO PENATIRGUE,INDEPENDANT,SORO PENATIRGUE,False,2,959,"[p.30] 169 KIEMOU ET NAPIE, COMMUNES ET SOUS-PREFECTURES | INDEPENDANT | SORO PENATIRGUE | 2963 voix | 32.06%"
170,1,32981,100.0,True,30,451.4,RHDP,AMADOU COULIBALY,RHDP,AMADOU COULIBALY,False,1,960,"[p.30] 170 KOMBOLOKOURA, KONI ET LATAHA, COMMUNES ET SOUS-PREFECTURES, KORHOGO SOUS-PREFECTURE | RHDP | AMADOU COULIBALY | 32981 voix | 100.00% | ELU(E)"
171,1,141884,99.92,True,30,470.8,RHDP,UNE CÔTE D'IVOIRE EN PAIX PROSPERE ET SOLIDAIRE,RHDP,UNE COTE D IVOIRE EN PAIX PROSPERE ET SOLIDAIRE,True,1,961,"[p.30] 171 KORHOGO, VILLE | RHDP | UNE CÔTE D'IVOIRE EN PAIX PROSPERE ET SOLIDAIRE | 141884 voix | 99.92% | ELU(E)"
172,1,29514,99.96,True,30,490.1,RHDP,SARASSORO GBOROTON FIDELE,RHDP,SARASSORO GBOROTON FIDELE,False,1,962,"[p.30] 172 KAGBOLODOUGOU, SEDIOGO ET SINEMATIALI, COMMUNES ET SOUS-PREFECTURES | RHDP | SARASSORO GBOROTON FIDELE | 29514 voix | 99.96% | ELU(E)"
173,1,2038,18.85,False,30,509.6,INDEPENDANT,JEUNESSE NOUVELLE VISION,INDEPENDANT,JEUNESSE NOUVELLE VISION,True,3,963,"[p.30] 173 DOBA ET GABIADJI, COMMUNES ET SOUS-PREFECTURES, SAN PEDRO, SOUS-PREFECTURE | INDEPENDANT | JEUNESSE NOUVELLE VISION | 2038 voix | 18.85%"
173,2,415,3.84,False,30,529.1,INDEPENDANT,LA VOIX DU PAYSAN POUR UN AVENIR MEILLEUR,INDEPENDANT,LA VOIX DU PAYSAN POUR UN AVENIR MEILLEUR,True,5,964,"[p.30] 173 DOBA ET GABIADJI, COMMUNES ET SOUS-PREFECTURES, SAN PEDRO, SOUS-PREFECTURE | INDEPENDANT | LA VOIX DU PAYSAN POUR UN AVENIR MEILLEUR | 415 voix | 3.84%"
173,3,4071,37.65,True,30,548.4,RHDP,UNE COTE DIVOIRE EN PAIX PROSPERE ET SOLIDAIRE,RHDP,UNE COTE DIVOIRE EN PAIX PROSPERE ET SOLIDAIRE,True,1,965,"[p.30] 173 DOBA ET GABIADJI, COMMUNES ET SOUS-PREFECTURES, SAN PEDRO, SOUS-PREFECTURE | RHDP | UNE COTE DIVOIRE EN PAIX PROSPERE ET SOLIDAIRE | 4071 voix | 37.65% | ELU(E)"
173,4,295,2.73,False,30,567.7,INDEPENDANT,UNIS AUTOUR DUNE VISION NOUVELLE DE DEVELOPPEMENT,INDEPENDANT,UNIS AUTOUR DUNE VISION NOUVELLE DE DEVELOPPEMENT,True,6,966,"[p.30] 173 DOBA ET GABIADJI, COMMUNES ET SOUS-PREFECTURES, SAN PEDRO, SOUS-PREFECTURE | INDEPENDANT | UNIS AUTOUR DUNE VISION NOUVELLE DE DEVELOPPEMENT | 295 voix | 2.73%"
173,5,545,5.04,False,30,587.1,INDEPENDANT,ENSEMBLE POUR LE DEVELOPPEMENT DE GABIADJI DOBA,INDEPENDANT,ENSEMBLE POUR LE DEVELOPPEMENT DE GABIADJI DOBA,True,4,967,"[p.30] 173 DOBA ET GABIADJI, COMMUNES ET SOUS-PREFECTURES, SAN PEDRO, SOUS-PREFECTURE | INDEPENDANT | ENSEMBLE POUR LE DEVELOPPEMENT DE GABIADJI DOBA | 545 voix | 5.04%"
173,6,189,1.75,False,30,606.4,CODE,ENSEMBLE OSONS LE CHANGEMENT,CODE,ENSEMBLE OSONS LE CHANGEMENT,True,7,968,"[p.30] 173 DOBA ET GABIADJI, COMMUNES ET SOUS-PREFECTURES, SAN PEDRO, SOUS-PREFECTURE | CODE | ENSEMBLE OSONS LE CHANGEMENT | 189 voix | 1.75%"
173,7,3129,28.94,False,30,625.5,PDCI-RDA,TOUS ENSEMBLE POUR LA CÔTE DIVOIRE,PDCIRDA,TOUS ENSEMBLE POUR LA COTE DIVOIRE,True,2,969,"[p.30] 173 DOBA ET GABIADJI, COMMUNES ET SOUS-PREFECTURES, SAN PEDRO, SOUS-PREFECTURE | PDCI-RDA | TOUS ENSEMBLE POUR LA CÔTE DIVOIRE | 3129 voix | 28.94%"
174,1,369,4.96,False,30,644.9,INDEPENDANT,BOGA TOILY,INDEPENDANT,BOGA TOILY,False,3,970,"[p.30] 174 DOGBO ET GRAND-BEREBY, COMMUNES ET SOUS-PREFECTURES | INDEPENDANT | BOGA TOILY | 369 voix | 4.96%"
174,2,4970,66.8,True,30,664.4,RHDP,KONAN KOUAME ARMAND,RHDP,KONAN KOUAME ARMAND,False,1,971,"[p.30] 174 DOGBO ET GRAND-BEREBY, COMMUNES ET SOUS-PREFECTURES | RHDP | KONAN KOUAME ARMAND | 4970 voix | 66.80% | ELU(E)"
174,3,339,4.56,False,30,683.7,INDEPENDANT,YAO KOUAME BOB,INDEPENDANT,YAO KOUAME BOB,False,4,972,"[p.30] 174 DOGBO ET GRAND-BEREBY, COMMUNES ET SOUS-PREFECTURES | INDEPENDANT | YAO KOUAME BOB | 339 voix | 4.56%"
174,4,1713,23.02,False,30,702.8,PDCI-RDA,GNEPO TAKOUO VINCENT CHARLES,PDCIRDA,GNEPO TAKOUO VINCENT CHARLES,False,2,973,"[p.30] 174 DOGBO ET GRAND-BEREBY, COMMUNES ET SOUS-PREFECTURES | PDCI-RDA | GNEPO TAKOUO VINCENT CHARLES | 1713 voix | 23.02%"
175,1,870,3.58,False,31,65.2,INDEPENDANT,"SAN-PEDRO, VISION NOUVELLE",INDEPENDANT,SAN PEDRO VISION NOUVELLE,False,5,974,"[p.31] 175 SAN PEDRO, COMMUNE | INDEPENDANT | SAN-PEDRO, VISION NOUVELLE | 870 voix | 3.58%"
175,2,180,0.74,False,31,84.7,INDEPENDANT,VISION NOUVELLE,INDEPENDANT,VISION NOUVELLE,False,8,975,"[p.31] 175 SAN PEDRO, COMMUNE | INDEPENDANT | VISION NOUVELLE | 180 voix | 0.74%"
175,3,3813,15.69,False,31,104.0,INDEPENDANT,DEVELOPPEMENT-ESPOIR-PAIX,INDEPENDANT,DEVELOPPEMENT ESPOIR PAIX,True,3,976,"[p.31] 175 SAN PEDRO, COMMUNE | INDEPENDANT | DEVELOPPEMENT-ESPOIR-PAIX | 3813 voix | 15.69%"
175,4,12719,52.33,True,31,123.3,RHDP,"UNE COTE DIVOIRE EN PAIX , PROSPERE ET SOLIDAIRE",RHDP,UNE COTE DIVOIRE EN PAIX PROSPERE ET SOLIDAIRE,True,1,977,"[p.31] 175 SAN PEDRO, COMMUNE | RHDP | UNE COTE DIVOIRE EN PAIX , PROSPERE ET SOLIDAIRE | 12719 voix | 52.33% | ELU(E)"
175,5,3931,16.17,False,31,142.6,INDEPENDANT,PAIX ET COHESION SOCIALE,INDEPENDANT,PAIX ET COHESION SOCIALE,True,2,978,"[p.31] 175 SAN PEDRO, COMMUNE | INDEPENDANT | PAIX ET COHESION SOCIALE | 3931 voix | 16.17%"
175,6,282,1.16,False,31,162.0,INDEPENDANT,JEUNESSE ENGAGEE NATION TRANSFORMEE,INDEPENDANT,JEUNESSE ENGAGEE NATION TRANSFORMEE,True,7,979,"[p.31] 175 SAN PEDRO, COMMUNE | INDEPENDANT | JEUNESSE ENGAGEE NATION TRANSFORMEE | 282 voix | 1.16%"
175,7,411,1.69,False,31,181.3,INDEPENDANT,ENSEMBLE SAUVONS SAN-PERO,INDEPENDANT,ENSEMBLE SAUVONS SAN PERO,True,6,980,"[p.31] 175 SAN PEDRO, COMMUNE | INDEPENDANT | ENSEMBLE SAUVONS SAN-PERO | 411 voix | 1.69%"
175,8,166,0.68,False,31,200.6,CODE,"ENSEMBLE, OSONS LE CHANGEMENT",CODE,ENSEMBLE OSONS LE CHANGEMENT,True,9,981,"[p.31] 175 SAN PEDRO, COMMUNE | CODE | ENSEMBLE, OSONS LE CHANGEMENT | 166 voix | 0.68%"
175,9,1786,7.35,False,31,219.7,PDCI-RDA,TOUS ENSEMBLE POUR LA CÔTE D'IVOIRE,PDCIRDA,TOUS ENSEMBLE POUR LA COTE D IVOIRE,True,4,982,"[p.31] 175 SAN PEDRO, COMMUNE | PDCI-RDA | TOUS ENSEMBLE POUR LA CÔTE D'IVOIRE | 1786 voix | 7.35%"
176,1,3173,40.79,False,31,239.1,RHDP,KLAIBE TCHIBIO JULIEN,RHDP,KLAIBE TCHIBIO JULIEN,False,2,983,"[p.31] 176 DAPO-IBOKE, DJAMANDIOKE, OLODIO ET TABOU, COMMUNES ET SOUS-PREFECTURES | RHDP | KLAIBE TCHIBIO JULIEN | 3173 voix | 40.79%"
176,2,535,6.88,False,31,258.6,INDEPENDANT,SABOA KOFFI EDMOND,INDEPENDANT,SABOA KOFFI EDMOND,False,3,984,"[p.31] 176 DAPO-IBOKE, DJAMANDIOKE, OLODIO ET TABOU, COMMUNES ET SOUS-PREFECTURES | INDEPENDANT | SABOA KOFFI EDMOND | 535 voix | 6.88%"
176,3,69,0.89,False,31,277.9,INDEPENDANT,BAROU AFFALA ANDREA SISSIE,INDEPENDANT,BAROU AFFALA ANDREA SISSIE,False,6,985,"[p.31] 176 DAPO-IBOKE, DJAMANDIOKE, OLODIO ET TABOU, COMMUNES ET SOUS-PREFECTURES | INDEPENDANT | BAROU AFFALA ANDREA SISSIE | 69 voix | 0.89%"
176,4,147,1.89,False,31,297.2,INDEPENDANT,GNEPA HOTOH DANIEL SEVERIN,INDEPENDANT,GNEPA HOTOH DANIEL SEVERIN,False,4,986,"[p.31] 176 DAPO-IBOKE, DJAMANDIOKE, OLODIO ET TABOU, COMMUNES ET SOUS-PREFECTURES | INDEPENDANT | GNEPA HOTOH DANIEL SEVERIN | 147 voix | 1.89%"
176,5,93,1.2,False,31,316.5,FPI,HINE DADIE MARIUS,FPI,HINE DADIE MARIUS,False,5,987,"[p.31] 176 DAPO-IBOKE, DJAMANDIOKE, OLODIO ET TABOU, COMMUNES ET SOUS-PREFECTURES | FPI | HINE DADIE MARIUS | 93 voix | 1.20%"
176,6,3680,47.31,True,31,335.7,PDCI-RDA,GNEPA IROKO JOSEPH,PDCIRDA,GNEPA IROKO JOSEPH,False,1,988,"[p.31] 176 DAPO-IBOKE, DJAMANDIOKE, OLODIO ET TABOU, COMMUNES ET SOUS-PREFECTURES | PDCI-RDA | GNEPA IROKO JOSEPH | 3680 voix | 47.31% | ELU(E)"
177,1,367,8.41,False,31,355.0,INDEPENDANT,GNEPA DOUBOYOU ALASSANE,INDEPENDANT,GNEPA DOUBOYOU ALASSANE,False,4,989,"[p.31] 177 DJOUROUTOU ET GRABO, COMMUNES ET SOUS-PREFECTURES | INDEPENDANT | GNEPA DOUBOYOU ALASSANE | 367 voix | 8.41%"
177,2,2473,56.66,True,31,374.5,RHDP,COULIBALY YAYA,RHDP,COULIBALY YAYA,False,1,990,"[p.31] 177 DJOUROUTOU ET GRABO, COMMUNES ET SOUS-PREFECTURES | RHDP | COULIBALY YAYA | 2473 voix | 56.66% | ELU(E)"
177,3,727,16.66,False,31,393.8,INDEPENDANT,OUELLE IRIKA FRANCIS,INDEPENDANT,OUELLE IRIKA FRANCIS,False,3,991,"[p.31] 177 DJOUROUTOU ET GRABO, COMMUNES ET SOUS-PREFECTURES | INDEPENDANT | OUELLE IRIKA FRANCIS | 727 voix | 16.66%"
177,4,742,17.0,False,31,413.0,PDCI-RDA,EBINI WHILLIAMS TANOH,PDCIRDA,EBINI WHILLIAMS TANOH,False,2,992,"[p.31] 177 DJOUROUTOU ET GRABO, COMMUNES ET SOUS-PREFECTURES | PDCI-RDA | EBINI WHILLIAMS TANOH | 742 voix | 17.00%"
178,1,125,1.14,False,31,432.3,INDEPENDANT,MAGLOIRE KOUAO ANOMAN,INDEPENDANT,MAGLOIRE KOUAO ANOMAN,False,5,993,"[p.31] 178 ABOISSO, COMMUNE | INDEPENDANT | MAGLOIRE KOUAO ANOMAN | 125 voix | 1.14%"
178,2,368,3.37,False,31,451.8,INDEPENDANT,AKA EDJOLOHI ETIENNE,INDEPENDANT,AKA EDJOLOHI ETIENNE,False,4,994,"[p.31] 178 ABOISSO, COMMUNE | INDEPENDANT | AKA EDJOLOHI ETIENNE | 368 voix | 3.37%"
178,3,4554,41.7,False,31,471.1,RHDP,CISSE ABOUBAKARI,RHDP,CISSE ABOUBAKARI,False,2,995,"[p.31] 178 ABOISSO, COMMUNE | RHDP | CISSE ABOUBAKARI | 4554 voix | 41.70%"
178,4,788,7.21,False,31,490.4,INDEPENDANT,BANGA LOUIS PHILIPPE ARTHUR,INDEPENDANT,BANGA LOUIS PHILIPPE ARTHUR,False,3,996,"[p.31] 178 ABOISSO, COMMUNE | INDEPENDANT | BANGA LOUIS PHILIPPE ARTHUR | 788 voix | 7.21%"
178,5,5038,46.13,True,31,509.6,PDCI-RDA,N'GOUAN JEREMIE ALFRED,PDCIRDA,N GOUAN JEREMIE ALFRED,False,1,997,"[p.31] 178 ABOISSO, COMMUNE | PDCI-RDA | N'GOUAN JEREMIE ALFRED | 5038 voix | 46.13% | ELU(E)"
179,1,11268,66.42,True,31,528.9,RHDP,AKA AOUELE,RHDP,AKA AOUELE,False,1,998,"[p.31] 179 ABOISSO, SOUS-PREFECTURE, ADAOU, ADJOUAN, KOUAKRO ET MAFERE, COMMUNES ET SOUS-PREFECTURES | RHDP | AKA AOUELE | 11268 voix | 66.42% | ELU(E)"
179,2,4799,28.29,False,31,548.4,INDEPENDANT,ELIDJE ANGORA,INDEPENDANT,ELIDJE ANGORA,False,2,999,"[p.31] 179 ABOISSO, SOUS-PREFECTURE, ADAOU, ADJOUAN, KOUAKRO ET MAFERE, COMMUNES ET SOUS-PREFECTURES | INDEPENDANT | ELIDJE ANGORA | 4799 voix | 28.29%"
179,3,164,0.97,False,31,567.7,INDEPENDANT,MIEZAN AKATCHI ROGER,INDEPENDANT,MIEZAN AKATCHI ROGER,False,4,1000,"[p.31] 179 ABOISSO, SOUS-PREFECTURE, ADAOU, ADJOUAN, KOUAKRO ET MAFERE, COMMUNES ET SOUS-PREFECTURES | INDEPENDANT | MIEZAN AKATCHI ROGER | 164 voix | 0.97%"
179,4,636,3.75,False,31,586.9,PDCI-RDA,NZALASSE OUANDA FRANCIS,PDCIRDA,NZALASSE OUANDA FRANCIS,False,3,1001,"[p.31] 179 ABOISSO, SOUS-PREFECTURE, ADAOU, ADJOUAN, KOUAKRO ET MAFERE, COMMUNES ET SOUS-PREFECTURES | PDCI-RDA | NZALASSE OUANDA FRANCIS | 636 voix | 3.75%"
180,1,177,2.15,False,31,606.2,INDEPENDANT,N'GUESSAN AKA BLEDOU FIDELE,INDEPENDANT,N GUESSAN AKA BLEDOU FIDELE,False,4,1002,"[p.31] 180 AYAME, BIANOUAN ET YAOU, COMMUNES ET SOUS-PREFECTURES | INDEPENDANT | N'GUESSAN AKA BLEDOU FIDELE | 177 voix | 2.15%"
180,2,1895,23.01,False,31,625.7,INDEPENDANT,ELLOGNE EBA KOUTOUA SEVERIN CHRISTIAN,INDEPENDANT,ELLOGNE EBA KOUTOUA SEVERIN CHRISTIAN,False,3,1003,"[p.31] 180 AYAME, BIANOUAN ET YAOU, COMMUNES ET SOUS-PREFECTURES | INDEPENDANT | ELLOGNE EBA KOUTOUA SEVERIN CHRISTIAN | 1895 voix | 23.01%"
180,3,3651,44.34,True,31,645.0,RHDP,KAKOU BROU,RHDP,KAKOU BROU,False,1,1004,"[p.31] 180 AYAME, BIANOUAN ET YAOU, COMMUNES ET SOUS-PREFECTURES | RHDP | KAKOU BROU | 3651 voix | 44.34% | ELU(E)"
180,4,2460,29.88,False,31,664.2,PDCI-RDA,AMIAN MEHAD DOMINIQUE,PDCIRDA,AMIAN MEHAD DOMINIQUE,False,2,1005,"[p.31] 180 AYAME, BIANOUAN ET YAOU, COMMUNES ET SOUS-PREFECTURES | PDCI-RDA | AMIAN MEHAD DOMINIQUE | 2460 voix | 29.88%"
181,1,8047,57.95,True,31,683.5,RHDP,SIE HIEN,RHDP,SIE HIEN,False,1,1006,"[p.31] 181 ADIAKE, ASSINIE-MAFIA ET ETUEBOUE, COMMUNES ET SOUS-PREFECTURES | RHDP | SIE HIEN | 8047 voix | 57.95% | ELU(E)"
181,2,5195,37.41,False,31,703.0,INDEPENDANT,ADJE AIME,INDEPENDANT,ADJE AIME,False,2,1007,"[p.31] 181 ADIAKE, ASSINIE-MAFIA ET ETUEBOUE, COMMUNES ET SOUS-PREFECTURES | INDEPENDANT | ADJE AIME | 5195 voix | 37.41%"
181,3,32,0.23,False,31,722.3,INDEPENDANT,BAKILIS MASODA DONNALD,INDEPENDANT,BAKILIS MASODA DONNALD,False,5,1008,"[p.31] 181 ADIAKE, ASSINIE-MAFIA ET ETUEBOUE, COMMUNES ET SOUS-PREFECTURES | INDEPENDANT | BAKILIS MASODA DONNALD | 32 voix | 0.23%"
181,4,432,3.11,False,31,741.7,PDCI-RDA,KASSI EDGARD ELOH,PDCIRDA,KASSI EDGARD ELOH,False,3,1009,"[p.31] 181 ADIAKE, ASSINIE-MAFIA ET ETUEBOUE, COMMUNES ET SOUS-PREFECTURES | PDCI-RDA | KASSI EDGARD ELOH | 432 voix | 3.11%"
181,5,133,0.96,False,31,760.8,MGC,KAKOU FOBA ANTOINE,MGC,KAKOU FOBA ANTOINE,False,4,1010,"[p.31] 181 ADIAKE, ASSINIE-MAFIA ET ETUEBOUE, COMMUNES ET SOUS-PREFECTURES | MGC | KAKOU FOBA ANTOINE | 133 voix | 0.96%"
182,1,746,6.0,False,31,780.1,INDEPENDANT,KOUAME KOUASSI JEAN MICHEL,INDEPENDANT,KOUAME KOUASSI JEAN MICHEL,False,5,1011,"[p.31] 182 BONGO ET BONOUA, COMMUNES ET SOUS-PREFECTURES | INDEPENDANT | KOUAME KOUASSI JEAN MICHEL | 746 voix | 6.00%"
182,2,1033,8.3,False,31,799.6,INDEPENDANT,YAMOUSSOUN MOSSOUN CLEMENT,INDEPENDANT,YAMOUSSOUN MOSSOUN CLEMENT,False,4,1012,"[p.31] 182 BONGO ET BONOUA, COMMUNES ET SOUS-PREFECTURES | INDEPENDANT | YAMOUSSOUN MOSSOUN CLEMENT | 1033 voix | 8.30%"
182,3,1599,12.85,False,32,65.3,INDEPENDANT,MIESSAN DANIEL,INDEPENDANT,MIESSAN DANIEL,False,3,1013,"[p.32] 182 BONGO ET BONOUA, COMMUNES ET SOUS-PREFECTURES | INDEPENDANT | MIESSAN DANIEL | 1599 voix | 12.85%"
182,4,2018,16.22,False,32,84.7,RHDP,TRAORE ABDOUL AZIZ,RHDP,TRAORE ABDOUL AZIZ,False,2,1014,"[p.32] 182 BONGO ET BONOUA, COMMUNES ET SOUS-PREFECTURES | RHDP | TRAORE ABDOUL AZIZ | 2018 voix | 16.22%"
182,5,171,1.37,False,32,104.0,ADCI,BOKA ANOUMAN ANGE MICHEL,ADCI,BOKA ANOUMAN ANGE MICHEL,False,8,1015,"[p.32] 182 BONGO ET BONOUA, COMMUNES ET SOUS-PREFECTURES | ADCI | BOKA ANOUMAN ANGE MICHEL | 171 voix | 1.37%"
182,6,709,5.7,False,32,123.3,EDS,ECRA ELIDJE JOSEPH,EDS,ECRA ELIDJE JOSEPH,False,6,1016,"[p.32] 182 BONGO ET BONOUA, COMMUNES ET SOUS-PREFECTURES | EDS | ECRA ELIDJE JOSEPH | 709 voix | 5.70%"
182,7,220,1.77,False,32,142.6,INDEPENDANT,AYEMOU ABLI PATRICE,INDEPENDANT,AYEMOU ABLI PATRICE,False,7,1017,"[p.32] 182 BONGO ET BONOUA, COMMUNES ET SOUS-PREFECTURES | INDEPENDANT | AYEMOU ABLI PATRICE | 220 voix | 1.77%"
182,8,5893,47.38,True,32,161.8,PDCI-RDA,KOUA MAMAN CECILE EPOUSE ADJE,PDCIRDA,KOUA MAMAN CECILE EPOUSE ADJE,False,1,1018,"[p.32] 182 BONGO ET BONOUA, COMMUNES ET SOUS-PREFECTURES | PDCI-RDA | KOUA MAMAN CECILE EPOUSE ADJE | 5893 voix | 47.38% | ELU(E)"
183,1,594,6.11,False,32,181.1,INDEPENDANT,DA GUY RICHARD,INDEPENDANT,DA GUY RICHARD,False,4,1019,"[p.32] 183 GRAND-BASSAM, COMMUNE ET SOUS-PREFECTURE | INDEPENDANT | DA GUY RICHARD | 594 voix | 6.11%"
183,2,239,2.46,False,32,200.6,INDEPENDANT,SYLLA IBRAHIM,INDEPENDANT,SYLLA IBRAHIM,False,5,1020,"[p.32] 183 GRAND-BASSAM, COMMUNE ET SOUS-PREFECTURE | INDEPENDANT | SYLLA IBRAHIM | 239 voix | 2.46%"
183,3,164,1.69,False,32,219.9,INDEPENDANT,BONI KOFFI MICHEL,INDEPENDANT,BONI KOFFI MICHEL,False,6,1021,"[p.32] 183 GRAND-BASSAM, COMMUNE ET SOUS-PREFECTURE | INDEPENDANT | BONI KOFFI MICHEL | 164 voix | 1.69%"
183,4,5036,51.83,True,32,239.2,RHDP,COULIBALY SERIBA,RHDP,COULIBALY SERIBA,False,1,1022,"[p.32] 183 GRAND-BASSAM, COMMUNE ET SOUS-PREFECTURE | RHDP | COULIBALY SERIBA | 5036 voix | 51.83% | ELU(E)"
183,5,98,1.01,False,32,258.6,INDEPENDANT,YAO RENE KOUAKOU,INDEPENDANT,YAO RENE KOUAKOU,False,7,1023,"[p.32] 183 GRAND-BASSAM, COMMUNE ET SOUS-PREFECTURE | INDEPENDANT | YAO RENE KOUAKOU | 98 voix | 1.01%"
183,6,774,7.97,False,32,277.9,INDEPENDANT,LOUA NYELEKE FELIX,INDEPENDANT,LOUA NYELEKE FELIX,False,3,1024,"[p.32] 183 GRAND-BASSAM, COMMUNE ET SOUS-PREFECTURE | INDEPENDANT | LOUA NYELEKE FELIX | 774 voix | 7.97%"
183,7,2719,27.98,False,32,297.0,PDCI-RDA - EDS,OUEGNIN GEORGES ARMAND ALEXIS,PDCIRDAEDS,OUEGNIN GEORGES ARMAND ALEXIS,False,2,1025,"[p.32] 183 GRAND-BASSAM, COMMUNE ET SOUS-PREFECTURE | PDCI-RDA - EDS | OUEGNIN GEORGES ARMAND ALEXIS | 2719 voix | 27.98%"
184,1,2933,37.9,False,32,316.4,RHDP,BAKARY KAMARA,RHDP,BAKARY KAMARA,False,2,1026,"[p.32] 184 NOE, NOUAMOU ET TIAPOUM, COMMUNES ET SOUS-PREFECTURES | RHDP | BAKARY KAMARA | 2933 voix | 37.90%"
184,2,3360,43.42,True,32,335.9,INDEPENDANT,SANGARE ISSA,INDEPENDANT,SANGARE ISSA,False,1,1027,"[p.32] 184 NOE, NOUAMOU ET TIAPOUM, COMMUNES ET SOUS-PREFECTURES | INDEPENDANT | SANGARE ISSA | 3360 voix | 43.42% | ELU(E)"
184,3,740,9.56,False,32,355.2,INDEPENDANT,ANDI ADOUALOU ROLAND,INDEPENDANT,ANDI ADOUALOU ROLAND,False,3,1028,"[p.32] 184 NOE, NOUAMOU ET TIAPOUM, COMMUNES ET SOUS-PREFECTURES | INDEPENDANT | ANDI ADOUALOU ROLAND | 740 voix | 9.56%"
184,4,522,6.75,False,32,374.5,INDEPENDANT,KONATE SEYDOU,INDEPENDANT,KONATE SEYDOU,False,4,1029,"[p.32] 184 NOE, NOUAMOU ET TIAPOUM, COMMUNES ET SOUS-PREFECTURES | INDEPENDANT | KONATE SEYDOU | 522 voix | 6.75%"
184,5,103,1.33,False,32,393.8,INDEPENDANT,DONGO ABDOUL FATAOU,INDEPENDANT,DONGO ABDOUL FATAOU,False,5,1030,"[p.32] 184 NOE, NOUAMOU ET TIAPOUM, COMMUNES ET SOUS-PREFECTURES | INDEPENDANT | DONGO ABDOUL FATAOU | 103 voix | 1.33%"
184,6,39,0.5,False,32,413.0,ADCI,SOBO ELIAMON N'HINZAN,ADCI,SOBO ELIAMON N HINZAN,False,6,1031,"[p.32] 184 NOE, NOUAMOU ET TIAPOUM, COMMUNES ET SOUS-PREFECTURES | ADCI | SOBO ELIAMON N'HINZAN | 39 voix | 0.50%"
185,1,23614,99.95,True,32,432.1,RHDP,"UNE COTE DIVOIRE EN PAIX, PROSPERE ET SOLIDAIRE",RHDP,UNE COTE DIVOIRE EN PAIX PROSPERE ET SOLIDAIRE,True,1,1032,"[p.32] 185 BILIMONO, KONG ET SIKOLO, COMMUNES ET SOUS-PREFECTURES | RHDP | UNE COTE DIVOIRE EN PAIX, PROSPERE ET SOLIDAIRE | 23614 voix | 99.95% | ELU(E)"
186,1,1781,14.32,False,32,451.6,INDEPENDANT,SANOGO MASSANPIENWORO SEYDOU,INDEPENDANT,SANOGO MASSANPIENWORO SEYDOU,False,2,1033,"[p.32] 186 FERKESSEDOUGOU, COMMUNE | INDEPENDANT | SANOGO MASSANPIENWORO SEYDOU | 1781 voix | 14.32%"
186,2,10575,85.04,True,32,470.9,RHDP,KONE LASSINA,RHDP,KONE LASSINA,False,1,1034,"[p.32] 186 FERKESSEDOUGOU, COMMUNE | RHDP | KONE LASSINA | 10575 voix | 85.04% | ELU(E)"
187,1,26343,99.69,True,32,490.1,RHDP,SILUE GNENEYERI JACQUES,RHDP,SILUE GNENEYERI JACQUES,False,1,1035,"[p.32] 187 FERKESSEDOUGOU, SOUS PREFECTURE, KOUMBALA ET TOGONIERE, COMMUNES ET SOUS-PREFECTURES | RHDP | SILUE GNENEYERI JACQUES | 26343 voix | 99.69% | ELU(E)"
188,1,40406,99.79,True,32,509.4,RHDP,SANOGO MAMADOU,RHDP,SANOGO MAMADOU,False,1,1036,"[p.32] 188 DIAWALA, NIELLE, ET TOUMOUKRO, COMMUNES ET SOUS-PREFECTURES | RHDP | SANOGO MAMADOU | 40406 voix | 99.79% | ELU(E)"
189,1,19046,99.27,True,32,528.7,RHDP,TRAORE DRISSA,RHDP,TRAORE DRISSA,False,1,1037,"[p.32] 189 KAOUARA ET OUANGOLODOUGOU, COMMUNES ET SOUS-PREFECTURES | RHDP | TRAORE DRISSA | 19046 voix | 99.27% | ELU(E)"
190,1,1401,9.53,False,32,548.2,INDEPENDANT,GBOGBO KANDO,INDEPENDANT,GBOGBO KANDO,False,3,1038,"[p.32] 190 BIANKOUMA, BLAPLEU, KPATA ET SANTA, COMMUNES ET SOUS-PREFECTURES | INDEPENDANT | GBOGBO KANDO | 1401 voix | 9.53%"
190,2,11734,79.84,True,32,567.7,RHDP,GUEI SINGA MIREILLE CHANTAL,RHDP,GUEI SINGA MIREILLE CHANTAL,False,1,1039,"[p.32] 190 BIANKOUMA, BLAPLEU, KPATA ET SANTA, COMMUNES ET SOUS-PREFECTURES | RHDP | GUEI SINGA MIREILLE CHANTAL | 11734 voix | 79.84% | ELU(E)"
190,3,1412,9.61,False,32,586.9,PDCI-RDA,SOUMAHORO DJENEBA,PDCIRDA,SOUMAHORO DJENEBA,False,2,1040,"[p.32] 190 BIANKOUMA, BLAPLEU, KPATA ET SANTA, COMMUNES ET SOUS-PREFECTURES | PDCI-RDA | SOUMAHORO DJENEBA | 1412 voix | 9.61%"
191,1,3693,50.24,True,32,606.2,RHDP,WOI MELA GASTON AIME,RHDP,WOI MELA GASTON AIME,False,1,1041,"[p.32] 191 GBANGBEGOUINE, GBONNE ET GOUINE, COMMUNES ET SOUS-PREFECTURES | RHDP | WOI MELA GASTON AIME | 3693 voix | 50.24% | ELU(E)"
191,2,415,5.65,False,32,625.7,INDEPENDANT,GUEI SONGUY NDONKA EVRARD,INDEPENDANT,GUEI SONGUY NDONKA EVRARD,False,4,1042,"[p.32] 191 GBANGBEGOUINE, GBONNE ET GOUINE, COMMUNES ET SOUS-PREFECTURES | INDEPENDANT | GUEI SONGUY NDONKA EVRARD | 415 voix | 5.65%"
191,3,2276,30.97,False,32,645.0,INDEPENDANT,DRO BAUDOUIN WILFRIED,INDEPENDANT,DRO BAUDOUIN WILFRIED,False,2,1043,"[p.32] 191 GBANGBEGOUINE, GBONNE ET GOUINE, COMMUNES ET SOUS-PREFECTURES | INDEPENDANT | DRO BAUDOUIN WILFRIED | 2276 voix | 30.97%"
191,4,119,1.62,False,32,664.4,INDEPENDANT,VEHI ALPHONSE,INDEPENDANT,VEHI ALPHONSE,False,6,1044,"[p.32] 191 GBANGBEGOUINE, GBONNE ET GOUINE, COMMUNES ET SOUS-PREFECTURES | INDEPENDANT | VEHI ALPHONSE | 119 voix | 1.62%"
191,5,467,6.35,False,32,683.7,FPI,GOUE JULES,FPI,GOUE JULES,False,3,1045,"[p.32] 191 GBANGBEGOUINE, GBONNE ET GOUINE, COMMUNES ET SOUS-PREFECTURES | FPI | GOUE JULES | 467 voix | 6.35%"
191,6,182,2.48,False,32,703.0,INDEPENDANT,BLE HUYO KANO,INDEPENDANT,BLE HUYO KANO,False,5,1046,"[p.32] 191 GBANGBEGOUINE, GBONNE ET GOUINE, COMMUNES ET SOUS-PREFECTURES | INDEPENDANT | BLE HUYO KANO | 182 voix | 2.48%"
191,7,104,1.41,False,32,722.1,INDEPENDANT,ZOH ZRANWE JEAN YVES,INDEPENDANT,ZOH ZRANWE JEAN YVES,False,7,1047,"[p.32] 191 GBANGBEGOUINE, GBONNE ET GOUINE, COMMUNES ET SOUS-PREFECTURES | INDEPENDANT | ZOH ZRANWE JEAN YVES | 104 voix | 1.41%"
192,1,1865,28.67,True,33,65.2,INDEPENDANT,DIOMANDE DRO JOEL,INDEPENDANT,DIOMANDE DRO JOEL,False,1,1048,"[p.33] 192 SIPILOU ET YORODOUGOU, COMMUNES ET SOUS-PREFECTURES | INDEPENDANT | DIOMANDE DRO JOEL | 1865 voix | 28.67% | ELU(E)"
192,2,690,10.61,False,33,84.7,INDEPENDANT,KEITA ADAMA,INDEPENDANT,KEITA ADAMA,False,4,1049,"[p.33] 192 SIPILOU ET YORODOUGOU, COMMUNES ET SOUS-PREFECTURES | INDEPENDANT | KEITA ADAMA | 690 voix | 10.61%"
192,3,1570,24.14,False,33,104.0,INDEPENDANT,DIOMANDE JEAN-LOUTY,INDEPENDANT,DIOMANDE JEAN LOUTY,False,3,1050,"[p.33] 192 SIPILOU ET YORODOUGOU, COMMUNES ET SOUS-PREFECTURES | INDEPENDANT | DIOMANDE JEAN-LOUTY | 1570 voix | 24.14%"
192,4,1667,25.63,False,33,123.3,RHDP,TOKPA MANINGA,RHDP,TOKPA MANINGA,False,2,1051,"[p.33] 192 SIPILOU ET YORODOUGOU, COMMUNES ET SOUS-PREFECTURES | RHDP | TOKPA MANINGA | 1667 voix | 25.63%"
192,5,118,1.81,False,33,142.6,INDEPENDANT,SOPOUDEU ONGNEU SOLANGE,INDEPENDANT,SOPOUDEU ONGNEU SOLANGE,False,7,1052,"[p.33] 192 SIPILOU ET YORODOUGOU, COMMUNES ET SOUS-PREFECTURES | INDEPENDANT | SOPOUDEU ONGNEU SOLANGE | 118 voix | 1.81%"
192,6,311,4.78,False,33,162.0,INDEPENDANT,LOTTRO SABIAN VALLEY MINSOU,INDEPENDANT,LOTTRO SABIAN VALLEY MINSOU,False,5,1053,"[p.33] 192 SIPILOU ET YORODOUGOU, COMMUNES ET SOUS-PREFECTURES | INDEPENDANT | LOTTRO SABIAN VALLEY MINSOU | 311 voix | 4.78%"
192,7,195,3.0,False,33,181.1,INDEPENDANT,YORO LOUTY REBECCA,INDEPENDANT,YORO LOUTY REBECCA,False,6,1054,"[p.33] 192 SIPILOU ET YORODOUGOU, COMMUNES ET SOUS-PREFECTURES | INDEPENDANT | YORO LOUTY REBECCA | 195 voix | 3.00%"
193,1,6685,37.38,True,33,200.4,INDEPENDANT,AGIR ENSEMBLE POUR LE NIMBA,INDEPENDANT,AGIR ENSEMBLE POUR LE NIMBA,True,1,1055,"[p.33] 193 DALEU, DANANE, GBON-HOUYE, KOUAN-HOULE ET SEILEU, COMMUNES ET SOUS-PREFECTURES | INDEPENDANT | AGIR ENSEMBLE POUR LE NIMBA | 6685 voix | 37.38% | ELU(E)"
193,2,721,4.03,False,33,219.9,INDEPENDANT,TRAVAILLONS POUR BATIR DANANE,INDEPENDANT,TRAVAILLONS POUR BATIR DANANE,True,6,1056,"[p.33] 193 DALEU, DANANE, GBON-HOUYE, KOUAN-HOULE ET SEILEU, COMMUNES ET SOUS-PREFECTURES | INDEPENDANT | TRAVAILLONS POUR BATIR DANANE | 721 voix | 4.03%"
193,3,729,4.08,False,33,239.2,INDEPENDANT,ACTION SOLIDARITE POUR DANANE,INDEPENDANT,ACTION SOLIDARITE POUR DANANE,True,5,1057,"[p.33] 193 DALEU, DANANE, GBON-HOUYE, KOUAN-HOULE ET SEILEU, COMMUNES ET SOUS-PREFECTURES | INDEPENDANT | ACTION SOLIDARITE POUR DANANE | 729 voix | 4.08%"
193,4,2283,12.77,False,33,258.6,INDEPENDANT,ENSEMBLE POUR LE DEVELOPPEMENT DE DANANE,INDEPENDANT,ENSEMBLE POUR LE DEVELOPPEMENT DE DANANE,True,3,1058,"[p.33] 193 DALEU, DANANE, GBON-HOUYE, KOUAN-HOULE ET SEILEU, COMMUNES ET SOUS-PREFECTURES | INDEPENDANT | ENSEMBLE POUR LE DEVELOPPEMENT DE DANANE | 2283 voix | 12.77%"
193,5,5597,31.3,False,33,277.9,RHDP,"UNE COTE DIVOIRE EN PAIX, PROSPERE ET SOLIDAIRE",RHDP,UNE COTE DIVOIRE EN PAIX PROSPERE ET SOLIDAIRE,True,2,1059,"[p.33] 193 DALEU, DANANE, GBON-HOUYE, KOUAN-HOULE ET SEILEU, COMMUNES ET SOUS-PREFECTURES | RHDP | UNE COTE DIVOIRE EN PAIX, PROSPERE ET SOLIDAIRE | 5597 voix | 31.30%"
193,6,672,3.76,False,33,297.2,INDEPENDANT,LA JEUNESSE DEBOUT POUR LE DEVELOPPEMENT,INDEPENDANT,LA JEUNESSE DEBOUT POUR LE DEVELOPPEMENT,True,7,1060,"[p.33] 193 DALEU, DANANE, GBON-HOUYE, KOUAN-HOULE ET SEILEU, COMMUNES ET SOUS-PREFECTURES | INDEPENDANT | LA JEUNESSE DEBOUT POUR LE DEVELOPPEMENT | 672 voix | 3.76%"
193,7,108,0.6,False,33,316.5,INDEPENDANT,AIDONS NOS PARENTS,INDEPENDANT,AIDONS NOS PARENTS,True,8,1061,"[p.33] 193 DALEU, DANANE, GBON-HOUYE, KOUAN-HOULE ET SEILEU, COMMUNES ET SOUS-PREFECTURES | INDEPENDANT | AIDONS NOS PARENTS | 108 voix | 0.60%"
193,8,882,4.93,False,33,335.7,PDCI-RDA,TOUS ENSEMBLE POUR LA CÔTE D'IVOIRE,PDCIRDA,TOUS ENSEMBLE POUR LA COTE D IVOIRE,True,4,1062,"[p.33] 193 DALEU, DANANE, GBON-HOUYE, KOUAN-HOULE ET SEILEU, COMMUNES ET SOUS-PREFECTURES | PDCI-RDA | TOUS ENSEMBLE POUR LA CÔTE D'IVOIRE | 882 voix | 4.93%"
194,1,1664,20.48,False,33,355.0,INDEPENDANT,TOGON OULEI PIERRE,INDEPENDANT,TOGON OULEI PIERRE,False,2,1063,"[p.33] 194 MAHAPLEU ET ZONNEU, COMMUNES ET SOUS-PREFECTURES | INDEPENDANT | TOGON OULEI PIERRE | 1664 voix | 20.48%"
194,2,340,4.18,False,33,374.5,INDEPENDANT,TIA GOUET BLAISE,INDEPENDANT,TIA GOUET BLAISE,False,5,1064,"[p.33] 194 MAHAPLEU ET ZONNEU, COMMUNES ET SOUS-PREFECTURES | INDEPENDANT | TIA GOUET BLAISE | 340 voix | 4.18%"
194,3,1387,17.07,False,33,393.8,INDEPENDANT,GOUET CHARLEMAGNE,INDEPENDANT,GOUET CHARLEMAGNE,False,3,1065,"[p.33] 194 MAHAPLEU ET ZONNEU, COMMUNES ET SOUS-PREFECTURES | INDEPENDANT | GOUET CHARLEMAGNE | 1387 voix | 17.07%"
194,4,1295,15.94,False,33,413.2,INDEPENDANT,GOMUN DOH EMILE CHARLES LEA,INDEPENDANT,GOMUN DOH EMILE CHARLES LEA,False,4,1066,"[p.33] 194 MAHAPLEU ET ZONNEU, COMMUNES ET SOUS-PREFECTURES | INDEPENDANT | GOMUN DOH EMILE CHARLES LEA | 1295 voix | 15.94%"
194,5,3138,38.62,True,33,432.5,RHDP,KEGBAN KEGBAN BERNARD,RHDP,KEGBAN KEGBAN BERNARD,False,1,1067,"[p.33] 194 MAHAPLEU ET ZONNEU, COMMUNES ET SOUS-PREFECTURES | RHDP | KEGBAN KEGBAN BERNARD | 3138 voix | 38.62% | ELU(E)"
194,6,68,0.84,False,33,451.8,INDEPENDANT,TIA SEUNA ANGELINE,INDEPENDANT,TIA SEUNA ANGELINE,False,7,1068,"[p.33] 194 MAHAPLEU ET ZONNEU, COMMUNES ET SOUS-PREFECTURES | INDEPENDANT | TIA SEUNA ANGELINE | 68 voix | 0.84%"
194,7,90,1.11,False,33,471.1,INDEPENDANT,DOUMBOUYA MOUHAMED,INDEPENDANT,DOUMBOUYA MOUHAMED,False,6,1069,"[p.33] 194 MAHAPLEU ET ZONNEU, COMMUNES ET SOUS-PREFECTURES | INDEPENDANT | DOUMBOUYA MOUHAMED | 90 voix | 1.11%"
194,8,36,0.44,False,33,490.3,INDEPENDANT,SREU ZOTAHON CYPRIEN,INDEPENDANT,SREU ZOTAHON CYPRIEN,False,8,1070,"[p.33] 194 MAHAPLEU ET ZONNEU, COMMUNES ET SOUS-PREFECTURES | INDEPENDANT | SREU ZOTAHON CYPRIEN | 36 voix | 0.44%"
195,1,516,6.46,False,33,509.6,INDEPENDANT,SADIA KOUI SALOMON,INDEPENDANT,SADIA KOUI SALOMON,False,5,1071,"[p.33] 195 BOGOUINE, LOGOUALE, YAPLEU ET ZIOGOUINE, COMMUNES ET SOUS-PREFECTURES | INDEPENDANT | SADIA KOUI SALOMON | 516 voix | 6.46%"
195,2,881,11.03,False,33,529.1,INDEPENDANT,DION NESTOR,INDEPENDANT,DION NESTOR,False,3,1072,"[p.33] 195 BOGOUINE, LOGOUALE, YAPLEU ET ZIOGOUINE, COMMUNES ET SOUS-PREFECTURES | INDEPENDANT | DION NESTOR | 881 voix | 11.03%"
195,3,2681,33.58,True,33,548.4,INDEPENDANT,OUEHI FEH BIAYO GISELE EPSE KOFFI,INDEPENDANT,OUEHI FEH BIAYO GISELE EPSE KOFFI,False,1,1073,"[p.33] 195 BOGOUINE, LOGOUALE, YAPLEU ET ZIOGOUINE, COMMUNES ET SOUS-PREFECTURES | INDEPENDANT | OUEHI FEH BIAYO GISELE EPSE KOFFI | 2681 voix | 33.58% | ELU(E)"
195,4,570,7.14,False,33,567.7,INDEPENDANT,YAKE EVARISTE,INDEPENDANT,YAKE EVARISTE,False,4,1074,"[p.33] 195 BOGOUINE, LOGOUALE, YAPLEU ET ZIOGOUINE, COMMUNES ET SOUS-PREFECTURES | INDEPENDANT | YAKE EVARISTE | 570 voix | 7.14%"
195,5,443,5.55,False,33,587.1,INDEPENDANT,HONGNIN EVARISTE,INDEPENDANT,HONGNIN EVARISTE,False,6,1075,"[p.33] 195 BOGOUINE, LOGOUALE, YAPLEU ET ZIOGOUINE, COMMUNES ET SOUS-PREFECTURES | INDEPENDANT | HONGNIN EVARISTE | 443 voix | 5.55%"
195,6,2339,29.3,False,33,606.4,RHDP,SERY PASCAL,RHDP,SERY PASCAL,False,2,1076,"[p.33] 195 BOGOUINE, LOGOUALE, YAPLEU ET ZIOGOUINE, COMMUNES ET SOUS-PREFECTURES | RHDP | SERY PASCAL | 2339 voix | 29.30%"
195,7,286,3.58,False,33,625.7,INDEPENDANT,BLY SEMONDA GISELE,INDEPENDANT,BLY SEMONDA GISELE,False,7,1077,"[p.33] 195 BOGOUINE, LOGOUALE, YAPLEU ET ZIOGOUINE, COMMUNES ET SOUS-PREFECTURES | INDEPENDANT | BLY SEMONDA GISELE | 286 voix | 3.58%"
195,8,66,0.83,False,33,645.0,INDEPENDANT,SIABA ANTOINE-CONSTANT,INDEPENDANT,SIABA ANTOINE CONSTANT,False,9,1078,"[p.33] 195 BOGOUINE, LOGOUALE, YAPLEU ET ZIOGOUINE, COMMUNES ET SOUS-PREFECTURES | INDEPENDANT | SIABA ANTOINE-CONSTANT | 66 voix | 0.83%"
195,9,124,1.55,False,33,664.2,PDCI-RDA,DAN GONSAN CHARLES VALENTINI,PDCIRDA,DAN GONSAN CHARLES VALENTINI,False,8,1079,"[p.33] 195 BOGOUINE, LOGOUALE, YAPLEU ET ZIOGOUINE, COMMUNES ET SOUS-PREFECTURES | PDCI-RDA | DAN GONSAN CHARLES VALENTINI | 124 voix | 1.55%"
196,1,5002,29.43,False,34,65.2,INDEPENDANT,YAKE GONDO ALFRED,INDEPENDANT,YAKE GONDO ALFRED,False,2,1080,"[p.34] 196 FAGNAMPLEU, GBANGBEGOUINE-YATI, PODIAGOUINE, SANDOUGOU-SOBA, SANGOUINE ET ZAGOUE, COMMUNES ET SOUS-PREFECTURES, MAN, SOUS-PREFECTURE | INDEPENDANT | YAKE GONDO ALFRED | 5002 voix | 29.43%"
196,2,457,2.69,False,34,84.7,INDEPENDANT,BLEU SOLO MEXIMINE,INDEPENDANT,BLEU SOLO MEXIMINE,False,5,1081,"[p.34] 196 FAGNAMPLEU, GBANGBEGOUINE-YATI, PODIAGOUINE, SANDOUGOU-SOBA, SANGOUINE ET ZAGOUE, COMMUNES ET SOUS-PREFECTURES, MAN, SOUS-PREFECTURE | INDEPENDANT | BLEU SOLO MEXIMINE | 457 voix | 2.69%"
196,3,772,4.54,False,34,104.0,INDEPENDANT,MAHAN DETOH TIA ARMAND,INDEPENDANT,MAHAN DETOH TIA ARMAND,False,4,1082,"[p.34] 196 FAGNAMPLEU, GBANGBEGOUINE-YATI, PODIAGOUINE, SANDOUGOU-SOBA, SANGOUINE ET ZAGOUE, COMMUNES ET SOUS-PREFECTURES, MAN, SOUS-PREFECTURE | INDEPENDANT | MAHAN DETOH TIA ARMAND | 772 voix | 4.54%"
196,4,5634,33.15,True,34,123.3,RHDP,DION REMI,RHDP,DION REMI,False,1,1083,"[p.34] 196 FAGNAMPLEU, GBANGBEGOUINE-YATI, PODIAGOUINE, SANDOUGOU-SOBA, SANGOUINE ET ZAGOUE, COMMUNES ET SOUS-PREFECTURES, MAN, SOUS-PREFECTURE | RHDP | DION REMI | 5634 voix | 33.15% | ELU(E)"
196,5,455,2.68,False,34,142.6,INDEPENDANT,GOGBEU MAMADOU,INDEPENDANT,GOGBEU MAMADOU,False,6,1084,"[p.34] 196 FAGNAMPLEU, GBANGBEGOUINE-YATI, PODIAGOUINE, SANDOUGOU-SOBA, SANGOUINE ET ZAGOUE, COMMUNES ET SOUS-PREFECTURES, MAN, SOUS-PREFECTURE | INDEPENDANT | GOGBEU MAMADOU | 455 voix | 2.68%"
196,6,191,1.12,False,34,162.0,GP-PAIX,BONTA GOUE FERNAND,GPPAIX,BONTA GOUE FERNAND,False,7,1085,"[p.34] 196 FAGNAMPLEU, GBANGBEGOUINE-YATI, PODIAGOUINE, SANDOUGOU-SOBA, SANGOUINE ET ZAGOUE, COMMUNES ET SOUS-PREFECTURES, MAN, SOUS-PREFECTURE | GP-PAIX | BONTA GOUE FERNAND | 191 voix | 1.12%"
196,7,179,1.05,False,34,181.3,MIRDEP,GUE LIAN VICTOR,MIRDEP,GUE LIAN VICTOR,False,8,1086,"[p.34] 196 FAGNAMPLEU, GBANGBEGOUINE-YATI, PODIAGOUINE, SANDOUGOU-SOBA, SANGOUINE ET ZAGOUE, COMMUNES ET SOUS-PREFECTURES, MAN, SOUS-PREFECTURE | MIRDEP | GUE LIAN VICTOR | 179 voix | 1.05%"
196,8,154,0.91,False,34,200.6,INDEPENDANT,MOMINE YAOUE ALEXIS,INDEPENDANT,MOMINE YAOUE ALEXIS,False,9,1087,"[p.34] 196 FAGNAMPLEU, GBANGBEGOUINE-YATI, PODIAGOUINE, SANDOUGOU-SOBA, SANGOUINE ET ZAGOUE, COMMUNES ET SOUS-PREFECTURES, MAN, SOUS-PREFECTURE | INDEPENDANT | MOMINE YAOUE ALEXIS | 154 voix | 0.91%"
196,9,3909,23.0,False,34,219.7,FPI,SIA ANDRE,FPI,SIA ANDRE,False,3,1088,"[p.34] 196 FAGNAMPLEU, GBANGBEGOUINE-YATI, PODIAGOUINE, SANDOUGOU-SOBA, SANGOUINE ET ZAGOUE, COMMUNES ET SOUS-PREFECTURES, MAN, SOUS-PREFECTURE | FPI | SIA ANDRE | 3909 voix | 23.00%"
197,1,8117,36.97,False,34,239.1,INDEPENDANT,ENSEMBLE POUR MAN,INDEPENDANT,ENSEMBLE POUR MAN,True,2,1089,"[p.34] 197 MAN, COMMUNE | INDEPENDANT | ENSEMBLE POUR MAN | 8117 voix | 36.97%"
197,2,326,1.48,False,34,258.6,INDEPENDANT,TOUS POUR LE CHANGEMENT,INDEPENDANT,TOUS POUR LE CHANGEMENT,True,3,1090,"[p.34] 197 MAN, COMMUNE | INDEPENDANT | TOUS POUR LE CHANGEMENT | 326 voix | 1.48%"
197,3,13382,60.96,True,34,277.7,RHDP,"UNE COTE DIVOIRE EN PAIX, PROSPERE ET SOLIDAIRE",RHDP,UNE COTE DIVOIRE EN PAIX PROSPERE ET SOLIDAIRE,True,1,1091,"[p.34] 197 MAN, COMMUNE | RHDP | UNE COTE DIVOIRE EN PAIX, PROSPERE ET SOLIDAIRE | 13382 voix | 60.96% | ELU(E)"
198,1,11051,85.16,True,34,297.1,RHDP,MABRI TOIKEUSSE ALBERT ABDALLAH,RHDP,MABRI TOIKEUSSE ALBERT ABDALLAH,False,1,1092,"[p.34] 198 BANNEU, TEAPLEU, YELLEU ET ZOUAN-HOUNIEN, COMMUNES ET SOUS-PREFECTURES | RHDP | MABRI TOIKEUSSE ALBERT ABDALLAH | 11051 voix | 85.16% | ELU(E)"
198,2,575,4.43,False,34,316.5,INDEPENDANT,WONDIE KEBA DANIEL,INDEPENDANT,WONDIE KEBA DANIEL,False,3,1093,"[p.34] 198 BANNEU, TEAPLEU, YELLEU ET ZOUAN-HOUNIEN, COMMUNES ET SOUS-PREFECTURES | INDEPENDANT | WONDIE KEBA DANIEL | 575 voix | 4.43%"
198,3,154,1.19,False,34,335.9,CODE,GOUANDAI MAHAN BARTHELEMY,CODE,GOUANDAI MAHAN BARTHELEMY,False,4,1094,"[p.34] 198 BANNEU, TEAPLEU, YELLEU ET ZOUAN-HOUNIEN, COMMUNES ET SOUS-PREFECTURES | CODE | GOUANDAI MAHAN BARTHELEMY | 154 voix | 1.19%"
198,4,1033,7.96,False,34,355.0,PDCI-RDA,PEHE TOUHOUEGBEU KEVIN,PDCIRDA,PEHE TOUHOUEGBEU KEVIN,False,2,1095,"[p.34] 198 BANNEU, TEAPLEU, YELLEU ET ZOUAN-HOUNIEN, COMMUNES ET SOUS-PREFECTURES | PDCI-RDA | PEHE TOUHOUEGBEU KEVIN | 1033 voix | 7.96%"
199,1,1819,24.37,True,34,374.3,RHDP,KOKOUSSEU TOMIN ALEXIS,RHDP,KOKOUSSEU TOMIN ALEXIS,False,1,1096,"[p.34] 199 BIN-HOUYE ET GOULALEU, COMMUNES ET SOUS-PREFECTURES | RHDP | KOKOUSSEU TOMIN ALEXIS | 1819 voix | 24.37% | ELU(E)"
199,2,1618,21.68,False,34,393.8,INDEPENDANT,GUEI DANIN MAGLOIRE,INDEPENDANT,GUEI DANIN MAGLOIRE,False,2,1097,"[p.34] 199 BIN-HOUYE ET GOULALEU, COMMUNES ET SOUS-PREFECTURES | INDEPENDANT | GUEI DANIN MAGLOIRE | 1618 voix | 21.68%"
199,3,1509,20.22,False,34,413.2,INDEPENDANT,GONGBE DOUO MACAIRE,INDEPENDANT,GONGBE DOUO MACAIRE,False,3,1098,"[p.34] 199 BIN-HOUYE ET GOULALEU, COMMUNES ET SOUS-PREFECTURES | INDEPENDANT | GONGBE DOUO MACAIRE | 1509 voix | 20.22%"
199,4,1102,14.77,False,34,432.5,INDEPENDANT,DIKO YAKEUSSEU HERBERT,INDEPENDANT,DIKO YAKEUSSEU HERBERT,False,5,1099,"[p.34] 199 BIN-HOUYE ET GOULALEU, COMMUNES ET SOUS-PREFECTURES | INDEPENDANT | DIKO YAKEUSSEU HERBERT | 1102 voix | 14.77%"
199,5,1335,17.89,False,34,451.6,PDCI-RDA,DIGONLA KEULEGBE IRENE,PDCIRDA,DIGONLA KEULEGBE IRENE,False,4,1100,"[p.34] 199 BIN-HOUYE ET GOULALEU, COMMUNES ET SOUS-PREFECTURES | PDCI-RDA | DIGONLA KEULEGBE IRENE | 1335 voix | 17.89%"
200,1,2605,19.61,False,34,470.9,INDEPENDANT,DOUMBIA YACOUBOU AHMED,INDEPENDANT,DOUMBIA YACOUBOU AHMED,False,2,1101,"[p.34] 200 DJIBROSSO, FADIADOUGOU ET MORONDO, COMMUNES ET SOUS-PREFECTURES | INDEPENDANT | DOUMBIA YACOUBOU AHMED | 2605 voix | 19.61%"
200,2,10470,78.82,True,34,490.3,RHDP,KONE ABOUBACAR SIDIKI,RHDP,KONE ABOUBACAR SIDIKI,False,1,1102,"[p.34] 200 DJIBROSSO, FADIADOUGOU ET MORONDO, COMMUNES ET SOUS-PREFECTURES | RHDP | KONE ABOUBACAR SIDIKI | 10470 voix | 78.82% | ELU(E)"
201,1,202,2.7,False,34,509.6,INDEPENDANT,YACOUBA MEITE,INDEPENDANT,YACOUBA MEITE,False,4,1103,"[p.34] 201 KANI, COMMUNE ET SOUS-PREFECTURE | INDEPENDANT | YACOUBA MEITE | 202 voix | 2.70%"
201,2,4329,57.89,True,34,529.1,INDEPENDANT,MEITE YAYA,INDEPENDANT,MEITE YAYA,False,1,1104,"[p.34] 201 KANI, COMMUNE ET SOUS-PREFECTURE | INDEPENDANT | MEITE YAYA | 4329 voix | 57.89% | ELU(E)"
201,3,2530,33.83,False,34,548.4,RHDP,MEITE BEN ABDOULAYE,RHDP,MEITE BEN ABDOULAYE,False,2,1105,"[p.34] 201 KANI, COMMUNE ET SOUS-PREFECTURE | RHDP | MEITE BEN ABDOULAYE | 2530 voix | 33.83%"
201,4,302,4.04,False,34,567.6,INDEPENDANT,LADJI MEITE,INDEPENDANT,LADJI MEITE,False,3,1106,"[p.34] 201 KANI, COMMUNE ET SOUS-PREFECTURE | INDEPENDANT | LADJI MEITE | 302 voix | 4.04%"
202,1,6519,68.56,True,34,586.9,RHDP,DIOMANDE MAMADOU,RHDP,DIOMANDE MAMADOU,False,1,1107,"[p.34] 202 B O BI -D I A R A B A N A , C O M M U N E E T SOUS-PREFECTURE, S EG U E L A , S O U S -P R EF E C T U R E | RHDP | DIOMANDE MAMADOU | 6519 voix | 68.56% | ELU(E)"
202,2,2567,27.0,False,34,606.4,INDEPENDANT,FOFANA VATIECOUMBA,INDEPENDANT,FOFANA VATIECOUMBA,False,2,1108,"[p.34] 202 B O BI -D I A R A B A N A , C O M M U N E E T SOUS-PREFECTURE, S EG U E L A , S O U S -P R EF E C T U R E | INDEPENDANT | FOFANA VATIECOUMBA | 2567 voix | 27.00%"
202,3,309,3.25,False,34,625.5,INDEPENDANT,FOFANA LOSSENI,INDEPENDANT,FOFANA LOSSENI,False,3,1109,"[p.34] 202 B O BI -D I A R A B A N A , C O M M U N E E T SOUS-PREFECTURE, S EG U E L A , S O U S -P R EF E C T U R E | INDEPENDANT | FOFANA LOSSENI | 309 voix | 3.25%"
203,1,357,5.01,False,34,644.9,INDEPENDANT,SOUMAHORO ADAMA,INDEPENDANT,SOUMAHORO ADAMA,False,4,1110,"[p.34] 203 SEGUELA, COMMUNE | INDEPENDANT | SOUMAHORO ADAMA | 357 voix | 5.01%"
203,2,1214,17.05,False,34,664.4,INDEPENDANT,MOUSTAPHA FALL,INDEPENDANT,MOUSTAPHA FALL,False,3,1111,"[p.34] 203 SEGUELA, COMMUNE | INDEPENDANT | MOUSTAPHA FALL | 1214 voix | 17.05%"
203,3,3038,42.66,True,34,683.7,RHDP,TIMITE SAHINDOU,RHDP,TIMITE SAHINDOU,False,1,1112,"[p.34] 203 SEGUELA, COMMUNE | RHDP | TIMITE SAHINDOU | 3038 voix | 42.66% | ELU(E)"
203,4,123,1.73,False,34,703.0,INDEPENDANT,KEITA LASSINA,INDEPENDANT,KEITA LASSINA,False,6,1113,"[p.34] 203 SEGUELA, COMMUNE | INDEPENDANT | KEITA LASSINA | 123 voix | 1.73%"
203,5,2023,28.41,False,34,722.3,INDEPENDANT,FOFANA GAOUSSOU,INDEPENDANT,FOFANA GAOUSSOU,False,2,1114,"[p.34] 203 SEGUELA, COMMUNE | INDEPENDANT | FOFANA GAOUSSOU | 2023 voix | 28.41%"
203,6,195,2.74,False,34,741.5,PDCI-RDA,ALI BAKAYOKO,PDCIRDA,ALI BAKAYOKO,False,5,1115,"[p.34] 203 SEGUELA, COMMUNE | PDCI-RDA | ALI BAKAYOKO | 195 voix | 2.74%"
204,1,2392,33.0,False,35,65.2,INDEPENDANT,DOSSO ABOUBACAR SIDIKY,INDEPENDANT,DOSSO ABOUBACAR SIDIKY,False,2,1116,"[p.35] 204 DUALLA ET MASSALA, COMMUNES ET SOUS-PREFECTURES | INDEPENDANT | DOSSO ABOUBACAR SIDIKY | 2392 voix | 33.00%"
204,2,2076,28.64,False,35,84.7,INDEPENDANT,COULIBALY METOBA,INDEPENDANT,COULIBALY METOBA,False,3,1117,"[p.35] 204 DUALLA ET MASSALA, COMMUNES ET SOUS-PREFECTURES | INDEPENDANT | COULIBALY METOBA | 2076 voix | 28.64%"
204,3,2545,35.11,True,35,104.0,RHDP,DOSSO MAMADOU,RHDP,DOSSO MAMADOU,False,1,1118,"[p.35] 204 DUALLA ET MASSALA, COMMUNES ET SOUS-PREFECTURES | RHDP | DOSSO MAMADOU | 2545 voix | 35.11% | ELU(E)"
204,4,7,0.1,False,35,123.3,INDEPENDANT,KONE NEDJON,INDEPENDANT,KONE NEDJON,False,5,1119,"[p.35] 204 DUALLA ET MASSALA, COMMUNES ET SOUS-PREFECTURES | INDEPENDANT | KONE NEDJON | 7 voix | 0.10%"
204,5,173,2.39,False,35,142.5,INDEPENDANT,SOUMAHORO MOUSSA OUMAR,INDEPENDANT,SOUMAHORO MOUSSA OUMAR,False,4,1120,"[p.35] 204 DUALLA ET MASSALA, COMMUNES ET SOUS-PREFECTURES | INDEPENDANT | SOUMAHORO MOUSSA OUMAR | 173 voix | 2.39%"
205,1,11233,88.64,True,35,161.8,RHDP,MEITE ABOULAYE,RHDP,MEITE ABOULAYE,False,1,1121,"[p.35] 205 KAMALO, SIFIE ET WOROFLA, COMMUNES ET SOUS-PREFECTURES | RHDP | MEITE ABOULAYE | 11233 voix | 88.64% | ELU(E)"
205,2,46,0.36,False,35,181.3,INDEPENDANT,KONE LOSSENI,INDEPENDANT,KONE LOSSENI,False,5,1122,"[p.35] 205 KAMALO, SIFIE ET WOROFLA, COMMUNES ET SOUS-PREFECTURES | INDEPENDANT | KONE LOSSENI | 46 voix | 0.36%"
205,3,646,5.1,False,35,200.6,INDEPENDANT,TRAORE SEKOU,INDEPENDANT,TRAORE SEKOU,False,2,1123,"[p.35] 205 KAMALO, SIFIE ET WOROFLA, COMMUNES ET SOUS-PREFECTURES | INDEPENDANT | TRAORE SEKOU | 646 voix | 5.10%"
205,4,175,1.38,False,35,219.9,RDP,FOFANA SIAKA,RDP,FOFANA SIAKA,False,4,1124,"[p.35] 205 KAMALO, SIFIE ET WOROFLA, COMMUNES ET SOUS-PREFECTURES | RDP | FOFANA SIAKA | 175 voix | 1.38%"
205,5,408,3.22,False,35,239.1,PDCI-RDA,TRAORE MATAGALY KARIDJA,PDCIRDA,TRAORE MATAGALY KARIDJA,False,3,1125,"[p.35] 205 KAMALO, SIFIE ET WOROFLA, COMMUNES ET SOUS-PREFECTURES | PDCI-RDA | TRAORE MATAGALY KARIDJA | 408 voix | 3.22%"
